timestamp,sj_occ,sj_cap,hc_occ,hc_cap
2026-09-12 06:14:47.782+00,0,1775,0,1228
2026-09-12 06:15:47.938+00,0,1775,0,1228
2026-09-12 06:16:48.103+00,0,1775,0,1228
2026-09-12 06:17:48.266+00,2,1775,0,1228
2026-09-12 06:18:48.440+00,2,1775,0,1228
2026-09-12 06:19:48.603+00,2,1775,0,1228
2026-09-12 06:20:48.762+00,3,1775,0,1228
2026-09-12 06:21:48.928+00,3,1775,0,1228
2026-09-12 06:22:49.116+00,3,1775,0,1228
2026-09-12 06:23:49.291+00,3,1775,0,1228
2026-09-12 06:24:49.467+00,3,1775,0,1228
2026-09-12 06:25:49.646+00,3,1775,0,1228
2026-09-12 06:26:49.805+00,3,1775,0,1228
2026-09-12 06:27:50.004+00,3,1775,0,1228
2026-09-12 06:28:50.163+00,3,1775,0,1228
2026-09-12 06:29:50.347+00,3,1775,0,1228
2026-09-12 06:30:50.570+00,3,1775,0,1228
2026-09-12 06:31:50.758+00,3,1775,0,1228
2026-09-12 06:32:50.925+00,3,1775,0,1228
2026-09-12 06:33:51.075+00,3,1775,0,1228
2026-09-12 06:34:51.226+00,3,1775,0,1228
2026-09-12 06:35:51.372+00,3,1775,0,1228
2026-09-12 06:36:51.539+00,3,1775,0,1228
2026-09-12 06:37:51.688+00,3,1775,0,1228
2026-09-12 06:38:51.866+00,3,1775,0,1228
2026-09-12 06:39:52.041+00,3,1775,0,1228
2026-09-12 06:40:52.204+00,3,1775,0,1228
2026-09-12 06:41:52.425+00,3,1775,0,1228
2026-09-12 06:42:52.608+00,3,1775,0,1228
2026-09-12 06:43:52.819+00,3,1775,0,1228
2026-09-12 06:44:52.979+00,3,1775,0,1228
2026-09-12 06:45:53.124+00,3,1775,0,1228
2026-09-12 06:46:53.234+00,3,1775,0,1228
2026-09-12 06:47:53.393+00,3,1775,0,1228
2026-09-12 06:48:53.553+00,3,1775,0,1228
2026-09-12 06:49:53.703+00,3,1775,0,1228
2026-09-12 06:50:53.877+00,3,1775,0,1228
2026-09-12 06:51:54.053+00,3,1775,0,1228
2026-09-12 06:52:54.221+00,3,1775,0,1228
2026-09-12 06:53:54.372+00,3,1775,0,1228
2026-09-12 06:54:54.517+00,3,1775,0,1228
2026-09-12 06:55:54.664+00,3,1775,0,1228
2026-09-12 06:56:54.822+00,3,1775,0,1228
2026-09-12 06:57:54.975+00,3,1775,0,1228
2026-09-12 06:58:55.140+00,3,1775,0,1228
2026-09-12 06:59:55.300+00,3,1775,0,1228
2026-09-12 07:00:55.470+00,3,1775,0,1228
2026-09-12 07:01:55.667+00,3,1775,0,1228
2026-09-12 07:02:55.840+00,3,1775,0,1228
2026-09-12 07:03:56.013+00,3,1775,0,1228
2026-09-12 07:04:56.180+00,3,1775,0,1228
2026-09-12 07:05:56.344+00,3,1775,0,1228
2026-09-12 07:06:56.509+00,3,1775,0,1228
2026-09-12 07:07:56.682+00,2,1775,0,1228
2026-09-12 07:08:56.848+00,3,1775,0,1228
2026-09-12 07:09:57.010+00,3,1775,0,1228
2026-09-12 07:10:57.163+00,3,1775,0,1228
2026-09-12 07:11:57.316+00,3,1775,0,1228
2026-09-12 07:12:57.507+00,3,1775,0,1228
2026-09-12 07:13:57.706+00,3,1775,0,1228
2026-09-12 07:14:57.881+00,3,1775,0,1228
2026-09-12 07:15:58.031+00,3,1775,0,1228
2026-09-12 07:16:58.182+00,3,1775,0,1228
2026-09-12 07:17:58.363+00,3,1775,0,1228
2026-09-12 07:18:58.516+00,3,1775,0,1228
2026-09-12 07:19:58.668+00,3,1775,0,1228
2026-09-12 07:20:58.814+00,3,1775,0,1228
2026-09-12 07:21:58.982+00,3,1775,0,1228
2026-09-12 07:22:59.142+00,3,1775,0,1228
2026-09-12 07:23:59.311+00,3,1775,0,1228
2026-09-12 07:24:59.471+00,3,1775,0,1228
2026-09-12 07:25:59.636+00,2,1775,0,1228
2026-09-12 07:26:59.785+00,2,1775,0,1228
2026-09-12 07:27:59.973+00,2,1775,0,1228
2026-09-12 07:29:00.157+00,2,1775,0,1228
2026-09-12 07:30:00.314+00,2,1775,0,1228
2026-09-12 07:31:00.484+00,3,1775,0,1228
2026-09-12 07:32:00.651+00,3,1775,0,1228
2026-09-12 07:33:00.836+00,3,1775,0,1228
2026-09-12 07:34:01.001+00,3,1775,0,1228
2026-09-12 07:35:01.165+00,3,1775,0,1228
2026-09-12 07:36:01.324+00,3,1775,0,1228
2026-09-12 07:37:01.469+00,3,1775,0,1228
2026-09-12 07:38:01.644+00,3,1775,0,1228
2026-09-12 07:39:01.798+00,3,1775,0,1228
2026-09-12 07:40:01.958+00,3,1775,0,1228
2026-09-12 07:41:02.113+00,3,1775,0,1228
2026-09-12 07:42:02.270+00,3,1775,0,1228
2026-09-12 07:43:02.443+00,3,1775,0,1228
2026-09-12 07:44:02.596+00,3,1775,0,1228
2026-09-12 07:45:02.764+00,3,1775,0,1228
2026-09-12 07:46:02.931+00,3,1775,0,1228
2026-09-12 07:47:03.081+00,3,1775,0,1228
2026-09-12 07:48:03.247+00,3,1775,0,1228
2026-09-12 07:49:03.414+00,3,1775,0,1228
2026-09-12 07:50:03.562+00,3,1775,0,1228
2026-09-12 07:51:03.716+00,3,1775,0,1228
2026-09-12 07:52:03.878+00,3,1775,0,1228
2026-09-12 07:53:04.078+00,3,1775,0,1228
2026-09-12 07:54:04.251+00,3,1775,0,1228
2026-09-12 07:55:04.427+00,3,1775,0,1228
2026-09-12 07:56:04.587+00,3,1775,-1,1228
2026-09-12 07:57:04.787+00,3,1775,-1,1228
2026-09-12 07:58:04.977+00,3,1775,0,1228
2026-09-12 07:59:05.205+00,3,1775,0,1228
2026-09-12 08:00:05.407+00,4,1775,0,1228
2026-09-12 08:01:05.582+00,4,1775,0,1228
2026-09-12 08:02:05.770+00,4,1775,0,1228
2026-09-12 08:03:05.949+00,4,1775,0,1228
2026-09-12 08:04:06.098+00,4,1775,0,1228
2026-09-12 08:05:06.261+00,4,1775,0,1228
2026-09-12 08:06:06.428+00,4,1775,0,1228
2026-09-12 08:07:06.572+00,5,1775,0,1228
2026-09-12 08:08:06.733+00,5,1775,0,1228
2026-09-12 08:09:06.905+00,5,1775,0,1228
2026-09-12 08:10:07.069+00,5,1775,0,1228
2026-09-12 08:11:07.248+00,5,1775,0,1228
2026-09-12 08:12:07.421+00,5,1775,0,1228
2026-09-12 08:13:07.616+00,5,1775,0,1228
2026-09-12 08:14:07.798+00,5,1775,0,1228
2026-09-12 08:15:07.954+00,6,1775,0,1228
2026-09-12 08:16:08.107+00,7,1775,0,1228
2026-09-12 08:17:08.239+00,7,1775,0,1228
2026-09-12 08:18:08.394+00,7,1775,0,1228
2026-09-12 08:19:08.663+00,7,1775,0,1228
2026-09-12 08:20:08.851+00,7,1775,0,1228
2026-09-12 08:21:09.106+00,7,1775,0,1228
2026-09-12 08:22:09.310+00,7,1775,0,1228
2026-09-12 08:23:09.486+00,7,1775,0,1228
2026-09-12 08:24:09.654+00,7,1775,0,1228
2026-09-12 08:25:09.849+00,7,1775,0,1228
2026-09-12 08:26:10.012+00,7,1775,0,1228
2026-09-12 08:27:10.179+00,7,1775,0,1228
2026-09-12 08:28:10.384+00,7,1775,0,1228
2026-09-12 08:29:10.555+00,7,1775,0,1228
2026-09-12 08:30:10.718+00,7,1775,0,1228
2026-09-12 08:31:10.922+00,7,1775,0,1228
2026-09-12 08:32:11.157+00,7,1775,0,1228
2026-09-12 08:33:11.329+00,7,1775,0,1228
2026-09-12 08:34:11.521+00,7,1775,0,1228
2026-09-12 08:35:11.690+00,7,1775,0,1228
2026-09-12 08:36:11.869+00,7,1775,0,1228
2026-09-12 08:37:12.057+00,7,1775,0,1228
2026-09-12 08:38:12.227+00,7,1775,0,1228
2026-09-12 08:39:12.395+00,7,1775,0,1228
2026-09-12 08:40:12.559+00,7,1775,0,1228
2026-09-12 08:41:12.729+00,7,1775,0,1228
2026-09-12 08:42:12.907+00,7,1775,0,1228
2026-09-12 08:43:13.087+00,7,1775,0,1228
2026-09-12 08:44:13.265+00,7,1775,0,1228
2026-09-12 08:45:13.498+00,7,1775,0,1228
2026-09-12 08:46:13.679+00,7,1775,0,1228
2026-09-12 08:47:13.841+00,8,1775,0,1228
2026-09-12 08:48:14.017+00,8,1775,0,1228
2026-09-12 08:49:14.185+00,8,1775,0,1228
2026-09-12 08:50:14.366+00,8,1775,0,1228
2026-09-12 08:51:14.528+00,8,1775,0,1228
2026-09-12 08:52:14.704+00,8,1775,0,1228
2026-09-12 08:53:14.869+00,8,1775,0,1228
2026-09-12 08:54:15.037+00,8,1775,0,1228
2026-09-12 08:55:15.204+00,8,1775,0,1228
2026-09-12 08:56:15.369+00,8,1775,0,1228
2026-09-12 08:57:15.528+00,8,1775,-1,1228
2026-09-12 08:58:15.695+00,8,1775,0,1228
2026-09-12 08:59:15.875+00,8,1775,1,1228
2026-09-12 09:00:16.032+00,8,1775,1,1228
2026-09-12 09:01:16.190+00,11,1775,2,1228
2026-09-12 09:02:16.354+00,11,1775,2,1228
2026-09-12 09:03:16.534+00,11,1775,2,1228
2026-09-12 09:04:16.701+00,11,1775,3,1228
2026-09-12 09:05:16.863+00,11,1775,3,1228
2026-09-12 09:06:17.027+00,12,1775,3,1228
2026-09-12 09:07:17.209+00,13,1775,4,1228
2026-09-12 09:08:17.380+00,13,1775,5,1228
2026-09-12 09:09:17.574+00,13,1775,5,1228
2026-09-12 09:10:17.755+00,13,1775,5,1228
2026-09-12 09:11:17.930+00,13,1775,5,1228
2026-09-12 09:12:18.101+00,13,1775,5,1228
2026-09-12 09:13:18.272+00,15,1775,5,1228
2026-09-12 09:14:18.413+00,15,1775,5,1228
2026-09-12 09:15:18.580+00,15,1775,5,1228
2026-09-12 09:16:18.736+00,16,1775,5,1228
2026-09-12 09:17:18.923+00,16,1775,7,1228
2026-09-12 09:18:19.109+00,16,1775,7,1228
2026-09-12 09:19:19.283+00,16,1775,7,1228
2026-09-12 09:20:19.449+00,16,1775,7,1228
2026-09-12 09:21:19.629+00,16,1775,7,1228
2026-09-12 09:22:19.789+00,16,1775,7,1228
2026-09-12 09:23:19.937+00,16,1775,8,1228
2026-09-12 09:24:20.092+00,16,1775,8,1228
2026-09-12 09:25:20.245+00,16,1775,8,1228
2026-09-12 09:26:20.403+00,16,1775,8,1228
2026-09-12 09:27:20.568+00,16,1775,8,1228
2026-09-12 09:28:20.739+00,16,1775,8,1228
2026-09-12 09:29:20.884+00,17,1775,8,1228
2026-09-12 09:30:21.045+00,17,1775,8,1228
2026-09-12 09:31:21.228+00,17,1775,8,1228
2026-09-12 09:32:21.381+00,17,1775,8,1228
2026-09-12 09:33:21.528+00,17,1775,8,1228
2026-09-12 09:34:21.667+00,17,1775,8,1228
2026-09-12 09:35:21.814+00,17,1775,9,1228
2026-09-12 09:36:21.981+00,17,1775,8,1228
2026-09-12 09:37:22.160+00,17,1775,8,1228
2026-09-12 09:38:22.355+00,17,1775,8,1228
2026-09-12 09:39:22.549+00,16,1775,8,1228
2026-09-12 09:40:22.735+00,16,1775,8,1228
2026-09-12 09:41:22.906+00,16,1775,9,1228
2026-09-12 09:42:23.070+00,16,1775,10,1228
2026-09-12 09:43:23.244+00,16,1775,11,1228
2026-09-12 09:44:23.437+00,17,1775,13,1228
2026-09-12 09:45:23.608+00,18,1775,13,1228
2026-09-12 09:46:23.778+00,18,1775,13,1228
2026-09-12 09:47:23.931+00,18,1775,13,1228
2026-09-12 09:48:24.098+00,18,1775,13,1228
2026-09-12 09:49:24.285+00,18,1775,13,1228
2026-09-12 09:50:24.436+00,19,1775,13,1228
2026-09-12 09:51:24.596+00,19,1775,14,1228
2026-09-12 09:52:24.753+00,19,1775,14,1228
2026-09-12 09:53:24.924+00,19,1775,15,1228
2026-09-12 09:54:25.120+00,19,1775,16,1228
2026-09-12 09:55:25.296+00,19,1775,17,1228
2026-09-12 09:56:25.451+00,19,1775,17,1228
2026-09-12 09:57:25.611+00,18,1775,17,1228
2026-09-12 09:58:25.776+00,18,1775,17,1228
2026-09-12 09:59:25.947+00,17,1775,17,1228
2026-09-12 10:00:26.112+00,17,1775,17,1228
2026-09-12 10:01:26.272+00,17,1775,18,1228
2026-09-12 10:02:26.494+00,17,1775,18,1228
2026-09-12 10:03:26.693+00,17,1775,18,1228
2026-09-12 10:04:26.901+00,17,1775,18,1228
2026-09-12 10:05:27.071+00,17,1775,18,1228
2026-09-12 10:06:27.219+00,17,1775,18,1228
2026-09-12 10:07:27.373+00,17,1775,18,1228
2026-09-12 10:08:27.599+00,19,1775,19,1228
2026-09-12 10:09:27.806+00,19,1775,19,1228
2026-09-12 10:10:27.963+00,19,1775,19,1228
2026-09-12 10:11:28.127+00,19,1775,19,1228
2026-09-12 10:12:28.290+00,20,1775,19,1228
2026-09-12 10:13:28.469+00,21,1775,19,1228
2026-09-12 10:14:28.625+00,21,1775,20,1228
2026-09-12 10:15:28.783+00,22,1775,21,1228
2026-09-12 10:16:28.958+00,21,1775,21,1228
2026-09-12 10:17:29.108+00,21,1775,21,1228
2026-09-12 10:18:29.260+00,21,1775,21,1228
2026-09-12 10:19:29.401+00,21,1775,21,1228
2026-09-12 10:20:29.556+00,21,1775,21,1228
2026-09-12 10:21:29.716+00,21,1775,21,1228
2026-09-12 10:22:30.203+00,21,1775,22,1228
2026-09-12 10:23:30.404+00,21,1775,22,1228
2026-09-12 10:24:30.590+00,21,1775,23,1228
2026-09-12 10:25:30.780+00,21,1775,22,1228
2026-09-12 10:26:30.957+00,21,1775,22,1228
2026-09-12 10:27:31.136+00,21,1775,22,1228
2026-09-12 10:28:31.334+00,21,1775,22,1228
2026-09-12 10:29:31.529+00,21,1775,23,1228
2026-09-12 10:30:31.689+00,21,1775,23,1228
2026-09-12 10:31:31.885+00,21,1775,24,1228
2026-09-12 10:32:32.047+00,20,1775,23,1228
2026-09-12 10:33:32.202+00,22,1775,23,1228
2026-09-12 10:34:32.334+00,23,1775,23,1228
2026-09-12 10:35:32.496+00,23,1775,23,1228
2026-09-12 10:36:32.667+00,24,1775,23,1228
2026-09-12 10:37:32.844+00,23,1775,22,1228
2026-09-12 10:38:33.010+00,23,1775,22,1228
2026-09-12 10:39:33.409+00,23,1775,22,1228
2026-09-12 10:40:33.581+00,23,1775,22,1228
2026-09-12 10:41:33.748+00,23,1775,22,1228
2026-09-12 10:42:33.905+00,23,1775,22,1228
2026-09-12 10:43:34.110+00,23,1775,22,1228
2026-09-12 10:44:34.266+00,24,1775,23,1228
2026-09-12 10:45:34.439+00,25,1775,24,1228
2026-09-12 10:46:34.841+00,24,1775,24,1228
2026-09-12 10:47:35.028+00,24,1775,24,1228
2026-09-12 10:48:35.194+00,25,1775,24,1228
2026-09-12 10:49:35.351+00,25,1775,24,1228
2026-09-12 10:50:35.520+00,25,1775,24,1228
2026-09-12 10:51:35.687+00,25,1775,24,1228
2026-09-12 10:52:35.853+00,25,1775,24,1228
2026-09-12 10:53:36.016+00,25,1775,24,1228
2026-09-12 10:54:36.191+00,26,1775,25,1228
2026-09-12 10:55:38.643+00,26,1775,25,1228
2026-09-12 10:56:38.803+00,26,1775,25,1228
2026-09-12 10:57:38.981+00,26,1775,27,1228
2026-09-12 10:58:39.346+00,26,1775,27,1228
2026-09-12 10:59:39.549+00,26,1775,26,1228
2026-09-12 11:00:39.733+00,26,1775,26,1228
2026-09-12 11:01:39.910+00,27,1775,26,1228
2026-09-12 11:02:40.077+00,27,1775,26,1228
2026-09-12 11:03:40.251+00,27,1775,26,1228
2026-09-12 11:04:40.427+00,27,1775,26,1228
2026-09-12 11:05:40.623+00,27,1775,26,1228
2026-09-12 11:06:40.789+00,27,1775,26,1228
2026-09-12 11:07:40.953+00,27,1775,26,1228
2026-09-12 11:08:41.124+00,28,1775,26,1228
2026-09-12 11:09:41.292+00,28,1775,27,1228
2026-09-12 11:10:41.466+00,28,1775,29,1228
2026-09-12 11:11:41.648+00,28,1775,29,1228
2026-09-12 11:12:41.818+00,28,1775,29,1228
2026-09-12 11:13:41.996+00,28,1775,28,1228
2026-09-12 11:14:42.178+00,28,1775,28,1228
2026-09-12 11:15:42.349+00,28,1775,28,1228
2026-09-12 11:16:42.515+00,30,1775,28,1228
2026-09-12 11:17:42.686+00,30,1775,28,1228
2026-09-12 11:18:42.843+00,30,1775,28,1228
2026-09-12 11:19:43.002+00,30,1775,28,1228
2026-09-12 11:20:43.173+00,28,1775,28,1228
2026-09-12 11:21:43.331+00,28,1775,27,1228
2026-09-12 11:22:43.498+00,28,1775,27,1228
2026-09-12 11:23:43.683+00,28,1775,27,1228
2026-09-12 11:24:43.863+00,28,1775,28,1228
2026-09-12 11:25:44.022+00,29,1775,28,1228
2026-09-12 11:26:44.210+00,30,1775,31,1228
2026-09-12 11:27:44.377+00,31,1775,31,1228
2026-09-12 11:28:44.556+00,31,1775,31,1228
2026-09-12 11:29:44.732+00,31,1775,31,1228
2026-09-12 11:30:44.906+00,31,1775,31,1228
2026-09-12 11:31:45.077+00,33,1775,31,1228
2026-09-12 11:32:45.237+00,33,1775,31,1228
2026-09-12 11:33:45.430+00,33,1775,31,1228
2026-09-12 11:34:45.624+00,33,1775,30,1228
2026-09-12 11:35:45.802+00,32,1775,30,1228
2026-09-12 11:36:45.972+00,31,1775,30,1228
2026-09-12 11:37:46.192+00,31,1775,30,1228
2026-09-12 11:38:46.378+00,31,1775,31,1228
2026-09-12 11:39:46.557+00,31,1775,32,1228
2026-09-12 11:40:46.751+00,31,1775,32,1228
2026-09-12 11:41:46.929+00,31,1775,32,1228
2026-09-12 11:42:47.103+00,31,1775,32,1228
2026-09-12 11:43:47.264+00,32,1775,33,1228
2026-09-12 11:44:47.413+00,32,1775,34,1228
2026-09-12 11:45:47.575+00,33,1775,34,1228
2026-09-12 11:46:47.774+00,33,1775,34,1228
2026-09-12 11:47:48.002+00,33,1775,34,1228
2026-09-12 11:48:48.190+00,33,1775,34,1228
2026-09-12 11:49:48.348+00,33,1775,35,1228
2026-09-12 11:50:48.499+00,33,1775,35,1228
2026-09-12 11:51:48.656+00,33,1775,35,1228
2026-09-12 11:52:48.818+00,34,1775,36,1228
2026-09-12 11:53:48.975+00,33,1775,35,1228
2026-09-12 11:54:49.140+00,33,1775,35,1228
2026-09-12 11:55:49.291+00,33,1775,35,1228
2026-09-12 11:56:49.439+00,34,1775,35,1228
2026-09-12 11:57:49.587+00,34,1775,35,1228
2026-09-12 11:58:49.744+00,36,1775,35,1228
2026-09-12 11:59:49.923+00,35,1775,35,1228
2026-09-12 12:00:50.079+00,35,1775,35,1228
2026-09-12 12:01:50.244+00,36,1775,35,1228
2026-09-12 12:02:50.413+00,37,1775,35,1228
2026-09-12 12:03:50.581+00,37,1775,35,1228
2026-09-12 12:04:50.764+00,36,1775,35,1228
2026-09-12 12:05:50.927+00,36,1775,35,1228
2026-09-12 12:06:51.096+00,36,1775,34,1228
2026-09-12 12:07:51.281+00,36,1775,34,1228
2026-09-12 12:08:51.464+00,36,1775,34,1228
2026-09-12 12:09:51.651+00,34,1775,34,1228
2026-09-12 12:10:51.828+00,34,1775,34,1228
2026-09-12 12:11:52.096+00,34,1775,34,1228
2026-09-12 12:12:52.255+00,36,1775,33,1228
2026-09-12 12:13:52.432+00,36,1775,33,1228
2026-09-12 12:14:52.586+00,35,1775,33,1228
2026-09-12 12:15:52.761+00,36,1775,32,1228
2026-09-12 12:16:52.938+00,35,1775,34,1228
2026-09-12 12:17:53.116+00,35,1775,35,1228
2026-09-12 12:18:53.312+00,37,1775,35,1228
2026-09-12 12:19:53.484+00,37,1775,35,1228
2026-09-12 12:20:53.654+00,37,1775,34,1228
2026-09-12 12:21:53.826+00,36,1775,34,1228
2026-09-12 12:22:53.991+00,36,1775,34,1228
2026-09-12 12:23:54.199+00,36,1775,34,1228
2026-09-12 12:24:54.543+00,36,1775,33,1228
2026-09-12 12:25:54.710+00,37,1775,34,1228
2026-09-12 12:26:54.881+00,37,1775,34,1228
2026-09-12 12:27:55.055+00,37,1775,36,1228
2026-09-12 12:28:55.297+00,38,1775,35,1228
2026-09-12 12:29:55.476+00,38,1775,36,1228
2026-09-12 12:30:55.653+00,38,1775,36,1228
2026-09-12 12:31:55.836+00,38,1775,35,1228
2026-09-12 12:32:56.046+00,38,1775,36,1228
2026-09-12 12:33:56.200+00,38,1775,36,1228
2026-09-12 12:34:56.360+00,39,1775,37,1228
2026-09-12 12:35:56.538+00,39,1775,39,1228
2026-09-12 12:36:56.747+00,39,1775,39,1228
2026-09-12 12:37:56.963+00,39,1775,39,1228
2026-09-12 12:38:57.142+00,40,1775,42,1228
2026-09-12 12:39:57.341+00,40,1775,42,1228
2026-09-12 12:40:57.516+00,42,1775,42,1228
2026-09-12 12:41:57.700+00,42,1775,42,1228
2026-09-12 12:42:57.868+00,42,1775,41,1228
2026-09-12 12:43:58.031+00,44,1775,42,1228
2026-09-12 12:44:58.215+00,44,1775,41,1228
2026-09-12 12:45:58.398+00,43,1775,42,1228
2026-09-12 12:46:58.586+00,43,1775,43,1228
2026-09-12 12:47:58.752+00,44,1775,42,1228
2026-09-12 12:48:58.902+00,44,1775,44,1228
2026-09-12 12:49:59.048+00,44,1775,41,1228
2026-09-12 12:50:59.236+00,44,1775,41,1228
2026-09-12 12:51:59.399+00,43,1775,41,1228
2026-09-12 12:52:59.591+00,43,1775,41,1228
2026-09-12 12:53:59.765+00,43,1775,41,1228
2026-09-12 12:54:59.953+00,43,1775,41,1228
2026-09-12 12:56:00.156+00,41,1775,40,1228
2026-09-12 12:57:00.334+00,41,1775,40,1228
2026-09-12 12:58:00.506+00,41,1775,41,1228
2026-09-12 12:59:00.684+00,40,1775,41,1228
2026-09-12 13:00:00.845+00,41,1775,41,1228
2026-09-12 13:01:01.017+00,42,1775,41,1228
2026-09-12 13:02:01.180+00,44,1775,41,1228
2026-09-12 13:03:01.342+00,46,1775,42,1228
2026-09-12 13:04:01.515+00,48,1775,42,1228
2026-09-12 13:05:01.717+00,48,1775,42,1228
2026-09-12 13:06:01.899+00,50,1775,42,1228
2026-09-12 13:07:02.068+00,49,1775,42,1228
2026-09-12 13:08:02.239+00,49,1775,42,1228
2026-09-12 13:09:02.388+00,49,1775,41,1228
2026-09-12 13:10:02.616+00,49,1775,41,1228
2026-09-12 13:11:02.789+00,49,1775,40,1228
2026-09-12 13:12:02.960+00,49,1775,41,1228
2026-09-12 13:13:03.181+00,50,1775,41,1228
2026-09-12 13:14:03.351+00,50,1775,41,1228
2026-09-12 13:15:03.499+00,50,1775,41,1228
2026-09-12 13:16:03.668+00,48,1775,41,1228
2026-09-12 13:17:03.831+00,47,1775,41,1228
2026-09-12 13:18:03.996+00,46,1775,41,1228
2026-09-12 13:19:04.155+00,47,1775,41,1228
2026-09-12 13:20:04.321+00,47,1775,41,1228
2026-09-12 13:21:04.478+00,48,1775,41,1228
2026-09-12 13:22:04.637+00,45,1775,42,1228
2026-09-12 13:23:04.802+00,45,1775,42,1228
2026-09-12 13:24:04.943+00,45,1775,41,1228
2026-09-12 13:25:05.109+00,45,1775,40,1228
2026-09-12 13:26:05.301+00,45,1775,40,1228
2026-09-12 13:27:05.473+00,45,1775,40,1228
2026-09-12 13:28:05.624+00,46,1775,39,1228
2026-09-12 13:29:05.954+00,47,1775,39,1228
2026-09-12 13:30:06.113+00,47,1775,40,1228
2026-09-12 13:31:06.258+00,47,1775,40,1228
2026-09-12 13:32:06.454+00,48,1775,40,1228
2026-09-12 13:33:06.645+00,46,1775,40,1228
2026-09-12 13:34:06.904+00,47,1775,41,1228
2026-09-12 13:35:07.111+00,47,1775,41,1228
2026-09-12 13:36:07.310+00,47,1775,40,1228
2026-09-12 13:37:07.500+00,47,1775,40,1228
2026-09-12 13:38:07.724+00,48,1775,41,1228
2026-09-12 13:39:07.904+00,48,1775,41,1228
2026-09-12 13:40:08.080+00,48,1775,40,1228
2026-09-12 13:41:09.857+00,48,1775,41,1228
2026-09-12 13:42:10.007+00,48,1775,40,1228
2026-09-12 13:43:10.173+00,51,1775,40,1228
2026-09-12 13:44:10.341+00,49,1775,40,1228
2026-09-12 13:45:10.614+00,49,1775,41,1228
2026-09-12 13:46:10.788+00,48,1775,43,1228
2026-09-12 13:47:10.961+00,48,1775,43,1228
2026-09-12 13:48:11.140+00,47,1775,44,1228
2026-09-12 13:49:11.331+00,47,1775,45,1228
2026-09-12 13:50:11.531+00,49,1775,44,1228
2026-09-12 13:51:11.704+00,51,1775,44,1228
2026-09-12 13:52:11.870+00,50,1775,43,1228
2026-09-12 13:53:12.048+00,50,1775,44,1228
2026-09-12 13:54:12.214+00,51,1775,44,1228
2026-09-12 13:55:12.378+00,50,1775,44,1228
2026-09-12 13:56:12.564+00,50,1775,44,1228
2026-09-12 13:57:12.794+00,51,1775,44,1228
2026-09-12 13:58:13.124+00,51,1775,45,1228
2026-09-12 13:59:13.586+00,51,1775,45,1228
2026-09-12 14:00:13.878+00,51,1775,45,1228
2026-09-12 14:01:14.394+00,51,1775,45,1228
2026-09-12 14:02:14.659+00,51,1775,45,1228
2026-09-12 14:03:15.013+00,51,1775,45,1228
2026-09-12 14:04:15.226+00,51,1775,46,1228
2026-09-12 14:05:15.413+00,50,1775,46,1228
2026-09-12 14:06:15.607+00,50,1775,46,1228
2026-09-12 14:07:15.922+00,50,1775,48,1228
2026-09-12 14:08:16.150+00,50,1775,47,1228
2026-09-12 14:09:16.383+00,50,1775,47,1228
2026-09-12 14:10:16.718+00,51,1775,47,1228
2026-09-12 14:11:16.902+00,50,1775,46,1228
2026-09-12 14:12:17.502+00,50,1775,46,1228
2026-09-12 14:13:18.236+00,50,1775,47,1228
2026-09-12 14:14:18.575+00,50,1775,47,1228
2026-09-12 14:15:19.075+00,51,1775,47,1228
2026-09-12 14:16:19.433+00,51,1775,46,1228
2026-09-12 14:17:19.714+00,52,1775,47,1228
2026-09-12 14:18:20.178+00,53,1775,48,1228
2026-09-12 14:19:21.484+00,52,1775,48,1228
2026-09-12 14:20:22.011+00,52,1775,48,1228
2026-09-12 14:21:22.374+00,52,1775,48,1228
2026-09-12 14:22:22.603+00,52,1775,48,1228
2026-09-12 14:23:22.792+00,52,1775,48,1228
2026-09-12 14:24:23.000+00,51,1775,48,1228
2026-09-12 14:25:23.359+00,51,1775,49,1228
2026-09-12 14:26:23.536+00,50,1775,49,1228
2026-09-12 14:27:23.707+00,50,1775,49,1228
2026-09-12 14:28:23.876+00,50,1775,50,1228
2026-09-12 14:29:24.073+00,50,1775,50,1228
2026-09-12 14:30:24.278+00,50,1775,50,1228
2026-09-12 14:31:24.454+00,50,1775,51,1228
2026-09-12 14:32:24.623+00,50,1775,52,1228
2026-09-12 14:33:24.893+00,50,1775,52,1228
2026-09-12 14:34:25.109+00,51,1775,52,1228
2026-09-12 14:35:25.288+00,51,1775,52,1228
2026-09-12 14:36:25.485+00,51,1775,52,1228
2026-09-12 14:37:25.677+00,51,1775,52,1228
2026-09-12 14:38:25.849+00,51,1775,52,1228
2026-09-12 14:39:26.021+00,51,1775,54,1228
2026-09-12 14:40:26.180+00,50,1775,54,1228
2026-09-12 14:41:26.374+00,48,1775,57,1228
2026-09-12 14:42:26.548+00,48,1775,58,1228
2026-09-12 14:43:26.717+00,48,1775,58,1228
2026-09-12 14:44:26.980+00,50,1775,58,1228
2026-09-12 14:45:27.145+00,52,1775,59,1228
2026-09-12 14:46:27.304+00,52,1775,59,1228
2026-09-12 14:47:27.485+00,52,1775,59,1228
2026-09-12 14:48:27.670+00,52,1775,59,1228
2026-09-12 14:49:27.948+00,52,1775,59,1228
2026-09-12 14:50:28.121+00,53,1775,58,1228
2026-09-12 14:51:28.435+00,53,1775,60,1228
2026-09-12 14:52:28.645+00,53,1775,60,1228
2026-09-12 14:53:28.968+00,53,1775,60,1228
2026-09-12 14:54:29.396+00,55,1775,58,1228
2026-09-12 14:55:29.572+00,55,1775,57,1228
2026-09-12 14:56:29.777+00,55,1775,57,1228
2026-09-12 14:57:29.951+00,55,1775,55,1228
2026-09-12 14:58:30.132+00,55,1775,53,1228
2026-09-12 14:59:30.299+00,55,1775,53,1228
2026-09-12 15:00:30.497+00,55,1775,56,1228
2026-09-12 15:01:30.687+00,55,1775,57,1228
2026-09-12 15:02:30.858+00,56,1775,57,1228
2026-09-12 15:03:31.037+00,56,1775,54,1228
2026-09-12 15:04:31.224+00,56,1775,54,1228
2026-09-12 15:05:31.376+00,55,1775,55,1228
2026-09-12 15:06:31.542+00,55,1775,55,1228
2026-09-12 15:07:31.744+00,55,1775,55,1228
2026-09-12 15:08:31.919+00,55,1775,56,1228
2026-09-12 15:09:32.101+00,55,1775,55,1228
2026-09-12 15:10:32.280+00,56,1775,55,1228
2026-09-12 15:11:32.443+00,56,1775,55,1228
2026-09-12 15:12:32.634+00,56,1775,56,1228
2026-09-12 15:13:32.833+00,55,1775,55,1228
2026-09-12 15:14:33.041+00,55,1775,55,1228
2026-09-12 15:15:33.224+00,55,1775,56,1228
2026-09-12 15:16:33.395+00,56,1775,56,1228
2026-09-12 15:17:33.559+00,56,1775,56,1228
2026-09-12 15:18:33.796+00,55,1775,57,1228
2026-09-12 15:19:34.012+00,56,1775,58,1228
2026-09-12 15:20:34.252+00,56,1775,58,1228
2026-09-12 15:21:34.463+00,56,1775,58,1228
2026-09-12 15:22:34.664+00,56,1775,58,1228
2026-09-12 15:23:34.865+00,56,1775,59,1228
2026-09-12 15:24:35.048+00,56,1775,59,1228
2026-09-12 15:25:35.250+00,54,1775,60,1228
2026-09-12 15:26:35.469+00,53,1775,60,1228
2026-09-12 15:27:35.629+00,53,1775,61,1228
2026-09-12 15:28:35.818+00,53,1775,61,1228
2026-09-12 15:29:36.030+00,54,1775,63,1228
2026-09-12 15:30:36.238+00,54,1775,63,1228
2026-09-12 15:31:36.460+00,55,1775,62,1228
2026-09-12 15:32:36.668+00,54,1775,63,1228
2026-09-12 15:33:36.830+00,54,1775,62,1228
2026-09-12 15:34:37.006+00,54,1775,62,1228
2026-09-12 15:35:37.164+00,53,1775,60,1228
2026-09-12 15:36:37.334+00,53,1775,59,1228
2026-09-12 15:37:37.522+00,52,1775,59,1228
2026-09-12 15:38:37.732+00,52,1775,59,1228
2026-09-12 15:39:37.946+00,52,1775,59,1228
2026-09-12 15:40:38.115+00,52,1775,59,1228
2026-09-12 15:41:38.287+00,52,1775,59,1228
2026-09-12 15:42:38.463+00,53,1775,61,1228
2026-09-12 15:43:38.631+00,53,1775,60,1228
2026-09-12 15:44:38.803+00,53,1775,60,1228
2026-09-12 15:45:38.977+00,53,1775,60,1228
2026-09-12 15:46:39.160+00,53,1775,60,1228
2026-09-12 15:47:39.329+00,53,1775,60,1228
2026-09-12 15:48:39.502+00,53,1775,60,1228
2026-09-12 15:49:39.918+00,53,1775,60,1228
2026-09-12 15:50:40.117+00,53,1775,60,1228
2026-09-12 15:51:40.572+00,54,1775,60,1228
2026-09-12 15:52:40.929+00,54,1775,60,1228
2026-09-12 15:53:41.275+00,54,1775,62,1228
2026-09-12 15:54:41.660+00,54,1775,63,1228
2026-09-12 15:55:42.011+00,55,1775,63,1228
2026-09-12 15:56:42.362+00,54,1775,63,1228
2026-09-12 15:57:42.727+00,53,1775,63,1228
2026-09-12 15:58:43.083+00,53,1775,62,1228
2026-09-12 15:59:43.447+00,51,1775,62,1228
2026-09-12 16:00:43.780+00,50,1775,61,1228
2026-09-12 16:01:44.109+00,50,1775,60,1228
2026-09-12 16:02:44.462+00,50,1775,60,1228
2026-09-12 16:03:44.791+00,49,1775,61,1228
2026-09-12 16:04:45.125+00,49,1775,61,1228
2026-09-12 16:05:45.554+00,49,1775,61,1228
2026-09-12 16:06:45.923+00,49,1775,61,1228
2026-09-12 16:07:46.247+00,48,1775,61,1228
2026-09-12 16:08:46.655+00,48,1775,61,1228
2026-09-12 16:09:47.041+00,48,1775,60,1228
2026-09-12 16:10:47.421+00,48,1775,60,1228
2026-09-12 16:11:47.766+00,48,1775,60,1228
2026-09-12 16:12:48.121+00,48,1775,60,1228
2026-09-12 16:13:48.452+00,48,1775,60,1228
2026-09-12 16:14:48.802+00,46,1775,60,1228
2026-09-12 16:15:49.148+00,46,1775,60,1228
2026-09-12 16:16:49.645+00,44,1775,61,1228
2026-09-12 16:17:49.981+00,44,1775,59,1228
2026-09-12 16:18:50.403+00,44,1775,60,1228
2026-09-12 16:19:50.743+00,44,1775,59,1228
2026-09-12 16:20:51.134+00,45,1775,58,1228
2026-09-12 16:21:51.478+00,45,1775,58,1228
2026-09-12 16:22:51.827+00,45,1775,58,1228
2026-09-12 16:23:52.151+00,45,1775,58,1228
2026-09-12 16:24:52.611+00,45,1775,59,1228
2026-09-12 16:25:53.158+00,44,1775,62,1228
2026-09-12 16:26:53.494+00,44,1775,63,1228
2026-09-12 16:27:53.838+00,42,1775,63,1228
2026-09-12 16:28:54.162+00,43,1775,63,1228
2026-09-12 16:29:54.462+00,42,1775,63,1228
2026-09-12 16:30:54.789+00,42,1775,62,1228
2026-09-12 16:31:55.132+00,42,1775,63,1228
2026-09-12 16:32:55.545+00,43,1775,63,1228
2026-09-12 16:33:55.898+00,43,1775,63,1228
2026-09-12 16:34:56.412+00,41,1775,62,1228
2026-09-12 16:35:56.756+00,41,1775,60,1228
2026-09-12 16:36:57.114+00,40,1775,60,1228
2026-09-12 16:37:57.452+00,40,1775,60,1228
2026-09-12 16:38:57.780+00,39,1775,59,1228
2026-09-12 16:39:58.120+00,39,1775,59,1228
2026-09-12 16:40:58.468+00,39,1775,57,1228
2026-09-12 16:41:58.805+00,39,1775,57,1228
2026-09-12 16:42:59.141+00,38,1775,57,1228
2026-09-12 16:43:59.490+00,40,1775,55,1228
2026-09-12 16:44:59.848+00,39,1775,55,1228
2026-09-12 16:46:00.180+00,39,1775,55,1228
2026-09-12 16:47:00.541+00,39,1775,56,1228
2026-09-12 16:48:00.884+00,39,1775,57,1228
2026-09-12 16:49:01.252+00,40,1775,57,1228
2026-09-12 16:50:01.566+00,40,1775,59,1228
2026-09-12 16:51:01.921+00,40,1775,58,1228
2026-09-12 16:52:02.298+00,40,1775,57,1228
2026-09-12 16:53:02.641+00,42,1775,57,1228
2026-09-12 16:54:03.026+00,41,1775,58,1228
2026-09-12 16:55:03.380+00,41,1775,59,1228
2026-09-12 16:56:03.719+00,42,1775,60,1228
2026-09-12 16:57:04.066+00,41,1775,61,1228
2026-09-12 16:58:04.575+00,40,1775,61,1228
2026-09-12 16:59:04.916+00,42,1775,61,1228
2026-09-12 17:00:05.282+00,42,1775,61,1228
2026-09-12 17:01:05.611+00,41,1775,61,1228
2026-09-12 17:02:05.926+00,40,1775,61,1228
2026-09-12 17:03:06.278+00,40,1775,61,1228
2026-09-12 17:04:06.655+00,40,1775,61,1228
2026-09-12 17:05:06.998+00,40,1775,60,1228
2026-09-12 17:06:07.470+00,38,1775,60,1228
2026-09-12 17:07:07.856+00,38,1775,61,1228
2026-09-12 17:08:08.265+00,38,1775,59,1228
2026-09-12 17:09:08.625+00,33,1775,59,1228
2026-09-12 17:10:09.030+00,33,1775,59,1228
2026-09-12 17:11:09.329+00,33,1775,59,1228
2026-09-12 17:12:09.620+00,33,1775,58,1228
2026-09-12 17:13:09.913+00,33,1775,58,1228
2026-09-12 17:14:10.229+00,33,1775,56,1228
2026-09-12 17:15:10.566+00,31,1775,56,1228
2026-09-12 17:16:10.932+00,31,1775,55,1228
2026-09-12 17:17:11.280+00,31,1775,54,1228
2026-09-12 17:18:11.620+00,31,1775,54,1228
2026-09-12 17:19:11.960+00,31,1775,54,1228
2026-09-12 17:20:12.298+00,31,1775,54,1228
2026-09-12 17:21:12.639+00,29,1775,54,1228
2026-09-12 17:22:13.419+00,29,1775,54,1228
2026-09-12 17:23:13.768+00,27,1775,54,1228
2026-09-12 17:24:14.145+00,27,1775,54,1228
2026-09-12 17:25:14.467+00,26,1775,54,1228
2026-09-12 17:26:14.861+00,26,1775,53,1228
2026-09-12 17:27:15.210+00,26,1775,53,1228
2026-09-12 17:28:15.540+00,26,1775,53,1228
2026-09-12 17:29:15.873+00,26,1775,52,1228
2026-09-12 17:30:16.226+00,26,1775,52,1228
2026-09-12 17:31:16.581+00,26,1775,52,1228
2026-09-12 17:32:16.932+00,27,1775,52,1228
2026-09-12 17:33:17.260+00,27,1775,52,1228
2026-09-12 17:34:17.562+00,27,1775,51,1228
2026-09-12 17:35:17.900+00,26,1775,51,1228
2026-09-12 17:36:18.250+00,25,1775,51,1228
2026-09-12 17:37:18.580+00,25,1775,51,1228
2026-09-12 17:38:18.999+00,24,1775,52,1228
2026-09-12 17:39:19.455+00,24,1775,51,1228
2026-09-12 17:40:19.843+00,23,1775,51,1228
2026-09-12 17:41:20.172+00,24,1775,51,1228
2026-09-12 17:42:20.498+00,23,1775,52,1228
2026-09-12 17:43:20.901+00,23,1775,52,1228
2026-09-12 17:44:21.268+00,22,1775,54,1228
2026-09-12 17:45:21.660+00,22,1775,54,1228
2026-09-12 17:46:21.997+00,22,1775,52,1228
2026-09-12 17:47:22.321+00,21,1775,51,1228
2026-09-12 17:48:22.652+00,21,1775,52,1228
2026-09-12 17:49:23.018+00,19,1775,52,1228
2026-09-12 17:50:23.357+00,19,1775,51,1228
2026-09-12 17:51:23.704+00,19,1775,51,1228
2026-09-12 17:52:24.026+00,18,1775,50,1228
2026-09-12 17:53:24.367+00,17,1775,50,1228
2026-09-12 17:54:24.695+00,14,1775,49,1228
2026-09-12 17:55:25.036+00,14,1775,48,1228
2026-09-12 17:56:25.376+00,14,1775,48,1228
2026-09-12 17:57:25.722+00,14,1775,48,1228
2026-09-12 17:58:26.065+00,13,1775,49,1228
2026-09-12 17:59:26.326+00,11,1775,49,1228
2026-09-12 18:00:26.677+00,11,1775,50,1228
2026-09-12 18:01:27.020+00,11,1775,52,1228
2026-09-12 18:02:27.357+00,11,1775,53,1228
2026-09-12 18:03:27.681+00,11,1775,53,1228
2026-09-12 18:04:28.030+00,11,1775,53,1228
2026-09-12 18:05:28.378+00,11,1775,52,1228
2026-09-12 18:06:28.725+00,11,1775,52,1228
2026-09-12 18:07:29.070+00,11,1775,52,1228
2026-09-12 18:08:29.407+00,11,1775,52,1228
2026-09-12 18:09:29.733+00,11,1775,53,1228
2026-09-12 18:10:30.079+00,11,1775,52,1228
2026-09-12 18:11:30.428+00,11,1775,53,1228
2026-09-12 18:12:30.790+00,11,1775,53,1228
2026-09-12 18:13:31.156+00,11,1775,52,1228
2026-09-12 18:14:31.501+00,11,1775,52,1228
2026-09-12 18:15:31.900+00,11,1775,52,1228
2026-09-12 18:16:32.254+00,11,1775,51,1228
2026-09-12 18:17:32.615+00,11,1775,49,1228
2026-09-12 18:18:32.956+00,11,1775,50,1228
2026-09-12 18:19:33.283+00,11,1775,50,1228
2026-09-12 18:20:33.594+00,11,1775,54,1228
2026-09-12 18:21:33.904+00,11,1775,52,1228
2026-09-12 18:22:34.212+00,11,1775,52,1228
2026-09-12 18:23:34.529+00,11,1775,52,1228
2026-09-12 18:24:34.857+00,11,1775,52,1228
2026-09-12 18:25:35.170+00,11,1775,49,1228
2026-09-12 18:26:35.492+00,11,1775,49,1228
2026-09-12 18:27:35.828+00,11,1775,49,1228
2026-09-12 18:28:36.154+00,11,1775,48,1228
2026-09-12 18:29:36.470+00,11,1775,48,1228
2026-09-12 18:30:36.780+00,11,1775,48,1228
2026-09-12 18:31:37.126+00,11,1775,48,1228
2026-09-12 18:32:37.441+00,11,1775,48,1228
2026-09-12 18:33:37.748+00,11,1775,49,1228
2026-09-12 18:34:38.066+00,11,1775,48,1228
2026-09-12 18:35:38.381+00,11,1775,48,1228
2026-09-12 18:36:38.710+00,11,1775,48,1228
2026-09-12 18:37:39.024+00,11,1775,48,1228
2026-09-12 18:38:39.359+00,11,1775,48,1228
2026-09-12 18:39:39.740+00,11,1775,46,1228
2026-09-12 18:40:40.083+00,11,1775,46,1228
2026-09-12 18:41:40.427+00,11,1775,47,1228
2026-09-12 18:42:40.741+00,11,1775,45,1228
2026-09-12 18:43:41.056+00,11,1775,47,1228
2026-09-12 18:44:41.375+00,11,1775,47,1228
2026-09-12 18:45:41.717+00,11,1775,45,1228
2026-09-12 18:46:42.066+00,11,1775,45,1228
2026-09-12 18:47:42.449+00,11,1775,45,1228
2026-09-12 18:48:42.784+00,11,1775,44,1228
2026-09-12 18:49:43.107+00,11,1775,45,1228
2026-09-12 18:50:43.458+00,11,1775,42,1228
2026-09-12 18:51:43.785+00,11,1775,42,1228
2026-09-12 18:52:44.115+00,11,1775,42,1228
2026-09-12 18:53:44.452+00,11,1775,43,1228
2026-09-12 18:54:44.773+00,11,1775,46,1228
2026-09-12 18:55:45.096+00,11,1775,46,1228
2026-09-12 18:56:45.395+00,11,1775,46,1228
2026-09-12 18:57:45.699+00,11,1775,46,1228
2026-09-12 18:58:46.014+00,11,1775,46,1228
2026-09-12 18:59:46.317+00,11,1775,47,1228
2026-09-12 19:00:46.639+00,11,1775,48,1228
2026-09-12 19:01:46.948+00,11,1775,48,1228
2026-09-12 19:02:47.250+00,11,1775,48,1228
2026-09-12 19:03:47.569+00,11,1775,48,1228
2026-09-12 19:04:47.883+00,11,1775,47,1228
2026-09-12 19:05:48.188+00,11,1775,47,1228
2026-09-12 19:06:48.525+00,11,1775,47,1228
2026-09-12 19:07:48.879+00,11,1775,47,1228
2026-09-12 19:08:49.232+00,11,1775,47,1228
2026-09-12 19:09:49.585+00,11,1775,47,1228
2026-09-12 19:10:49.945+00,11,1775,48,1228
2026-09-12 19:11:50.259+00,11,1775,48,1228
2026-09-12 19:12:50.571+00,11,1775,47,1228
2026-09-12 19:13:50.880+00,11,1775,47,1228
2026-09-12 19:14:51.200+00,11,1775,46,1228
2026-09-12 19:15:51.514+00,11,1775,47,1228
2026-09-12 19:16:51.825+00,11,1775,47,1228
2026-09-12 19:17:52.163+00,11,1775,47,1228
2026-09-12 19:18:52.491+00,11,1775,47,1228
2026-09-12 19:19:52.775+00,11,1775,46,1228
2026-09-12 19:20:53.095+00,11,1775,46,1228
2026-09-12 19:21:53.408+00,11,1775,45,1228
2026-09-12 19:22:53.713+00,11,1775,43,1228
2026-09-12 19:23:54.022+00,11,1775,44,1228
2026-09-12 19:24:54.334+00,11,1775,44,1228
2026-09-12 19:25:54.640+00,11,1775,43,1228
2026-09-12 19:26:54.978+00,11,1775,44,1228
2026-09-12 19:27:55.292+00,11,1775,44,1228
2026-09-12 19:28:55.621+00,11,1775,43,1228
2026-09-12 19:29:55.946+00,11,1775,43,1228
2026-09-12 19:30:56.292+00,11,1775,43,1228
2026-09-12 19:31:56.625+00,11,1775,43,1228
2026-09-12 19:32:56.946+00,11,1775,43,1228
2026-09-12 19:33:57.252+00,11,1775,41,1228
2026-09-12 19:34:57.537+00,11,1775,42,1228
2026-09-12 19:35:57.828+00,11,1775,42,1228
2026-09-12 19:36:58.151+00,11,1775,41,1228
2026-09-12 19:37:58.470+00,11,1775,39,1228
2026-09-12 19:38:58.864+00,11,1775,38,1228
2026-09-12 19:39:59.202+00,11,1775,37,1228
2026-09-12 19:40:59.503+00,11,1775,37,1228
2026-09-12 19:41:59.812+00,11,1775,35,1228
2026-09-12 19:43:00.130+00,11,1775,35,1228
2026-09-12 19:44:00.452+00,11,1775,34,1228
2026-09-12 19:45:00.782+00,11,1775,33,1228
2026-09-12 19:46:01.098+00,11,1775,33,1228
2026-09-12 19:47:01.402+00,11,1775,33,1228
2026-09-12 19:48:01.712+00,11,1775,35,1228
2026-09-12 19:49:02.036+00,11,1775,35,1228
2026-09-12 19:50:02.344+00,11,1775,35,1228
2026-09-12 19:51:02.677+00,11,1775,35,1228
2026-09-12 19:52:03.004+00,11,1775,34,1228
2026-09-12 19:53:03.319+00,11,1775,34,1228
2026-09-12 19:54:03.655+00,11,1775,34,1228
2026-09-12 19:55:04.024+00,11,1775,35,1228
2026-09-12 19:56:04.334+00,11,1775,36,1228
2026-09-12 19:57:04.642+00,11,1775,36,1228
2026-09-12 19:58:04.999+00,11,1775,36,1228
2026-09-12 19:59:05.327+00,11,1775,36,1228
2026-09-12 20:00:05.642+00,11,1775,35,1228
2026-09-12 20:01:05.946+00,11,1775,33,1228
2026-09-12 20:02:06.255+00,11,1775,33,1228
2026-09-12 20:03:06.570+00,11,1775,33,1228
2026-09-12 20:04:06.881+00,11,1775,32,1228
2026-09-12 20:05:07.187+00,11,1775,32,1228
2026-09-12 20:06:07.500+00,11,1775,32,1228
2026-09-12 20:07:07.798+00,11,1775,32,1228
2026-09-12 20:08:08.122+00,11,1775,30,1228
2026-09-12 20:09:08.512+00,11,1775,28,1228
2026-09-12 20:10:08.851+00,11,1775,28,1228
2026-09-12 20:11:09.164+00,11,1775,28,1228
2026-09-12 20:12:09.479+00,11,1775,27,1228
2026-09-12 20:13:09.780+00,11,1775,27,1228
2026-09-12 20:14:10.093+00,11,1775,27,1228
2026-09-12 20:15:10.400+00,11,1775,26,1228
2026-09-12 20:16:10.713+00,11,1775,26,1228
2026-09-12 20:17:11.021+00,11,1775,25,1228
2026-09-12 20:18:11.352+00,11,1775,25,1228
2026-09-12 20:19:11.688+00,11,1775,25,1228
2026-09-12 20:20:11.993+00,11,1775,23,1228
2026-09-12 20:21:12.311+00,11,1775,23,1228
2026-09-12 20:22:12.624+00,11,1775,23,1228
2026-09-12 20:23:12.926+00,11,1775,23,1228
2026-09-12 20:24:13.229+00,11,1775,23,1228
2026-09-12 20:25:13.575+00,11,1775,23,1228
2026-09-12 20:26:13.913+00,11,1775,23,1228
2026-09-12 20:27:14.223+00,11,1775,25,1228
2026-09-12 20:28:14.525+00,11,1775,25,1228
2026-09-12 20:29:14.841+00,11,1775,25,1228
2026-09-12 20:30:15.172+00,11,1775,25,1228
2026-09-12 20:31:15.496+00,11,1775,25,1228
2026-09-12 20:32:15.804+00,11,1775,25,1228
2026-09-12 20:33:16.112+00,11,1775,24,1228
2026-09-12 20:34:16.419+00,11,1775,25,1228
2026-09-12 20:35:16.739+00,11,1775,24,1228
2026-09-12 20:36:17.063+00,11,1775,22,1228
2026-09-12 20:37:17.395+00,11,1775,22,1228
2026-09-12 20:38:17.737+00,11,1775,20,1228
2026-09-12 20:39:18.079+00,11,1775,20,1228
2026-09-12 20:40:18.393+00,11,1775,19,1228
2026-09-12 20:41:18.705+00,11,1775,19,1228
2026-09-12 20:42:19.015+00,11,1775,18,1228
2026-09-12 20:43:19.421+00,11,1775,18,1228
2026-09-12 20:44:19.755+00,11,1775,17,1228
2026-09-12 20:45:20.050+00,11,1775,16,1228
2026-09-12 20:46:20.349+00,11,1775,15,1228
2026-09-12 20:47:20.686+00,11,1775,14,1228
2026-09-12 20:48:21.035+00,11,1775,14,1228
2026-09-12 20:49:21.346+00,11,1775,14,1228
2026-09-12 20:50:21.651+00,11,1775,12,1228
2026-09-12 20:51:21.971+00,11,1775,9,1228
2026-09-12 20:52:22.281+00,11,1775,6,1228
2026-09-12 20:53:22.586+00,11,1775,6,1228
2026-09-12 20:54:22.902+00,11,1775,4,1228
2026-09-12 20:55:23.215+00,11,1775,4,1228
2026-09-12 20:56:23.521+00,11,1775,4,1228
2026-09-12 20:57:23.857+00,11,1775,4,1228
2026-09-12 20:58:24.162+00,11,1775,4,1228
2026-09-12 20:59:24.476+00,11,1775,3,1228
2026-09-12 21:00:24.784+00,11,1775,3,1228
2026-09-12 21:01:25.100+00,11,1775,4,1228
2026-09-12 21:02:25.416+00,11,1775,4,1228
2026-09-12 21:03:25.717+00,11,1775,4,1228
2026-09-12 21:04:26.022+00,11,1775,4,1228
2026-09-12 21:05:26.338+00,11,1775,4,1228
2026-09-12 21:06:26.657+00,11,1775,4,1228
2026-09-12 21:07:26.970+00,11,1775,4,1228
2026-09-12 21:08:27.310+00,11,1775,4,1228
2026-09-12 21:09:27.688+00,11,1775,4,1228
2026-09-12 21:10:28.084+00,11,1775,4,1228
2026-09-12 21:11:28.399+00,11,1775,4,1228
2026-09-12 21:12:28.715+00,11,1775,4,1228
2026-09-12 21:13:29.013+00,11,1775,4,1228
2026-09-12 21:14:29.331+00,11,1775,4,1228
2026-09-12 21:15:29.679+00,11,1775,4,1228
2026-09-12 21:16:29.989+00,11,1775,4,1228
2026-09-12 21:17:30.309+00,11,1775,4,1228
2026-09-12 21:18:30.667+00,11,1775,4,1228
2026-09-12 21:19:31.004+00,11,1775,4,1228
2026-09-12 21:20:31.318+00,11,1775,4,1228
2026-09-12 21:21:31.640+00,11,1775,4,1228
2026-09-12 21:22:31.958+00,11,1775,4,1228
2026-09-12 21:23:32.262+00,11,1775,4,1228
2026-09-12 21:24:32.569+00,11,1775,4,1228
2026-09-12 21:25:32.875+00,11,1775,4,1228
2026-09-12 21:26:33.180+00,11,1775,4,1228
2026-09-12 21:27:33.500+00,11,1775,4,1228
2026-09-12 21:28:33.820+00,11,1775,4,1228
2026-09-12 21:29:34.152+00,11,1775,4,1228
2026-09-12 21:30:34.498+00,11,1775,4,1228
2026-09-12 21:31:34.896+00,11,1775,4,1228
2026-09-12 21:32:35.197+00,11,1775,4,1228
2026-09-12 21:33:35.511+00,11,1775,4,1228
2026-09-12 21:34:35.820+00,11,1775,4,1228
2026-09-12 21:35:36.191+00,11,1775,4,1228
2026-09-12 21:36:36.503+00,11,1775,4,1228
2026-09-12 21:37:36.811+00,11,1775,4,1228
2026-09-12 21:38:37.140+00,11,1775,4,1228
2026-09-12 21:39:37.605+00,11,1775,4,1228
2026-09-12 21:40:37.996+00,11,1775,4,1228
2026-09-12 21:41:38.361+00,11,1775,4,1228
2026-09-12 21:42:38.697+00,11,1775,4,1228
2026-09-12 21:43:39.015+00,11,1775,4,1228
2026-09-12 21:44:39.330+00,11,1775,4,1228
2026-09-12 21:45:39.647+00,11,1775,4,1228
2026-09-12 21:46:39.982+00,11,1775,4,1228
2026-09-12 21:47:40.327+00,11,1775,4,1228
2026-09-12 21:48:40.646+00,11,1775,4,1228
2026-09-12 21:49:40.975+00,11,1775,4,1228
2026-09-12 21:50:41.291+00,11,1775,4,1228
2026-09-12 21:51:41.601+00,11,1775,4,1228
2026-09-12 21:52:41.909+00,11,1775,4,1228
2026-09-12 21:53:42.224+00,11,1775,4,1228
2026-09-12 21:54:42.539+00,11,1775,4,1228
2026-09-12 21:55:42.868+00,11,1775,4,1228
2026-09-12 21:56:43.182+00,11,1775,4,1228
2026-09-12 21:57:43.515+00,11,1775,4,1228
2026-09-12 21:58:43.864+00,11,1775,4,1228
2026-09-12 21:59:44.204+00,11,1775,4,1228
2026-09-12 22:00:44.514+00,11,1775,4,1228
2026-09-12 22:01:44.820+00,11,1775,4,1228
2026-09-12 22:02:45.121+00,11,1775,4,1228
2026-09-12 22:03:45.424+00,11,1775,4,1228
2026-09-12 22:04:45.725+00,11,1775,4,1228
2026-09-12 22:05:46.063+00,11,1775,4,1228
2026-09-12 22:06:46.375+00,11,1775,4,1228
2026-09-12 22:07:46.685+00,11,1775,4,1228
2026-09-12 22:08:47.037+00,11,1775,4,1228
2026-09-12 22:09:47.373+00,11,1775,4,1228
2026-09-12 22:10:47.721+00,11,1775,4,1228
2026-09-12 22:11:48.033+00,11,1775,4,1228
2026-09-12 22:12:48.340+00,11,1775,4,1228
2026-09-12 22:13:48.661+00,11,1775,4,1228
2026-09-12 22:14:48.897+00,11,1775,4,1228
2026-09-12 22:15:49.249+00,11,1775,4,1228
2026-09-12 22:16:49.589+00,11,1775,4,1228
2026-09-12 22:17:49.938+00,11,1775,4,1228
2026-09-12 22:18:50.296+00,11,1775,4,1228
2026-09-12 22:19:50.626+00,11,1775,4,1228
2026-09-12 22:20:50.924+00,11,1775,4,1228
2026-09-12 22:21:51.222+00,11,1775,4,1228
2026-09-12 22:22:51.555+00,11,1775,4,1228
2026-09-12 22:23:51.859+00,11,1775,4,1228
2026-09-12 22:24:52.176+00,11,1775,4,1228
2026-09-12 22:25:52.533+00,11,1775,4,1228
2026-09-12 22:26:52.908+00,11,1775,4,1228
2026-09-12 22:27:53.250+00,11,1775,4,1228
2026-09-12 22:28:53.564+00,11,1775,4,1228
2026-09-12 22:29:53.958+00,11,1775,4,1228
2026-09-12 22:30:54.284+00,11,1775,4,1228
2026-09-12 22:31:54.611+00,11,1775,4,1228
2026-09-12 22:32:54.924+00,11,1775,4,1228
2026-09-12 22:33:55.230+00,11,1775,4,1228
2026-09-12 22:34:55.567+00,11,1775,4,1228
2026-09-12 22:35:55.873+00,11,1775,4,1228
2026-09-12 22:36:56.296+00,11,1775,4,1228
2026-09-12 22:37:56.660+00,11,1775,4,1228
2026-09-12 22:38:57.002+00,11,1775,4,1228
2026-09-12 22:39:57.347+00,11,1775,4,1228
2026-09-12 22:40:57.746+00,11,1775,4,1228
2026-09-12 22:41:58.070+00,11,1775,4,1228
2026-09-12 22:42:58.384+00,11,1775,4,1228
2026-09-12 22:43:58.687+00,11,1775,4,1228
2026-09-12 22:44:58.996+00,11,1775,4,1228
2026-09-12 22:45:59.324+00,11,1775,4,1228
2026-09-12 22:46:59.656+00,11,1775,4,1228
2026-09-12 22:47:59.967+00,11,1775,4,1228
2026-09-12 22:49:00.287+00,11,1775,4,1228
2026-09-12 22:50:00.612+00,11,1775,4,1228
2026-09-12 22:51:00.917+00,11,1775,4,1228
2026-09-12 22:52:01.242+00,11,1775,4,1228
2026-09-12 22:53:01.560+00,11,1775,4,1228
2026-09-12 22:54:01.876+00,11,1775,4,1228
2026-09-12 22:55:02.214+00,11,1775,4,1228
2026-09-12 22:56:02.580+00,11,1775,4,1228
2026-09-12 22:57:02.916+00,11,1775,4,1228
2026-09-12 22:58:03.243+00,11,1775,4,1228
2026-09-12 22:59:03.572+00,11,1775,4,1228
2026-09-12 23:00:03.893+00,11,1775,4,1228
2026-09-12 23:01:04.212+00,11,1775,4,1228
2026-09-12 23:02:04.558+00,11,1775,4,1228
2026-09-12 23:03:04.801+00,11,1775,4,1228
2026-09-12 23:04:05.163+00,11,1775,4,1228
2026-09-12 23:05:05.530+00,11,1775,4,1228
2026-09-12 23:06:05.869+00,11,1775,4,1228
2026-09-12 23:07:06.171+00,11,1775,4,1228
2026-09-12 23:08:06.501+00,11,1775,4,1228
2026-09-12 23:09:06.882+00,11,1775,4,1228
2026-09-12 23:10:07.201+00,11,1775,4,1228
2026-09-12 23:11:07.513+00,11,1775,4,1228
2026-09-12 23:12:07.846+00,11,1775,4,1228
2026-09-12 23:13:08.143+00,11,1775,4,1228
2026-09-12 23:14:08.540+00,11,1775,4,1228
2026-09-12 23:15:08.887+00,11,1775,4,1228
2026-09-12 23:16:09.212+00,11,1775,4,1228
2026-09-12 23:17:10.393+00,11,1775,4,1228
2026-09-12 23:18:11.394+00,11,1775,4,1228
2026-09-12 23:19:11.710+00,11,1775,4,1228
2026-09-12 23:20:12.022+00,11,1775,4,1228
2026-09-12 23:21:14.863+00,11,1775,4,1228
2026-09-12 23:22:15.168+00,11,1775,4,1228
2026-09-12 23:23:15.488+00,11,1775,4,1228
2026-09-12 23:24:15.792+00,11,1775,4,1228
2026-09-12 23:25:16.091+00,11,1775,4,1228
2026-09-12 23:26:16.388+00,11,1775,4,1228
2026-09-12 23:27:16.691+00,11,1775,4,1228
2026-09-12 23:28:17.023+00,11,1775,4,1228
2026-09-12 23:29:17.364+00,11,1775,4,1228
2026-09-12 23:30:17.688+00,11,1775,4,1228
2026-09-12 23:31:18.002+00,11,1775,4,1228
2026-09-12 23:32:18.316+00,11,1775,4,1228
2026-09-12 23:33:18.616+00,11,1775,4,1228
2026-09-12 23:34:18.932+00,11,1775,4,1228
2026-09-12 23:35:19.375+00,11,1775,4,1228
2026-09-12 23:36:19.721+00,11,1775,4,1228
2026-09-12 23:37:20.066+00,11,1775,4,1228
2026-09-12 23:38:20.423+00,11,1775,4,1228
2026-09-12 23:39:20.769+00,11,1775,4,1228
2026-09-12 23:40:21.102+00,11,1775,4,1228
2026-09-12 23:41:21.465+00,11,1775,4,1228
2026-09-12 23:42:21.786+00,11,1775,4,1228
2026-09-12 23:43:22.102+00,11,1775,4,1228
2026-09-12 23:44:22.416+00,11,1775,4,1228
2026-09-12 23:45:22.720+00,11,1775,4,1228
2026-09-12 23:46:23.037+00,11,1775,4,1228
2026-09-12 23:47:23.457+00,11,1775,4,1228
2026-09-12 23:48:23.783+00,11,1775,4,1228
2026-09-12 23:49:24.114+00,11,1775,4,1228
2026-09-12 23:50:24.452+00,11,1775,4,1228
2026-09-12 23:51:24.767+00,11,1775,4,1228
2026-09-12 23:52:25.088+00,11,1775,4,1228
2026-09-12 23:53:25.402+00,11,1775,4,1228
2026-09-12 23:54:25.726+00,11,1775,4,1228
2026-09-12 23:55:26.038+00,11,1775,4,1228
2026-09-12 23:56:26.372+00,11,1775,4,1228
2026-09-12 23:57:26.703+00,11,1775,4,1228
2026-09-12 23:58:27.029+00,11,1775,4,1228
2026-09-12 23:59:27.333+00,11,1775,4,1228
2026-09-13 00:00:27.653+00,11,1775,4,1228
2026-09-13 00:01:27.967+00,11,1775,4,1228
2026-09-13 00:02:28.293+00,11,1775,4,1228
2026-09-13 00:03:28.610+00,11,1775,4,1228
2026-09-13 00:04:29.076+00,11,1775,4,1228
2026-09-13 00:05:29.380+00,11,1775,4,1228
2026-09-13 00:06:29.685+00,11,1775,4,1228
2026-09-13 00:07:30.054+00,11,1775,4,1228
2026-09-13 00:08:30.406+00,11,1775,4,1228
2026-09-13 00:09:30.757+00,11,1775,4,1228
2026-09-13 00:10:31.085+00,11,1775,4,1228
2026-09-13 00:11:31.397+00,11,1775,4,1228
2026-09-13 00:12:31.729+00,11,1775,4,1228
2026-09-13 00:13:32.045+00,11,1775,4,1228
2026-09-13 00:14:32.351+00,11,1775,4,1228
2026-09-13 00:15:32.680+00,11,1775,4,1228
2026-09-13 00:16:32.994+00,11,1775,4,1228
2026-09-13 00:17:33.306+00,11,1775,4,1228
2026-09-13 00:18:33.631+00,11,1775,4,1228
2026-09-13 00:19:33.959+00,11,1775,4,1228
2026-09-13 00:20:34.261+00,11,1775,4,1228
2026-09-13 00:21:34.568+00,11,1775,4,1228
2026-09-13 00:22:34.892+00,11,1775,4,1228
2026-09-13 00:23:35.211+00,11,1775,4,1228
2026-09-13 00:24:35.515+00,11,1775,4,1228
2026-09-13 00:25:35.822+00,11,1775,4,1228
2026-09-13 00:26:36.131+00,11,1775,4,1228
2026-09-13 00:27:36.449+00,11,1775,4,1228
2026-09-13 00:28:36.763+00,11,1775,4,1228
2026-09-13 00:29:37.064+00,11,1775,4,1228
2026-09-13 00:30:37.386+00,11,1775,4,1228
2026-09-13 00:31:37.694+00,11,1775,4,1228
2026-09-13 00:32:38.004+00,11,1775,4,1228
2026-09-13 00:33:38.318+00,11,1775,4,1228
2026-09-13 00:34:38.634+00,11,1775,4,1228
2026-09-13 00:35:38.959+00,11,1775,4,1228
2026-09-13 00:36:39.261+00,11,1775,4,1228
2026-09-13 00:37:39.568+00,11,1775,4,1228
2026-09-13 00:38:39.905+00,11,1775,4,1228
2026-09-13 00:39:40.256+00,11,1775,4,1228
2026-09-13 00:40:40.590+00,11,1775,4,1228
2026-09-13 00:41:40.887+00,11,1775,4,1228
2026-09-13 00:42:41.189+00,11,1775,4,1228
2026-09-13 00:43:41.494+00,11,1775,4,1228
2026-09-13 00:44:41.801+00,11,1775,4,1228
2026-09-13 00:45:42.106+00,11,1775,4,1228
2026-09-13 00:46:42.418+00,11,1775,4,1228
2026-09-13 00:47:42.729+00,11,1775,4,1228
2026-09-13 00:48:43.063+00,11,1775,4,1228
2026-09-13 00:49:43.386+00,11,1775,4,1228
2026-09-13 00:50:43.685+00,11,1775,4,1228
2026-09-13 00:51:43.996+00,11,1775,4,1228
2026-09-13 00:52:44.307+00,11,1775,4,1228
2026-09-13 00:53:44.622+00,11,1775,4,1228
2026-09-13 00:54:44.929+00,11,1775,4,1228
2026-09-13 00:55:45.257+00,11,1775,4,1228
2026-09-13 00:56:45.617+00,11,1775,4,1228
2026-09-13 00:57:45.929+00,11,1775,4,1228
2026-09-13 00:58:46.256+00,11,1775,4,1228
2026-09-13 00:59:46.568+00,11,1775,4,1228
2026-09-13 01:00:46.878+00,11,1775,4,1228
2026-09-13 01:01:47.196+00,11,1775,4,1228
2026-09-13 01:02:47.496+00,11,1775,4,1228
2026-09-13 01:03:47.799+00,11,1775,4,1228
2026-09-13 01:04:48.109+00,11,1775,4,1228
2026-09-13 01:05:48.421+00,11,1775,4,1228
2026-09-13 01:06:48.806+00,11,1775,4,1228
2026-09-13 01:07:49.182+00,11,1775,4,1228
2026-09-13 01:08:49.533+00,11,1775,4,1228
2026-09-13 01:09:49.856+00,11,1775,4,1228
2026-09-13 01:10:50.174+00,11,1775,4,1228
2026-09-13 01:11:50.477+00,11,1775,4,1228
2026-09-13 01:12:50.788+00,11,1775,4,1228
2026-09-13 01:13:51.102+00,11,1775,4,1228
2026-09-13 01:14:51.403+00,11,1775,4,1228
2026-09-13 01:15:51.709+00,11,1775,4,1228
2026-09-13 01:16:52.042+00,11,1775,4,1228
2026-09-13 01:17:52.367+00,11,1775,4,1228
2026-09-13 01:18:52.720+00,11,1775,4,1228
2026-09-13 01:19:53.054+00,11,1775,4,1228
2026-09-13 01:20:53.347+00,11,1775,4,1228
2026-09-13 01:21:53.665+00,11,1775,4,1228
2026-09-13 01:22:53.981+00,11,1775,4,1228
2026-09-13 01:23:54.293+00,11,1775,4,1228
2026-09-13 01:24:54.614+00,11,1775,4,1228
2026-09-13 01:25:54.934+00,11,1775,4,1228
2026-09-13 01:26:55.237+00,11,1775,4,1228
2026-09-13 01:27:55.558+00,11,1775,4,1228
2026-09-13 01:28:55.880+00,11,1775,4,1228
2026-09-13 01:29:56.192+00,11,1775,4,1228
2026-09-13 01:30:56.515+00,11,1775,4,1228
2026-09-13 01:31:56.826+00,11,1775,4,1228
2026-09-13 01:32:57.135+00,11,1775,4,1228
2026-09-13 01:33:57.443+00,11,1775,4,1228
2026-09-13 01:34:57.788+00,11,1775,4,1228
2026-09-13 01:35:58.143+00,11,1775,4,1228
2026-09-13 01:36:58.489+00,11,1775,4,1228
2026-09-13 01:37:58.839+00,11,1775,4,1228
2026-09-13 01:38:59.204+00,11,1775,4,1228
2026-09-13 01:39:59.535+00,11,1775,4,1228
2026-09-13 01:40:59.838+00,11,1775,4,1228
2026-09-13 01:42:00.174+00,11,1775,4,1228
2026-09-13 01:43:00.481+00,11,1775,4,1228
2026-09-13 01:44:00.787+00,11,1775,4,1228
2026-09-13 01:45:01.115+00,11,1775,4,1228
2026-09-13 01:46:01.436+00,11,1775,4,1228
2026-09-13 01:47:01.761+00,11,1775,4,1228
2026-09-13 01:48:02.089+00,11,1775,4,1228
2026-09-13 01:49:02.398+00,11,1775,4,1228
2026-09-13 01:50:02.699+00,11,1775,4,1228
2026-09-13 01:51:03.003+00,11,1775,4,1228
2026-09-13 01:52:03.301+00,11,1775,4,1228
2026-09-13 01:53:03.645+00,11,1775,4,1228
2026-09-13 01:54:03.983+00,11,1775,4,1228
2026-09-13 01:55:04.283+00,11,1775,4,1228
2026-09-13 01:56:04.586+00,11,1775,4,1228
2026-09-13 01:57:04.902+00,11,1775,4,1228
2026-09-13 01:58:05.280+00,11,1775,4,1228
2026-09-13 01:59:05.631+00,11,1775,4,1228
2026-09-13 02:00:05.933+00,11,1775,4,1228
2026-09-13 02:01:06.271+00,11,1775,4,1228
2026-09-13 02:02:06.600+00,11,1775,4,1228
2026-09-13 02:03:06.904+00,11,1775,4,1228
2026-09-13 02:04:07.207+00,11,1775,4,1228
2026-09-13 02:05:07.510+00,11,1775,4,1228
2026-09-13 02:06:07.823+00,11,1775,4,1228
2026-09-13 02:07:08.134+00,11,1775,4,1228
2026-09-13 02:08:08.468+00,11,1775,4,1228
2026-09-13 02:09:08.820+00,11,1775,4,1228
2026-09-13 02:10:09.153+00,11,1775,4,1228
2026-09-13 02:11:09.466+00,11,1775,4,1228
2026-09-13 02:12:09.838+00,11,1775,4,1228
2026-09-13 02:13:10.204+00,11,1775,4,1228
2026-09-13 02:14:10.553+00,11,1775,4,1228
2026-09-13 02:15:10.826+00,11,1775,4,1228
2026-09-13 02:16:11.162+00,11,1775,4,1228
2026-09-13 02:17:11.519+00,11,1775,4,1228
2026-09-13 02:18:11.873+00,11,1775,4,1228
2026-09-13 02:19:12.200+00,11,1775,4,1228
2026-09-13 02:20:12.525+00,11,1775,4,1228
2026-09-13 02:21:12.887+00,11,1775,4,1228
2026-09-13 02:22:13.217+00,11,1775,4,1228
2026-09-13 02:23:13.517+00,11,1775,4,1228
2026-09-13 02:24:13.821+00,11,1775,4,1228
2026-09-13 02:25:14.120+00,11,1775,4,1228
2026-09-13 02:26:14.440+00,11,1775,4,1228
2026-09-13 02:27:14.752+00,11,1775,4,1228
2026-09-13 02:28:15.050+00,11,1775,4,1228
2026-09-13 02:29:15.352+00,11,1775,4,1228
2026-09-13 02:30:15.667+00,11,1775,4,1228
2026-09-13 02:31:16.003+00,11,1775,4,1228
2026-09-13 02:32:16.310+00,11,1775,4,1228
2026-09-13 02:33:16.625+00,11,1775,4,1228
2026-09-13 02:34:16.937+00,11,1775,4,1228
2026-09-13 02:35:17.258+00,11,1775,4,1228
2026-09-13 02:36:17.577+00,11,1775,4,1228
2026-09-13 02:37:17.918+00,11,1775,4,1228
2026-09-13 02:38:18.265+00,11,1775,4,1228
2026-09-13 02:39:18.623+00,11,1775,4,1228
2026-09-13 02:40:18.966+00,11,1775,4,1228
2026-09-13 02:41:19.282+00,11,1775,4,1228
2026-09-13 02:42:19.587+00,11,1775,4,1228
2026-09-13 02:43:19.896+00,11,1775,4,1228
2026-09-13 02:44:20.195+00,11,1775,4,1228
2026-09-13 02:45:20.498+00,11,1775,4,1228
2026-09-13 02:46:20.825+00,11,1775,4,1228
2026-09-13 02:47:21.146+00,11,1775,4,1228
2026-09-13 02:48:21.452+00,11,1775,4,1228
2026-09-13 02:49:21.759+00,11,1775,4,1228
2026-09-13 02:50:22.076+00,11,1775,4,1228
2026-09-13 02:51:22.382+00,11,1775,4,1228
2026-09-13 02:52:22.687+00,11,1775,4,1228
2026-09-13 02:53:23.001+00,11,1775,4,1228
2026-09-13 02:54:23.311+00,11,1775,4,1228
2026-09-13 02:55:23.619+00,11,1775,4,1228
2026-09-13 02:56:23.922+00,11,1775,4,1228
2026-09-13 02:57:24.232+00,11,1775,4,1228
2026-09-13 02:58:24.544+00,11,1775,4,1228
2026-09-13 02:59:24.843+00,11,1775,4,1228
2026-09-13 03:00:25.156+00,11,1775,4,1228
2026-09-13 03:01:25.469+00,11,1775,4,1228
2026-09-13 03:02:25.798+00,11,1775,4,1228
2026-09-13 03:03:26.125+00,11,1775,4,1228
2026-09-13 03:04:26.434+00,11,1775,4,1228
2026-09-13 03:05:26.730+00,11,1775,4,1228
2026-09-13 03:06:27.050+00,11,1775,4,1228
2026-09-13 03:07:27.363+00,11,1775,4,1228
2026-09-13 03:08:27.703+00,11,1775,4,1228
2026-09-13 03:09:28.068+00,11,1775,4,1228
2026-09-13 03:10:28.398+00,11,1775,4,1228
2026-09-13 03:11:28.707+00,11,1775,4,1228
2026-09-13 03:12:29.036+00,11,1775,4,1228
2026-09-13 03:13:29.355+00,11,1775,4,1228
2026-09-13 03:14:29.660+00,11,1775,4,1228
2026-09-13 03:15:29.965+00,11,1775,4,1228
2026-09-13 03:16:30.264+00,11,1775,4,1228
2026-09-13 03:17:30.594+00,11,1775,4,1228
2026-09-13 03:18:30.913+00,11,1775,4,1228
2026-09-13 03:19:31.190+00,11,1775,4,1228
2026-09-13 03:20:31.500+00,11,1775,4,1228
2026-09-13 03:21:31.812+00,11,1775,4,1228
2026-09-13 03:22:32.167+00,11,1775,4,1228
2026-09-13 03:23:32.471+00,11,1775,4,1228
2026-09-13 03:24:32.780+00,11,1775,4,1228
2026-09-13 03:25:33.094+00,11,1775,4,1228
2026-09-13 03:26:33.378+00,11,1775,4,1228
2026-09-13 03:27:33.666+00,11,1775,4,1228
2026-09-13 03:28:33.995+00,11,1775,4,1228
2026-09-13 03:29:34.329+00,11,1775,4,1228
2026-09-13 03:30:34.652+00,11,1775,4,1228
2026-09-13 03:31:34.969+00,11,1775,4,1228
2026-09-13 03:32:35.277+00,11,1775,4,1228
2026-09-13 03:33:35.575+00,11,1775,4,1228
2026-09-13 03:34:35.883+00,11,1775,4,1228
2026-09-13 03:35:36.199+00,11,1775,4,1228
2026-09-13 03:36:36.543+00,11,1775,4,1228
2026-09-13 03:37:36.860+00,11,1775,4,1228
2026-09-13 03:38:37.183+00,11,1775,4,1228
2026-09-13 03:39:37.587+00,11,1775,4,1228
2026-09-13 03:40:37.928+00,11,1775,4,1228
2026-09-13 03:41:38.238+00,11,1775,4,1228
2026-09-13 03:42:38.538+00,11,1775,4,1228
2026-09-13 03:43:38.840+00,11,1775,4,1228
2026-09-13 03:44:39.154+00,11,1775,4,1228
2026-09-13 03:45:39.471+00,11,1775,4,1228
2026-09-13 03:46:39.785+00,11,1775,4,1228
2026-09-13 03:47:40.104+00,11,1775,4,1228
2026-09-13 03:48:40.410+00,11,1775,4,1228
2026-09-13 03:49:40.709+00,11,1775,4,1228
2026-09-13 03:50:41.020+00,11,1775,4,1228
2026-09-13 03:51:41.363+00,11,1775,4,1228
2026-09-13 03:52:41.672+00,11,1775,4,1228
2026-09-13 03:53:41.974+00,11,1775,4,1228
2026-09-13 03:54:42.273+00,11,1775,4,1228
2026-09-13 03:55:42.570+00,11,1775,4,1228
2026-09-13 03:56:42.890+00,11,1775,4,1228
2026-09-13 03:57:43.194+00,11,1775,4,1228
2026-09-13 03:58:43.530+00,11,1775,4,1228
2026-09-13 03:59:43.851+00,11,1775,4,1228
2026-09-13 04:00:44.157+00,11,1775,4,1228
2026-09-13 04:01:44.460+00,11,1775,4,1228
2026-09-13 04:02:44.768+00,11,1775,4,1228
2026-09-13 04:03:45.098+00,11,1775,4,1228
2026-09-13 04:04:45.427+00,11,1775,4,1228
2026-09-13 04:05:45.735+00,11,1775,4,1228
2026-09-13 04:06:46.040+00,11,1775,4,1228
2026-09-13 04:07:46.381+00,11,1775,4,1228
2026-09-13 04:08:46.730+00,11,1775,4,1228
2026-09-13 04:09:47.078+00,11,1775,4,1228
2026-09-13 04:10:47.409+00,11,1775,4,1228
2026-09-13 04:11:47.720+00,11,1775,4,1228
2026-09-13 04:12:48.038+00,11,1775,4,1228
2026-09-13 04:13:48.349+00,11,1775,4,1228
2026-09-13 04:14:48.646+00,11,1775,4,1228
2026-09-13 04:15:48.956+00,11,1775,4,1228
2026-09-13 04:16:49.259+00,11,1775,4,1228
2026-09-13 04:17:49.600+00,11,1775,4,1228
2026-09-13 04:18:49.931+00,11,1775,4,1228
2026-09-13 04:19:50.278+00,11,1775,4,1228
2026-09-13 04:20:50.607+00,11,1775,4,1228
2026-09-13 04:21:50.921+00,11,1775,4,1228
2026-09-13 04:22:51.221+00,11,1775,4,1228
2026-09-13 04:23:51.531+00,11,1775,4,1228
2026-09-13 04:24:51.830+00,11,1775,4,1228
2026-09-13 04:25:52.130+00,11,1775,4,1228
2026-09-13 04:26:52.443+00,11,1775,4,1228
2026-09-13 04:27:52.755+00,11,1775,4,1228
2026-09-13 04:28:53.055+00,11,1775,4,1228
2026-09-13 04:29:53.363+00,11,1775,4,1228
2026-09-13 04:30:53.671+00,11,1775,4,1228
2026-09-13 04:31:53.981+00,11,1775,4,1228
2026-09-13 04:32:54.292+00,11,1775,4,1228
2026-09-13 04:33:54.597+00,11,1775,4,1228
2026-09-13 04:34:54.899+00,11,1775,4,1228
2026-09-13 04:35:55.202+00,11,1775,4,1228
2026-09-13 04:36:55.515+00,11,1775,4,1228
2026-09-13 04:37:55.895+00,11,1775,4,1228
2026-09-13 04:38:56.240+00,11,1775,4,1228
2026-09-13 04:39:56.597+00,11,1775,4,1228
2026-09-13 04:40:56.926+00,11,1775,4,1228
2026-09-13 04:41:57.231+00,11,1775,4,1228
2026-09-13 04:42:57.537+00,11,1775,4,1228
2026-09-13 04:43:57.844+00,11,1775,4,1228
2026-09-13 04:44:58.162+00,11,1775,4,1228
2026-09-13 04:45:58.483+00,11,1775,4,1228
2026-09-13 04:46:58.792+00,11,1775,4,1228
2026-09-13 04:47:59.099+00,11,1775,4,1228
2026-09-13 04:48:59.406+00,11,1775,4,1228
2026-09-13 04:49:59.704+00,11,1775,4,1228
2026-09-13 04:51:00.019+00,11,1775,4,1228
2026-09-13 04:52:00.312+00,11,1775,4,1228
2026-09-13 04:53:00.617+00,11,1775,4,1228
2026-09-13 04:54:00.942+00,11,1775,4,1228
2026-09-13 04:55:01.250+00,11,1775,4,1228
2026-09-13 04:56:01.563+00,11,1775,4,1228
2026-09-13 04:57:01.890+00,11,1775,4,1228
2026-09-13 04:58:02.211+00,11,1775,4,1228
2026-09-13 04:59:02.514+00,11,1775,4,1228
2026-09-13 05:00:02.873+00,11,1775,4,1228
2026-09-13 05:01:03.223+00,11,1775,4,1228
2026-09-13 05:02:03.535+00,11,1775,4,1228
2026-09-13 05:03:03.847+00,11,1775,4,1228
2026-09-13 05:04:04.172+00,11,1775,4,1228
2026-09-13 05:05:04.487+00,11,1775,4,1228
2026-09-13 05:06:04.797+00,11,1775,4,1228
2026-09-13 05:07:05.101+00,11,1775,4,1228
2026-09-13 05:08:05.417+00,11,1775,4,1228
2026-09-13 05:09:05.763+00,11,1775,4,1228
2026-09-13 05:10:06.088+00,11,1775,4,1228
2026-09-13 05:11:06.393+00,11,1775,4,1228
2026-09-13 05:12:06.715+00,11,1775,4,1228
2026-09-13 05:13:07.023+00,11,1775,4,1228
2026-09-13 05:14:07.344+00,11,1775,4,1228
2026-09-13 05:15:07.646+00,11,1775,4,1228
2026-09-13 05:16:07.966+00,11,1775,4,1228
2026-09-13 05:17:08.281+00,11,1775,4,1228
2026-09-13 05:18:08.587+00,11,1775,4,1228
2026-09-13 05:19:08.900+00,11,1775,4,1228
2026-09-13 05:20:09.210+00,11,1775,4,1228
2026-09-13 05:21:09.531+00,11,1775,4,1228
2026-09-13 05:22:09.835+00,11,1775,4,1228
2026-09-13 05:23:10.155+00,11,1775,4,1228
2026-09-13 05:24:10.466+00,11,1775,4,1228
2026-09-13 05:25:10.793+00,11,1775,4,1228
2026-09-13 05:26:11.098+00,11,1775,4,1228
2026-09-13 05:27:11.435+00,11,1775,4,1228
2026-09-13 05:28:11.771+00,11,1775,4,1228
2026-09-13 05:29:12.135+00,11,1775,4,1228
2026-09-13 05:30:12.480+00,11,1775,4,1228
2026-09-13 05:31:12.792+00,11,1775,4,1228
2026-09-13 05:32:13.093+00,11,1775,4,1228
2026-09-13 05:33:13.402+00,11,1775,4,1228
2026-09-13 05:34:13.791+00,11,1775,4,1228
2026-09-13 05:35:14.152+00,11,1775,4,1228
2026-09-13 05:36:14.495+00,11,1775,4,1228
2026-09-13 05:37:14.850+00,11,1775,4,1228
2026-09-13 05:38:15.197+00,11,1775,4,1228
2026-09-13 05:39:15.555+00,11,1775,4,1228
2026-09-13 05:40:15.903+00,11,1775,4,1228
2026-09-13 05:41:16.212+00,11,1775,4,1228
2026-09-13 05:42:16.538+00,11,1775,4,1228
2026-09-13 05:43:16.839+00,11,1775,4,1228
2026-09-13 05:44:17.157+00,11,1775,4,1228
2026-09-13 05:45:17.471+00,11,1775,4,1228
2026-09-13 05:46:17.785+00,11,1775,4,1228
2026-09-13 05:47:18.082+00,11,1775,4,1228
2026-09-13 05:48:18.409+00,11,1775,4,1228
2026-09-13 05:49:18.722+00,11,1775,4,1228
2026-09-13 05:50:19.031+00,11,1775,4,1228
2026-09-13 05:51:19.362+00,11,1775,4,1228
2026-09-13 05:52:19.677+00,11,1775,4,1228
2026-09-13 05:53:19.983+00,11,1775,4,1228
2026-09-13 05:54:20.279+00,11,1775,4,1228
2026-09-13 05:55:20.598+00,11,1775,4,1228
2026-09-13 05:56:20.905+00,11,1775,4,1228
2026-09-13 05:57:21.226+00,11,1775,4,1228
2026-09-13 05:58:21.588+00,11,1775,4,1228
2026-09-13 05:59:21.961+00,11,1775,4,1228
2026-09-13 06:00:22.314+00,0,1775,4,1228
2026-09-13 06:01:22.623+00,0,1775,4,1228
2026-09-13 06:02:22.939+00,0,1775,4,1228
2026-09-13 06:03:23.240+00,0,1775,4,1228
2026-09-13 06:04:23.552+00,0,1775,4,1228
2026-09-13 06:05:23.879+00,0,1775,0,1228
2026-09-13 06:06:24.206+00,0,1775,0,1228
2026-09-13 06:07:24.534+00,0,1775,0,1228
2026-09-13 06:08:24.894+00,0,1775,0,1228
2026-09-13 06:09:25.272+00,0,1775,0,1228
2026-09-13 06:10:25.612+00,0,1775,0,1228
2026-09-13 06:11:25.911+00,0,1775,0,1228
2026-09-13 06:12:26.226+00,0,1775,0,1228
2026-09-13 06:13:26.555+00,0,1775,0,1228
2026-09-13 06:14:26.892+00,0,1775,0,1228
2026-09-13 06:15:27.234+00,0,1775,0,1228
2026-09-13 06:16:27.546+00,0,1775,0,1228
2026-09-13 06:17:27.878+00,0,1775,0,1228
2026-09-13 06:18:28.194+00,1,1775,0,1228
2026-09-13 06:19:28.515+00,1,1775,0,1228
2026-09-13 06:20:28.850+00,1,1775,0,1228
2026-09-13 06:21:29.177+00,1,1775,0,1228
2026-09-13 06:22:29.480+00,1,1775,0,1228
2026-09-13 06:23:29.782+00,2,1775,0,1228
2026-09-13 06:24:30.075+00,2,1775,0,1228
2026-09-13 06:25:30.390+00,2,1775,0,1228
2026-09-13 06:26:30.709+00,2,1775,0,1228
2026-09-13 06:27:31.011+00,2,1775,0,1228
2026-09-13 06:28:31.314+00,2,1775,0,1228
2026-09-13 06:29:31.623+00,2,1775,0,1228
2026-09-13 06:30:31.918+00,2,1775,0,1228
2026-09-13 06:31:32.243+00,2,1775,0,1228
2026-09-13 06:32:32.553+00,2,1775,0,1228
2026-09-13 06:33:32.870+00,2,1775,0,1228
2026-09-13 06:34:33.178+00,3,1775,0,1228
2026-09-13 06:35:33.498+00,3,1775,0,1228
2026-09-13 06:36:33.828+00,3,1775,0,1228
2026-09-13 06:37:34.164+00,3,1775,0,1228
2026-09-13 06:38:34.486+00,3,1775,0,1228
2026-09-13 06:39:34.826+00,3,1775,0,1228
2026-09-13 06:40:35.153+00,3,1775,0,1228
2026-09-13 06:41:35.470+00,3,1775,0,1228
2026-09-13 06:42:35.801+00,3,1775,0,1228
2026-09-13 06:43:36.142+00,3,1775,0,1228
2026-09-13 06:44:36.470+00,3,1775,0,1228
2026-09-13 06:45:36.783+00,3,1775,0,1228
2026-09-13 06:46:37.096+00,3,1775,0,1228
2026-09-13 06:47:37.356+00,3,1775,0,1228
2026-09-13 06:48:37.702+00,3,1775,0,1228
2026-09-13 06:49:38.024+00,3,1775,0,1228
2026-09-13 06:50:38.325+00,3,1775,0,1228
2026-09-13 06:51:38.635+00,3,1775,0,1228
2026-09-13 06:52:38.953+00,3,1775,0,1228
2026-09-13 06:53:39.273+00,3,1775,0,1228
2026-09-13 06:54:39.571+00,3,1775,0,1228
2026-09-13 06:55:39.876+00,3,1775,0,1228
2026-09-13 06:56:40.190+00,3,1775,0,1228
2026-09-13 06:57:40.497+00,3,1775,0,1228
2026-09-13 06:58:40.825+00,3,1775,0,1228
2026-09-13 06:59:41.133+00,3,1775,0,1228
2026-09-13 07:00:41.439+00,3,1775,0,1228
2026-09-13 07:01:41.754+00,3,1775,0,1228
2026-09-13 07:02:42.072+00,3,1775,0,1228
2026-09-13 07:03:42.409+00,3,1775,0,1228
2026-09-13 07:04:42.723+00,3,1775,0,1228
2026-09-13 07:05:43.031+00,3,1775,0,1228
2026-09-13 07:06:43.407+00,3,1775,0,1228
2026-09-13 07:07:43.798+00,3,1775,0,1228
2026-09-13 07:08:44.095+00,3,1775,0,1228
2026-09-13 07:09:44.483+00,3,1775,0,1228
2026-09-13 07:10:44.818+00,3,1775,0,1228
2026-09-13 07:11:45.135+00,3,1775,0,1228
2026-09-13 07:12:45.443+00,3,1775,0,1228
2026-09-13 07:13:45.759+00,3,1775,0,1228
2026-09-13 07:14:46.079+00,3,1775,0,1228
2026-09-13 07:15:46.436+00,3,1775,0,1228
2026-09-13 07:16:46.756+00,3,1775,0,1228
2026-09-13 07:17:47.067+00,3,1775,0,1228
2026-09-13 07:18:47.380+00,3,1775,0,1228
2026-09-13 07:19:47.718+00,3,1775,0,1228
2026-09-13 07:20:48.052+00,3,1775,0,1228
2026-09-13 07:21:48.366+00,3,1775,0,1228
2026-09-13 07:22:48.694+00,3,1775,0,1228
2026-09-13 07:23:49.001+00,3,1775,0,1228
2026-09-13 07:24:49.333+00,3,1775,0,1228
2026-09-13 07:25:49.649+00,3,1775,0,1228
2026-09-13 07:26:49.950+00,3,1775,0,1228
2026-09-13 07:27:50.264+00,3,1775,0,1228
2026-09-13 07:28:50.566+00,3,1775,0,1228
2026-09-13 07:29:50.870+00,3,1775,0,1228
2026-09-13 07:30:51.178+00,3,1775,0,1228
2026-09-13 07:31:51.481+00,3,1775,0,1228
2026-09-13 07:32:51.791+00,3,1775,0,1228
2026-09-13 07:33:52.103+00,3,1775,0,1228
2026-09-13 07:34:52.420+00,3,1775,0,1228
2026-09-13 07:35:52.754+00,3,1775,0,1228
2026-09-13 07:36:53.103+00,3,1775,0,1228
2026-09-13 07:37:53.469+00,3,1775,0,1228
2026-09-13 07:38:53.836+00,3,1775,0,1228
2026-09-13 07:39:54.160+00,3,1775,0,1228
2026-09-13 07:40:54.462+00,3,1775,0,1228
2026-09-13 07:41:54.777+00,3,1775,0,1228
2026-09-13 07:42:55.094+00,3,1775,0,1228
2026-09-13 07:43:55.423+00,3,1775,0,1228
2026-09-13 07:44:55.731+00,3,1775,0,1228
2026-09-13 07:45:56.057+00,3,1775,0,1228
2026-09-13 07:46:56.383+00,3,1775,0,1228
2026-09-13 07:47:56.711+00,3,1775,0,1228
2026-09-13 07:48:57.035+00,3,1775,0,1228
2026-09-13 07:49:57.343+00,3,1775,0,1228
2026-09-13 07:50:57.672+00,3,1775,0,1228
2026-09-13 07:51:57.979+00,3,1775,0,1228
2026-09-13 07:52:58.289+00,3,1775,0,1228
2026-09-13 07:53:58.610+00,3,1775,0,1228
2026-09-13 07:54:58.957+00,3,1775,0,1228
2026-09-13 07:55:59.276+00,3,1775,0,1228
2026-09-13 07:56:59.590+00,3,1775,0,1228
2026-09-13 07:57:59.901+00,3,1775,0,1228
2026-09-13 07:59:00.224+00,3,1775,0,1228
2026-09-13 08:00:00.523+00,3,1775,0,1228
2026-09-13 08:01:00.849+00,3,1775,0,1228
2026-09-13 08:02:01.161+00,3,1775,0,1228
2026-09-13 08:03:01.477+00,3,1775,0,1228
2026-09-13 08:04:01.783+00,4,1775,0,1228
2026-09-13 08:05:02.086+00,4,1775,0,1228
2026-09-13 08:06:02.405+00,4,1775,0,1228
2026-09-13 08:07:02.728+00,4,1775,0,1228
2026-09-13 08:08:03.248+00,4,1775,0,1228
2026-09-13 08:09:03.606+00,4,1775,0,1228
2026-09-13 08:10:03.943+00,4,1775,0,1228
2026-09-13 08:11:04.251+00,4,1775,0,1228
2026-09-13 08:12:04.566+00,5,1775,0,1228
2026-09-13 08:13:04.901+00,5,1775,0,1228
2026-09-13 08:14:05.226+00,5,1775,0,1228
2026-09-13 08:15:05.534+00,5,1775,0,1228
2026-09-13 08:16:05.850+00,5,1775,0,1228
2026-09-13 08:17:06.162+00,5,1775,0,1228
2026-09-13 08:18:06.505+00,5,1775,0,1228
2026-09-13 08:19:06.867+00,5,1775,0,1228
2026-09-13 08:20:07.185+00,5,1775,0,1228
2026-09-13 08:21:07.504+00,5,1775,0,1228
2026-09-13 08:22:07.814+00,5,1775,0,1228
2026-09-13 08:23:08.125+00,5,1775,0,1228
2026-09-13 08:24:08.429+00,5,1775,0,1228
2026-09-13 08:25:08.746+00,5,1775,0,1228
2026-09-13 08:26:09.072+00,5,1775,0,1228
2026-09-13 08:27:09.384+00,5,1775,0,1228
2026-09-13 08:28:09.751+00,5,1775,0,1228
2026-09-13 08:29:10.138+00,5,1775,0,1228
2026-09-13 08:30:10.455+00,5,1775,0,1228
2026-09-13 08:31:10.812+00,5,1775,0,1228
2026-09-13 08:32:11.123+00,6,1775,0,1228
2026-09-13 08:33:11.465+00,6,1775,0,1228
2026-09-13 08:34:11.812+00,6,1775,0,1228
2026-09-13 08:35:12.125+00,6,1775,0,1228
2026-09-13 08:36:12.431+00,6,1775,0,1228
2026-09-13 08:37:12.754+00,6,1775,0,1228
2026-09-13 08:38:13.101+00,6,1775,0,1228
2026-09-13 08:39:13.420+00,6,1775,0,1228
2026-09-13 08:40:13.784+00,6,1775,0,1228
2026-09-13 08:41:14.141+00,6,1775,0,1228
2026-09-13 08:42:14.506+00,6,1775,0,1228
2026-09-13 08:43:14.864+00,5,1775,0,1228
2026-09-13 08:44:15.218+00,5,1775,0,1228
2026-09-13 08:45:15.542+00,5,1775,0,1228
2026-09-13 08:46:15.843+00,5,1775,0,1228
2026-09-13 08:47:16.133+00,6,1775,0,1228
2026-09-13 08:48:16.451+00,6,1775,0,1228
2026-09-13 08:49:16.768+00,6,1775,0,1228
2026-09-13 08:50:17.092+00,6,1775,0,1228
2026-09-13 08:51:17.390+00,6,1775,0,1228
2026-09-13 08:52:17.705+00,6,1775,0,1228
2026-09-13 08:53:18.020+00,6,1775,0,1228
2026-09-13 08:54:18.359+00,7,1775,0,1228
2026-09-13 08:55:18.685+00,7,1775,0,1228
2026-09-13 08:56:19.006+00,7,1775,0,1228
2026-09-13 08:57:19.332+00,7,1775,0,1228
2026-09-13 08:58:19.653+00,7,1775,0,1228
2026-09-13 08:59:19.950+00,8,1775,-1,1228
2026-09-13 09:00:20.277+00,8,1775,2,1228
2026-09-13 09:01:20.593+00,8,1775,2,1228
2026-09-13 09:02:20.913+00,9,1775,2,1228
2026-09-13 09:03:21.268+00,10,1775,2,1228
2026-09-13 09:04:21.600+00,10,1775,2,1228
2026-09-13 09:05:21.909+00,10,1775,2,1228
2026-09-13 09:06:22.242+00,10,1775,2,1228
2026-09-13 09:07:22.588+00,10,1775,3,1228
2026-09-13 09:08:22.916+00,11,1775,3,1228
2026-09-13 09:09:23.249+00,11,1775,3,1228
2026-09-13 09:10:23.568+00,12,1775,3,1228
2026-09-13 09:11:23.838+00,12,1775,3,1228
2026-09-13 09:12:24.153+00,12,1775,3,1228
2026-09-13 09:13:24.469+00,12,1775,3,1228
2026-09-13 09:14:24.788+00,12,1775,3,1228
2026-09-13 09:15:25.130+00,12,1775,3,1228
2026-09-13 09:16:25.466+00,11,1775,3,1228
2026-09-13 09:17:25.841+00,11,1775,3,1228
2026-09-13 09:18:26.195+00,12,1775,3,1228
2026-09-13 09:19:26.514+00,12,1775,5,1228
2026-09-13 09:20:26.813+00,12,1775,5,1228
2026-09-13 09:21:27.137+00,12,1775,5,1228
2026-09-13 09:22:27.457+00,12,1775,5,1228
2026-09-13 09:23:27.810+00,12,1775,4,1228
2026-09-13 09:24:28.158+00,12,1775,5,1228
2026-09-13 09:25:28.466+00,12,1775,5,1228
2026-09-13 09:26:28.780+00,12,1775,5,1228
2026-09-13 09:27:29.104+00,12,1775,5,1228
2026-09-13 09:28:29.424+00,12,1775,6,1228
2026-09-13 09:29:29.715+00,12,1775,6,1228
2026-09-13 09:30:30.019+00,12,1775,5,1228
2026-09-13 09:31:30.327+00,12,1775,6,1228
2026-09-13 09:32:30.635+00,11,1775,7,1228
2026-09-13 09:33:30.956+00,11,1775,7,1228
2026-09-13 09:34:31.252+00,12,1775,7,1228
2026-09-13 09:35:31.579+00,12,1775,7,1228
2026-09-13 09:36:31.935+00,12,1775,7,1228
2026-09-13 09:37:32.278+00,12,1775,7,1228
2026-09-13 09:38:32.616+00,12,1775,7,1228
2026-09-13 09:39:32.975+00,12,1775,7,1228
2026-09-13 09:40:33.312+00,12,1775,7,1228
2026-09-13 09:41:33.623+00,13,1775,7,1228
2026-09-13 09:42:33.919+00,13,1775,8,1228
2026-09-13 09:43:34.258+00,13,1775,8,1228
2026-09-13 09:44:34.584+00,13,1775,8,1228
2026-09-13 09:45:34.893+00,13,1775,8,1228
2026-09-13 09:46:35.206+00,13,1775,8,1228
2026-09-13 09:47:35.522+00,14,1775,8,1228
2026-09-13 09:48:35.866+00,14,1775,8,1228
2026-09-13 09:49:36.174+00,14,1775,8,1228
2026-09-13 09:50:36.489+00,14,1775,9,1228
2026-09-13 09:51:36.794+00,14,1775,9,1228
2026-09-13 09:52:37.092+00,14,1775,10,1228
2026-09-13 09:53:37.406+00,14,1775,10,1228
2026-09-13 09:54:37.716+00,14,1775,10,1228
2026-09-13 09:55:38.026+00,14,1775,11,1228
2026-09-13 09:56:38.367+00,13,1775,12,1228
2026-09-13 09:57:38.663+00,14,1775,12,1228
2026-09-13 09:58:38.960+00,15,1775,12,1228
2026-09-13 09:59:39.274+00,15,1775,13,1228
2026-09-13 10:00:39.580+00,15,1775,13,1228
2026-09-13 10:01:39.907+00,15,1775,12,1228
2026-09-13 10:02:40.214+00,15,1775,12,1228
2026-09-13 10:03:40.524+00,15,1775,13,1228
2026-09-13 10:04:41.104+00,14,1775,13,1228
2026-09-13 10:05:41.449+00,14,1775,13,1228
2026-09-13 10:06:41.769+00,14,1775,13,1228
2026-09-13 10:07:42.065+00,14,1775,13,1228
2026-09-13 10:08:42.389+00,14,1775,13,1228
2026-09-13 10:09:42.712+00,14,1775,13,1228
2026-09-13 10:10:43.030+00,14,1775,13,1228
2026-09-13 10:11:43.357+00,14,1775,16,1228
2026-09-13 10:12:43.665+00,14,1775,15,1228
2026-09-13 10:13:43.974+00,14,1775,15,1228
2026-09-13 10:14:44.283+00,14,1775,15,1228
2026-09-13 10:15:44.593+00,14,1775,15,1228
2026-09-13 10:16:44.924+00,15,1775,15,1228
2026-09-13 10:17:45.226+00,15,1775,15,1228
2026-09-13 10:18:45.557+00,15,1775,15,1228
2026-09-13 10:19:45.885+00,15,1775,15,1228
2026-09-13 10:20:46.187+00,16,1775,14,1228
2026-09-13 10:21:46.499+00,16,1775,14,1228
2026-09-13 10:22:46.814+00,16,1775,14,1228
2026-09-13 10:23:47.121+00,16,1775,13,1228
2026-09-13 10:24:47.436+00,18,1775,15,1228
2026-09-13 10:25:47.749+00,18,1775,15,1228
2026-09-13 10:26:48.060+00,18,1775,14,1228
2026-09-13 10:27:48.364+00,18,1775,14,1228
2026-09-13 10:28:48.690+00,19,1775,15,1228
2026-09-13 10:29:49.021+00,19,1775,15,1228
2026-09-13 10:30:49.316+00,20,1775,16,1228
2026-09-13 10:31:49.618+00,20,1775,17,1228
2026-09-13 10:32:49.960+00,22,1775,17,1228
2026-09-13 10:33:50.264+00,22,1775,17,1228
2026-09-13 10:34:50.574+00,22,1775,17,1228
2026-09-13 10:35:50.876+00,22,1775,17,1228
2026-09-13 10:36:51.188+00,22,1775,17,1228
2026-09-13 10:37:51.522+00,22,1775,17,1228
2026-09-13 10:38:51.887+00,21,1775,15,1228
2026-09-13 10:39:52.236+00,21,1775,15,1228
2026-09-13 10:40:52.552+00,20,1775,15,1228
2026-09-13 10:41:52.873+00,18,1775,15,1228
2026-09-13 10:42:53.182+00,18,1775,15,1228
2026-09-13 10:43:53.498+00,19,1775,15,1228
2026-09-13 10:44:53.798+00,20,1775,16,1228
2026-09-13 10:45:54.106+00,20,1775,16,1228
2026-09-13 10:46:54.414+00,20,1775,16,1228
2026-09-13 10:47:54.741+00,21,1775,16,1228
2026-09-13 10:48:55.077+00,21,1775,16,1228
2026-09-13 10:49:55.379+00,22,1775,16,1228
2026-09-13 10:50:55.690+00,23,1775,16,1228
2026-09-13 10:51:56.010+00,24,1775,16,1228
2026-09-13 10:52:56.321+00,24,1775,16,1228
2026-09-13 10:53:56.637+00,24,1775,16,1228
2026-09-13 10:54:56.946+00,25,1775,16,1228
2026-09-13 10:55:57.266+00,26,1775,18,1228
2026-09-13 10:56:57.571+00,26,1775,19,1228
2026-09-13 10:57:57.891+00,26,1775,19,1228
2026-09-13 10:58:58.194+00,26,1775,19,1228
2026-09-13 10:59:58.512+00,26,1775,19,1228
2026-09-13 11:00:58.834+00,27,1775,20,1228
2026-09-13 11:01:59.148+00,27,1775,20,1228
2026-09-13 11:02:59.466+00,27,1775,20,1228
2026-09-13 11:03:59.800+00,27,1775,20,1228
2026-09-13 11:05:00.109+00,27,1775,20,1228
2026-09-13 11:06:00.416+00,27,1775,20,1228
2026-09-13 11:07:00.718+00,29,1775,21,1228
2026-09-13 11:08:01.055+00,29,1775,21,1228
2026-09-13 11:09:01.406+00,29,1775,21,1228
2026-09-13 11:10:01.749+00,30,1775,21,1228
2026-09-13 11:11:02.054+00,31,1775,22,1228
2026-09-13 11:12:02.361+00,32,1775,23,1228
2026-09-13 11:13:02.698+00,33,1775,23,1228
2026-09-13 11:14:03.014+00,35,1775,23,1228
2026-09-13 11:15:03.324+00,35,1775,23,1228
2026-09-13 11:16:03.632+00,35,1775,23,1228
2026-09-13 11:17:03.966+00,35,1775,25,1228
2026-09-13 11:18:04.289+00,35,1775,25,1228
2026-09-13 11:19:04.625+00,34,1775,25,1228
2026-09-13 11:20:04.950+00,35,1775,25,1228
2026-09-13 11:21:05.256+00,35,1775,24,1228
2026-09-13 11:22:05.564+00,35,1775,24,1228
2026-09-13 11:23:05.885+00,35,1775,24,1228
2026-09-13 11:24:06.254+00,37,1775,24,1228
2026-09-13 11:25:06.546+00,39,1775,25,1228
2026-09-13 11:26:06.872+00,39,1775,26,1228
2026-09-13 11:27:07.188+00,39,1775,25,1228
2026-09-13 11:28:07.558+00,38,1775,25,1228
2026-09-13 11:29:07.885+00,38,1775,25,1228
2026-09-13 11:30:08.196+00,38,1775,26,1228
2026-09-13 11:31:08.518+00,39,1775,26,1228
2026-09-13 11:32:08.831+00,39,1775,26,1228
2026-09-13 11:33:09.137+00,40,1775,26,1228
2026-09-13 11:34:09.454+00,40,1775,27,1228
2026-09-13 11:35:09.836+00,40,1775,27,1228
2026-09-13 11:36:10.231+00,41,1775,27,1228
2026-09-13 11:37:10.581+00,41,1775,25,1228
2026-09-13 11:38:10.907+00,41,1775,23,1228
2026-09-13 11:39:11.250+00,41,1775,24,1228
2026-09-13 11:40:11.609+00,41,1775,23,1228
2026-09-13 11:41:11.940+00,41,1775,23,1228
2026-09-13 11:42:12.252+00,42,1775,23,1228
2026-09-13 11:43:12.562+00,43,1775,24,1228
2026-09-13 11:44:12.885+00,43,1775,24,1228
2026-09-13 11:45:13.205+00,43,1775,24,1228
2026-09-13 11:46:13.529+00,43,1775,26,1228
2026-09-13 11:47:13.855+00,44,1775,27,1228
2026-09-13 11:48:14.210+00,43,1775,27,1228
2026-09-13 11:49:14.523+00,44,1775,29,1228
2026-09-13 11:50:14.841+00,45,1775,30,1228
2026-09-13 11:51:15.173+00,45,1775,31,1228
2026-09-13 11:52:15.476+00,46,1775,31,1228
2026-09-13 11:53:15.829+00,45,1775,33,1228
2026-09-13 11:54:16.154+00,45,1775,34,1228
2026-09-13 11:55:16.450+00,45,1775,34,1228
2026-09-13 11:56:16.752+00,45,1775,34,1228
2026-09-13 11:57:17.059+00,45,1775,34,1228
2026-09-13 11:58:17.392+00,45,1775,34,1228
2026-09-13 11:59:17.753+00,45,1775,34,1228
2026-09-13 12:00:18.114+00,45,1775,33,1228
2026-09-13 12:01:18.631+00,46,1775,35,1228
2026-09-13 12:02:18.961+00,46,1775,36,1228
2026-09-13 12:03:19.311+00,48,1775,37,1228
2026-09-13 12:04:19.790+00,48,1775,37,1228
2026-09-13 12:05:20.128+00,48,1775,38,1228
2026-09-13 12:06:20.462+00,48,1775,38,1228
2026-09-13 12:07:20.866+00,48,1775,39,1228
2026-09-13 12:08:21.386+00,48,1775,39,1228
2026-09-13 12:09:21.739+00,48,1775,39,1228
2026-09-13 12:10:22.100+00,48,1775,40,1228
2026-09-13 12:11:22.428+00,48,1775,42,1228
2026-09-13 12:12:22.741+00,48,1775,41,1228
2026-09-13 12:13:23.054+00,47,1775,41,1228
2026-09-13 12:14:23.371+00,48,1775,42,1228
2026-09-13 12:15:23.686+00,49,1775,42,1228
2026-09-13 12:16:23.986+00,48,1775,43,1228
2026-09-13 12:17:24.313+00,48,1775,42,1228
2026-09-13 12:18:24.685+00,49,1775,43,1228
2026-09-13 12:19:25.017+00,49,1775,43,1228
2026-09-13 12:20:25.323+00,49,1775,43,1228
2026-09-13 12:21:25.633+00,49,1775,43,1228
2026-09-13 12:22:25.945+00,49,1775,42,1228
2026-09-13 12:23:26.259+00,47,1775,40,1228
2026-09-13 12:24:26.587+00,46,1775,41,1228
2026-09-13 12:25:26.912+00,46,1775,41,1228
2026-09-13 12:26:27.218+00,46,1775,41,1228
2026-09-13 12:27:27.521+00,46,1775,41,1228
2026-09-13 12:28:27.842+00,48,1775,42,1228
2026-09-13 12:29:28.169+00,50,1775,41,1228
2026-09-13 12:30:28.475+00,51,1775,43,1228
2026-09-13 12:31:28.770+00,51,1775,44,1228
2026-09-13 12:32:29.074+00,52,1775,45,1228
2026-09-13 12:33:29.386+00,53,1775,45,1228
2026-09-13 12:34:29.694+00,52,1775,44,1228
2026-09-13 12:35:30.013+00,53,1775,45,1228
2026-09-13 12:36:30.324+00,54,1775,46,1228
2026-09-13 12:37:30.628+00,53,1775,46,1228
2026-09-13 12:38:30.951+00,54,1775,46,1228
2026-09-13 12:39:31.249+00,54,1775,46,1228
2026-09-13 12:40:31.574+00,56,1775,49,1228
2026-09-13 12:41:31.885+00,57,1775,48,1228
2026-09-13 12:42:32.191+00,56,1775,48,1228
2026-09-13 12:43:32.533+00,56,1775,48,1228
2026-09-13 12:44:32.854+00,57,1775,49,1228
2026-09-13 12:45:33.174+00,57,1775,49,1228
2026-09-13 12:46:33.487+00,57,1775,49,1228
2026-09-13 12:47:33.808+00,57,1775,49,1228
2026-09-13 12:48:34.111+00,57,1775,49,1228
2026-09-13 12:49:34.418+00,57,1775,47,1228
2026-09-13 12:50:34.733+00,58,1775,48,1228
2026-09-13 12:51:35.052+00,58,1775,48,1228
2026-09-13 12:52:35.385+00,58,1775,47,1228
2026-09-13 12:53:35.972+00,58,1775,47,1228
2026-09-13 12:54:36.296+00,58,1775,47,1228
2026-09-13 12:55:36.580+00,59,1775,47,1228
2026-09-13 12:56:36.889+00,61,1775,46,1228
2026-09-13 12:57:37.190+00,62,1775,45,1228
2026-09-13 12:58:37.500+00,65,1775,45,1228
2026-09-13 12:59:37.808+00,66,1775,45,1228
2026-09-13 13:00:38.121+00,66,1775,44,1228
2026-09-13 13:01:38.440+00,67,1775,44,1228
2026-09-13 13:02:38.772+00,67,1775,44,1228
2026-09-13 13:03:39.168+00,67,1775,44,1228
2026-09-13 13:04:39.493+00,67,1775,44,1228
2026-09-13 13:05:39.800+00,67,1775,45,1228
2026-09-13 13:06:40.116+00,66,1775,45,1228
2026-09-13 13:07:40.477+00,68,1775,48,1228
2026-09-13 13:08:40.837+00,67,1775,48,1228
2026-09-13 13:09:41.192+00,66,1775,47,1228
2026-09-13 13:10:41.518+00,67,1775,47,1228
2026-09-13 13:11:41.839+00,66,1775,48,1228
2026-09-13 13:12:42.166+00,66,1775,48,1228
2026-09-13 13:13:42.481+00,66,1775,49,1228
2026-09-13 13:14:42.785+00,64,1775,50,1228
2026-09-13 13:15:43.091+00,64,1775,50,1228
2026-09-13 13:16:43.386+00,62,1775,52,1228
2026-09-13 13:17:43.712+00,61,1775,51,1228
2026-09-13 13:18:44.035+00,61,1775,51,1228
2026-09-13 13:19:44.382+00,62,1775,52,1228
2026-09-13 13:20:44.707+00,61,1775,52,1228
2026-09-13 13:21:45.017+00,61,1775,53,1228
2026-09-13 13:22:45.326+00,61,1775,53,1228
2026-09-13 13:23:45.640+00,61,1775,53,1228
2026-09-13 13:24:45.949+00,60,1775,53,1228
2026-09-13 13:25:46.274+00,60,1775,52,1228
2026-09-13 13:26:46.585+00,60,1775,52,1228
2026-09-13 13:27:46.921+00,61,1775,52,1228
2026-09-13 13:28:47.250+00,62,1775,53,1228
2026-09-13 13:29:47.584+00,62,1775,52,1228
2026-09-13 13:30:47.904+00,64,1775,51,1228
2026-09-13 13:31:48.203+00,63,1775,51,1228
2026-09-13 13:32:48.527+00,64,1775,51,1228
2026-09-13 13:33:48.852+00,64,1775,51,1228
2026-09-13 13:34:49.168+00,64,1775,52,1228
2026-09-13 13:35:49.461+00,64,1775,52,1228
2026-09-13 13:36:49.790+00,63,1775,52,1228
2026-09-13 13:37:50.143+00,64,1775,52,1228
2026-09-13 13:38:50.509+00,66,1775,52,1228
2026-09-13 13:39:50.894+00,66,1775,53,1228
2026-09-13 13:40:51.230+00,66,1775,52,1228
2026-09-13 13:41:51.533+00,65,1775,51,1228
2026-09-13 13:42:51.848+00,63,1775,50,1228
2026-09-13 13:43:52.171+00,63,1775,50,1228
2026-09-13 13:44:52.495+00,63,1775,50,1228
2026-09-13 13:45:52.812+00,62,1775,51,1228
2026-09-13 13:46:53.134+00,59,1775,52,1228
2026-09-13 13:47:53.440+00,59,1775,53,1228
2026-09-13 13:48:53.755+00,59,1775,53,1228
2026-09-13 13:49:54.060+00,59,1775,53,1228
2026-09-13 13:50:54.371+00,59,1775,54,1228
2026-09-13 13:51:54.678+00,60,1775,56,1228
2026-09-13 13:52:54.996+00,62,1775,56,1228
2026-09-13 13:53:55.310+00,65,1775,56,1228
2026-09-13 13:54:55.616+00,65,1775,56,1228
2026-09-13 13:55:55.927+00,65,1775,56,1228
2026-09-13 13:56:56.231+00,62,1775,55,1228
2026-09-13 13:57:56.552+00,62,1775,57,1228
2026-09-13 13:58:56.881+00,62,1775,58,1228
2026-09-13 13:59:57.185+00,61,1775,58,1228
2026-09-13 14:00:57.502+00,62,1775,59,1228
2026-09-13 14:01:57.807+00,62,1775,62,1228
2026-09-13 14:02:58.311+00,62,1775,62,1228
2026-09-13 14:03:58.619+00,64,1775,62,1228
2026-09-13 14:04:58.922+00,64,1775,64,1228
2026-09-13 14:05:59.225+00,64,1775,64,1228
2026-09-13 14:06:59.527+00,63,1775,64,1228
2026-09-13 14:07:59.874+00,62,1775,63,1228
2026-09-13 14:09:00.234+00,63,1775,61,1228
2026-09-13 14:10:00.616+00,63,1775,60,1228
2026-09-13 14:11:00.936+00,63,1775,60,1228
2026-09-13 14:12:01.251+00,63,1775,62,1228
2026-09-13 14:13:01.568+00,64,1775,62,1228
2026-09-13 14:14:01.888+00,64,1775,62,1228
2026-09-13 14:15:02.238+00,64,1775,62,1228
2026-09-13 14:16:02.556+00,64,1775,63,1228
2026-09-13 14:17:02.868+00,64,1775,63,1228
2026-09-13 14:18:03.261+00,64,1775,63,1228
2026-09-13 14:19:03.615+00,63,1775,63,1228
2026-09-13 14:20:03.957+00,64,1775,61,1228
2026-09-13 14:21:04.308+00,65,1775,63,1228
2026-09-13 14:22:04.612+00,65,1775,63,1228
2026-09-13 14:23:04.920+00,63,1775,62,1228
2026-09-13 14:24:05.239+00,63,1775,63,1228
2026-09-13 14:25:05.532+00,63,1775,63,1228
2026-09-13 14:26:05.854+00,61,1775,63,1228
2026-09-13 14:27:06.154+00,61,1775,64,1228
2026-09-13 14:28:06.467+00,61,1775,64,1228
2026-09-13 14:29:06.771+00,61,1775,66,1228
2026-09-13 14:30:07.074+00,61,1775,64,1228
2026-09-13 14:31:07.407+00,61,1775,64,1228
2026-09-13 14:32:07.719+00,61,1775,64,1228
2026-09-13 14:33:08.034+00,61,1775,65,1228
2026-09-13 14:34:08.341+00,63,1775,65,1228
2026-09-13 14:35:08.677+00,62,1775,65,1228
2026-09-13 14:36:09.016+00,63,1775,65,1228
2026-09-13 14:37:09.329+00,61,1775,65,1228
2026-09-13 14:38:09.660+00,61,1775,66,1228
2026-09-13 14:39:10.013+00,63,1775,67,1228
2026-09-13 14:40:10.341+00,63,1775,68,1228
2026-09-13 14:41:10.647+00,63,1775,66,1228
2026-09-13 14:42:10.957+00,62,1775,66,1228
2026-09-13 14:43:11.260+00,62,1775,67,1228
2026-09-13 14:44:11.582+00,61,1775,67,1228
2026-09-13 14:45:11.890+00,61,1775,69,1228
2026-09-13 14:46:12.188+00,62,1775,69,1228
2026-09-13 14:47:12.523+00,63,1775,69,1228
2026-09-13 14:48:12.824+00,63,1775,69,1228
2026-09-13 14:49:13.125+00,63,1775,68,1228
2026-09-13 14:50:13.442+00,63,1775,68,1228
2026-09-13 14:51:13.765+00,63,1775,68,1228
2026-09-13 14:52:14.065+00,63,1775,68,1228
2026-09-13 14:53:14.381+00,63,1775,68,1228
2026-09-13 14:54:14.708+00,63,1775,68,1228
2026-09-13 14:55:15.023+00,63,1775,67,1228
2026-09-13 14:56:15.338+00,63,1775,67,1228
2026-09-13 14:57:15.657+00,63,1775,66,1228
2026-09-13 14:58:15.952+00,63,1775,68,1228
2026-09-13 14:59:16.250+00,63,1775,67,1228
2026-09-13 15:00:16.573+00,63,1775,68,1228
2026-09-13 15:01:16.880+00,62,1775,70,1228
2026-09-13 15:02:17.187+00,61,1775,71,1228
2026-09-13 15:03:17.506+00,60,1775,70,1228
2026-09-13 15:04:17.823+00,60,1775,70,1228
2026-09-13 15:05:18.141+00,59,1775,72,1228
2026-09-13 15:06:18.454+00,58,1775,69,1228
2026-09-13 15:07:18.806+00,57,1775,69,1228
2026-09-13 15:08:19.149+00,58,1775,69,1228
2026-09-13 15:09:19.510+00,58,1775,68,1228
2026-09-13 15:10:19.844+00,60,1775,69,1228
2026-09-13 15:11:20.172+00,60,1775,69,1228
2026-09-13 15:12:20.471+00,60,1775,68,1228
2026-09-13 15:13:20.777+00,60,1775,68,1228
2026-09-13 15:14:21.096+00,62,1775,68,1228
2026-09-13 15:15:21.401+00,62,1775,67,1228
2026-09-13 15:16:21.709+00,63,1775,65,1228
2026-09-13 15:17:22.021+00,61,1775,65,1228
2026-09-13 15:18:22.335+00,61,1775,65,1228
2026-09-13 15:19:22.626+00,61,1775,65,1228
2026-09-13 15:20:22.987+00,61,1775,65,1228
2026-09-13 15:21:23.298+00,60,1775,64,1228
2026-09-13 15:22:23.606+00,61,1775,63,1228
2026-09-13 15:23:23.918+00,61,1775,64,1228
2026-09-13 15:24:24.212+00,60,1775,64,1228
2026-09-13 15:25:24.516+00,61,1775,64,1228
2026-09-13 15:26:24.822+00,62,1775,65,1228
2026-09-13 15:27:25.122+00,61,1775,65,1228
2026-09-13 15:28:25.436+00,62,1775,66,1228
2026-09-13 15:29:25.750+00,62,1775,66,1228
2026-09-13 15:30:26.070+00,62,1775,66,1228
2026-09-13 15:31:26.400+00,64,1775,66,1228
2026-09-13 15:32:26.735+00,65,1775,66,1228
2026-09-13 15:33:27.053+00,64,1775,67,1228
2026-09-13 15:34:27.368+00,63,1775,67,1228
2026-09-13 15:35:27.673+00,63,1775,67,1228
2026-09-13 15:36:28.031+00,63,1775,69,1228
2026-09-13 15:37:28.345+00,63,1775,70,1228
2026-09-13 15:38:28.679+00,63,1775,71,1228
2026-09-13 15:39:29.031+00,65,1775,73,1228
2026-09-13 15:40:29.364+00,65,1775,72,1228
2026-09-13 15:41:29.681+00,65,1775,73,1228
2026-09-13 15:42:29.992+00,65,1775,73,1228
2026-09-13 15:43:30.297+00,65,1775,72,1228
2026-09-13 15:44:30.630+00,65,1775,72,1228
2026-09-13 15:45:30.930+00,65,1775,72,1228
2026-09-13 15:46:31.243+00,65,1775,73,1228
2026-09-13 15:47:31.569+00,65,1775,72,1228
2026-09-13 15:48:31.917+00,65,1775,68,1228
2026-09-13 15:49:32.233+00,64,1775,70,1228
2026-09-13 15:50:32.565+00,64,1775,72,1228
2026-09-13 15:51:32.845+00,64,1775,71,1228
2026-09-13 15:52:33.145+00,64,1775,70,1228
2026-09-13 15:53:33.447+00,65,1775,70,1228
2026-09-13 15:54:33.751+00,65,1775,71,1228
2026-09-13 15:55:34.063+00,64,1775,71,1228
2026-09-13 15:56:34.380+00,65,1775,74,1228
2026-09-13 15:57:34.713+00,65,1775,74,1228
2026-09-13 15:58:35.044+00,66,1775,75,1228
2026-09-13 15:59:35.360+00,66,1775,75,1228
2026-09-13 16:00:35.699+00,65,1775,75,1228
2026-09-13 16:01:36.014+00,64,1775,76,1228
2026-09-13 16:02:36.341+00,62,1775,75,1228
2026-09-13 16:03:36.638+00,62,1775,77,1228
2026-09-13 16:04:36.948+00,61,1775,78,1228
2026-09-13 16:05:37.272+00,61,1775,78,1228
2026-09-13 16:06:37.575+00,61,1775,77,1228
2026-09-13 16:07:37.909+00,61,1775,77,1228
2026-09-13 16:08:38.240+00,62,1775,75,1228
2026-09-13 16:09:38.594+00,62,1775,76,1228
2026-09-13 16:10:38.946+00,62,1775,76,1228
2026-09-13 16:11:39.257+00,60,1775,76,1228
2026-09-13 16:12:39.564+00,59,1775,75,1228
2026-09-13 16:13:39.875+00,59,1775,75,1228
2026-09-13 16:14:40.182+00,59,1775,77,1228
2026-09-13 16:15:40.483+00,59,1775,75,1228
2026-09-13 16:16:40.806+00,59,1775,75,1228
2026-09-13 16:17:41.138+00,58,1775,74,1228
2026-09-13 16:18:41.477+00,58,1775,75,1228
2026-09-13 16:19:41.819+00,58,1775,75,1228
2026-09-13 16:20:42.169+00,58,1775,75,1228
2026-09-13 16:21:42.507+00,59,1775,76,1228
2026-09-13 16:22:42.812+00,61,1775,76,1228
2026-09-13 16:23:43.158+00,61,1775,77,1228
2026-09-13 16:24:43.475+00,62,1775,77,1228
2026-09-13 16:25:43.793+00,61,1775,77,1228
2026-09-13 16:26:44.108+00,61,1775,76,1228
2026-09-13 16:27:44.412+00,58,1775,76,1228
2026-09-13 16:28:44.709+00,57,1775,76,1228
2026-09-13 16:29:45.077+00,57,1775,76,1228
2026-09-13 16:30:45.428+00,56,1775,76,1228
2026-09-13 16:31:45.739+00,56,1775,77,1228
2026-09-13 16:32:46.044+00,56,1775,77,1228
2026-09-13 16:33:46.380+00,56,1775,77,1228
2026-09-13 16:34:46.702+00,56,1775,79,1228
2026-09-13 16:35:47.035+00,56,1775,79,1228
2026-09-13 16:36:47.357+00,56,1775,79,1228
2026-09-13 16:37:47.688+00,56,1775,76,1228
2026-09-13 16:38:48.051+00,56,1775,76,1228
2026-09-13 16:39:48.390+00,56,1775,75,1228
2026-09-13 16:40:48.713+00,57,1775,74,1228
2026-09-13 16:41:49.039+00,57,1775,74,1228
2026-09-13 16:42:49.349+00,57,1775,74,1228
2026-09-13 16:43:49.717+00,58,1775,74,1228
2026-09-13 16:44:50.048+00,57,1775,77,1228
2026-09-13 16:45:50.374+00,57,1775,77,1228
2026-09-13 16:46:50.692+00,57,1775,76,1228
2026-09-13 16:47:51.009+00,56,1775,70,1228
2026-09-13 16:48:51.318+00,56,1775,70,1228
2026-09-13 16:49:51.627+00,55,1775,70,1228
2026-09-13 16:50:51.950+00,55,1775,70,1228
2026-09-13 16:51:52.278+00,54,1775,69,1228
2026-09-13 16:52:52.592+00,55,1775,66,1228
2026-09-13 16:53:52.927+00,54,1775,67,1228
2026-09-13 16:54:53.262+00,54,1775,70,1228
2026-09-13 16:55:53.586+00,52,1775,70,1228
2026-09-13 16:56:53.899+00,52,1775,70,1228
2026-09-13 16:57:54.203+00,50,1775,70,1228
2026-09-13 16:58:54.523+00,50,1775,68,1228
2026-09-13 16:59:54.834+00,50,1775,68,1228
2026-09-13 17:00:55.147+00,50,1775,69,1228
2026-09-13 17:01:55.463+00,49,1775,70,1228
2026-09-13 17:02:55.761+00,50,1775,70,1228
2026-09-13 17:03:56.071+00,50,1775,69,1228
2026-09-13 17:04:56.398+00,50,1775,67,1228
2026-09-13 17:05:56.745+00,50,1775,69,1228
2026-09-13 17:06:57.059+00,50,1775,69,1228
2026-09-13 17:07:57.392+00,50,1775,68,1228
2026-09-13 17:08:57.740+00,49,1775,68,1228
2026-09-13 17:09:58.073+00,49,1775,67,1228
2026-09-13 17:10:58.393+00,49,1775,66,1228
2026-09-13 17:11:58.705+00,49,1775,65,1228
2026-09-13 17:12:59.050+00,49,1775,67,1228
2026-09-13 17:13:59.644+00,47,1775,65,1228
2026-09-13 17:14:59.971+00,46,1775,64,1228
2026-09-13 17:16:00.412+00,46,1775,63,1228
2026-09-13 17:17:00.730+00,44,1775,63,1228
2026-09-13 17:18:01.039+00,44,1775,64,1228
2026-09-13 17:19:01.357+00,44,1775,62,1228
2026-09-13 17:20:01.710+00,43,1775,62,1228
2026-09-13 17:21:04.189+00,43,1775,64,1228
2026-09-13 17:22:04.539+00,43,1775,64,1228
2026-09-13 17:23:04.845+00,43,1775,64,1228
2026-09-13 17:24:05.154+00,42,1775,65,1228
2026-09-13 17:25:05.513+00,42,1775,64,1228
2026-09-13 17:26:05.842+00,42,1775,64,1228
2026-09-13 17:27:06.183+00,42,1775,64,1228
2026-09-13 17:28:06.499+00,42,1775,66,1228
2026-09-13 17:29:06.837+00,42,1775,66,1228
2026-09-13 17:30:07.160+00,42,1775,65,1228
2026-09-13 17:31:07.490+00,42,1775,67,1228
2026-09-13 17:32:07.811+00,41,1775,69,1228
2026-09-13 17:33:08.125+00,40,1775,69,1228
2026-09-13 17:34:08.438+00,38,1775,69,1228
2026-09-13 17:35:08.750+00,38,1775,67,1228
2026-09-13 17:36:09.170+00,38,1775,68,1228
2026-09-13 17:37:09.533+00,38,1775,66,1228
2026-09-13 17:38:09.885+00,37,1775,66,1228
2026-09-13 17:39:10.297+00,37,1775,64,1228
2026-09-13 17:40:10.731+00,37,1775,64,1228
2026-09-13 17:41:11.035+00,37,1775,61,1228
2026-09-13 17:42:11.358+00,37,1775,61,1228
2026-09-13 17:43:11.657+00,37,1775,61,1228
2026-09-13 17:44:11.980+00,37,1775,62,1228
2026-09-13 17:45:12.310+00,36,1775,61,1228
2026-09-13 17:46:12.628+00,35,1775,59,1228
2026-09-13 17:47:12.947+00,34,1775,59,1228
2026-09-13 17:48:13.289+00,34,1775,59,1228
2026-09-13 17:49:13.623+00,32,1775,59,1228
2026-09-13 17:50:14.036+00,31,1775,60,1228
2026-09-13 17:51:14.357+00,29,1775,61,1228
2026-09-13 17:52:14.668+00,29,1775,63,1228
2026-09-13 17:53:14.991+00,24,1775,63,1228
2026-09-13 17:54:15.307+00,24,1775,63,1228
2026-09-13 17:55:15.615+00,21,1775,63,1228
2026-09-13 17:56:15.919+00,21,1775,62,1228
2026-09-13 17:57:16.220+00,19,1775,61,1228
2026-09-13 17:58:16.533+00,15,1775,61,1228
2026-09-13 17:59:16.841+00,14,1775,61,1228
2026-09-13 18:00:17.189+00,14,1775,62,1228
2026-09-13 18:01:17.551+00,13,1775,62,1228
2026-09-13 18:02:17.879+00,11,1775,63,1228
2026-09-13 18:03:18.198+00,11,1775,62,1228
2026-09-13 18:04:18.508+00,9,1775,62,1228
2026-09-13 18:05:18.828+00,9,1775,62,1228
2026-09-13 18:06:19.131+00,9,1775,62,1228
2026-09-13 18:07:19.471+00,9,1775,61,1228
2026-09-13 18:08:19.944+00,9,1775,62,1228
2026-09-13 18:09:20.308+00,9,1775,63,1228
2026-09-13 18:10:20.696+00,9,1775,63,1228
2026-09-13 18:11:21.046+00,9,1775,65,1228
2026-09-13 18:12:21.370+00,9,1775,66,1228
2026-09-13 18:13:21.700+00,9,1775,68,1228
2026-09-13 18:14:22.039+00,9,1775,69,1228
2026-09-13 18:15:22.388+00,9,1775,68,1228
2026-09-13 18:16:22.746+00,9,1775,67,1228
2026-09-13 18:17:23.066+00,9,1775,67,1228
2026-09-13 18:18:23.406+00,9,1775,67,1228
2026-09-13 18:19:23.744+00,9,1775,67,1228
2026-09-13 18:20:24.059+00,9,1775,67,1228
2026-09-13 18:21:24.403+00,9,1775,67,1228
2026-09-13 18:22:24.737+00,9,1775,66,1228
2026-09-13 18:23:25.076+00,9,1775,67,1228
2026-09-13 18:24:25.394+00,9,1775,67,1228
2026-09-13 18:25:25.743+00,9,1775,67,1228
2026-09-13 18:26:26.043+00,9,1775,67,1228
2026-09-13 18:27:26.341+00,9,1775,67,1228
2026-09-13 18:28:26.647+00,9,1775,68,1228
2026-09-13 18:29:26.971+00,9,1775,69,1228
2026-09-13 18:30:27.294+00,9,1775,69,1228
2026-09-13 18:31:27.634+00,9,1775,71,1228
2026-09-13 18:32:27.951+00,9,1775,71,1228
2026-09-13 18:33:28.266+00,9,1775,71,1228
2026-09-13 18:34:28.580+00,9,1775,71,1228
2026-09-13 18:35:28.885+00,9,1775,69,1228
2026-09-13 18:36:29.848+00,9,1775,69,1228
2026-09-13 18:37:30.165+00,9,1775,70,1228
2026-09-13 18:38:30.507+00,9,1775,70,1228
2026-09-13 18:39:30.855+00,9,1775,70,1228
2026-09-13 18:40:31.237+00,9,1775,69,1228
2026-09-13 18:41:31.549+00,9,1775,68,1228
2026-09-13 18:42:31.860+00,9,1775,64,1228
2026-09-13 18:43:32.173+00,9,1775,64,1228
2026-09-13 18:44:32.487+00,9,1775,64,1228
2026-09-13 18:45:32.864+00,9,1775,65,1228
2026-09-13 18:46:33.179+00,9,1775,65,1228
2026-09-13 18:47:33.457+00,9,1775,65,1228
2026-09-13 18:48:33.768+00,9,1775,63,1228
2026-09-13 18:49:34.071+00,9,1775,63,1228
2026-09-13 18:50:34.405+00,9,1775,63,1228
2026-09-13 18:51:34.723+00,9,1775,63,1228
2026-09-13 18:52:35.056+00,9,1775,63,1228
2026-09-13 18:53:35.428+00,9,1775,62,1228
2026-09-13 18:54:35.787+00,9,1775,61,1228
2026-09-13 18:55:36.119+00,9,1775,63,1228
2026-09-13 18:56:36.451+00,9,1775,63,1228
2026-09-13 18:57:36.762+00,9,1775,62,1228
2026-09-13 18:58:37.068+00,9,1775,62,1228
2026-09-13 18:59:37.384+00,9,1775,62,1228
2026-09-13 19:00:37.716+00,9,1775,62,1228
2026-09-13 19:01:38.035+00,9,1775,62,1228
2026-09-13 19:02:38.352+00,9,1775,61,1228
2026-09-13 19:03:38.678+00,9,1775,61,1228
2026-09-13 19:04:38.991+00,9,1775,61,1228
2026-09-13 19:05:39.309+00,9,1775,61,1228
2026-09-13 19:06:39.632+00,9,1775,60,1228
2026-09-13 19:07:39.938+00,9,1775,60,1228
2026-09-13 19:08:40.321+00,9,1775,59,1228
2026-09-13 19:09:40.680+00,9,1775,57,1228
2026-09-13 19:10:41.012+00,9,1775,57,1228
2026-09-13 19:11:41.323+00,9,1775,56,1228
2026-09-13 19:12:41.646+00,9,1775,56,1228
2026-09-13 19:13:41.955+00,9,1775,56,1228
2026-09-13 19:14:42.267+00,9,1775,56,1228
2026-09-13 19:15:42.592+00,9,1775,56,1228
2026-09-13 19:16:42.922+00,9,1775,54,1228
2026-09-13 19:17:43.264+00,9,1775,53,1228
2026-09-13 19:18:43.578+00,9,1775,55,1228
2026-09-13 19:19:43.898+00,9,1775,56,1228
2026-09-13 19:20:44.233+00,9,1775,55,1228
2026-09-13 19:21:44.569+00,9,1775,55,1228
2026-09-13 19:22:44.886+00,9,1775,54,1228
2026-09-13 19:23:45.210+00,9,1775,53,1228
2026-09-13 19:24:45.519+00,9,1775,53,1228
2026-09-13 19:25:45.849+00,9,1775,53,1228
2026-09-13 19:26:46.166+00,9,1775,53,1228
2026-09-13 19:27:46.469+00,9,1775,51,1228
2026-09-13 19:28:46.812+00,9,1775,50,1228
2026-09-13 19:29:47.151+00,9,1775,50,1228
2026-09-13 19:30:47.500+00,9,1775,50,1228
2026-09-13 19:31:47.813+00,9,1775,50,1228
2026-09-13 19:32:48.152+00,9,1775,49,1228
2026-09-13 19:33:48.478+00,9,1775,50,1228
2026-09-13 19:34:48.694+00,9,1775,50,1228
2026-09-13 19:35:49.042+00,9,1775,49,1228
2026-09-13 19:36:49.398+00,9,1775,49,1228
2026-09-13 19:37:49.795+00,9,1775,49,1228
2026-09-13 19:38:50.176+00,9,1775,49,1228
2026-09-13 19:39:50.527+00,9,1775,48,1228
2026-09-13 19:40:50.869+00,9,1775,46,1228
2026-09-13 19:41:51.190+00,9,1775,46,1228
2026-09-13 19:42:51.497+00,9,1775,46,1228
2026-09-13 19:43:51.811+00,9,1775,46,1228
2026-09-13 19:44:52.123+00,9,1775,47,1228
2026-09-13 19:45:52.439+00,9,1775,47,1228
2026-09-13 19:46:52.748+00,9,1775,47,1228
2026-09-13 19:47:53.062+00,9,1775,47,1228
2026-09-13 19:48:53.353+00,9,1775,47,1228
2026-09-13 19:49:53.655+00,9,1775,47,1228
2026-09-13 19:50:53.991+00,9,1775,47,1228
2026-09-13 19:51:54.324+00,9,1775,47,1228
2026-09-13 19:52:54.642+00,9,1775,45,1228
2026-09-13 19:53:54.972+00,9,1775,45,1228
2026-09-13 19:54:55.304+00,9,1775,45,1228
2026-09-13 19:55:55.624+00,9,1775,45,1228
2026-09-13 19:56:55.940+00,9,1775,43,1228
2026-09-13 19:57:56.274+00,9,1775,40,1228
2026-09-13 19:58:56.618+00,9,1775,40,1228
2026-09-13 19:59:56.952+00,9,1775,37,1228
2026-09-13 20:00:57.255+00,9,1775,35,1228
2026-09-13 20:01:57.592+00,9,1775,33,1228
2026-09-13 20:02:57.887+00,9,1775,33,1228
2026-09-13 20:03:58.194+00,9,1775,35,1228
2026-09-13 20:04:58.504+00,9,1775,34,1228
2026-09-13 20:05:58.813+00,9,1775,34,1228
2026-09-13 20:06:59.163+00,9,1775,34,1228
2026-09-13 20:07:59.486+00,9,1775,32,1228
2026-09-13 20:08:59.825+00,9,1775,32,1228
2026-09-13 20:10:00.222+00,9,1775,32,1228
2026-09-13 20:11:00.535+00,9,1775,32,1228
2026-09-13 20:12:00.851+00,9,1775,32,1228
2026-09-13 20:13:01.164+00,9,1775,33,1228
2026-09-13 20:14:01.475+00,9,1775,32,1228
2026-09-13 20:15:01.801+00,9,1775,33,1228
2026-09-13 20:16:02.116+00,9,1775,34,1228
2026-09-13 20:17:02.434+00,9,1775,34,1228
2026-09-13 20:18:02.771+00,9,1775,34,1228
2026-09-13 20:19:03.101+00,9,1775,34,1228
2026-09-13 20:20:03.407+00,9,1775,33,1228
2026-09-13 20:21:03.732+00,9,1775,33,1228
2026-09-13 20:22:04.046+00,9,1775,33,1228
2026-09-13 20:23:04.355+00,9,1775,35,1228
2026-09-13 20:24:04.673+00,9,1775,35,1228
2026-09-13 20:25:05.006+00,9,1775,34,1228
2026-09-13 20:26:05.435+00,9,1775,34,1228
2026-09-13 20:27:05.777+00,9,1775,34,1228
2026-09-13 20:28:06.091+00,9,1775,32,1228
2026-09-13 20:29:06.420+00,9,1775,32,1228
2026-09-13 20:30:06.739+00,9,1775,30,1228
2026-09-13 20:31:07.089+00,9,1775,29,1228
2026-09-13 20:32:07.411+00,9,1775,28,1228
2026-09-13 20:33:07.734+00,9,1775,28,1228
2026-09-13 20:34:08.095+00,9,1775,28,1228
2026-09-13 20:35:08.436+00,9,1775,28,1228
2026-09-13 20:36:08.776+00,9,1775,27,1228
2026-09-13 20:37:09.086+00,9,1775,26,1228
2026-09-13 20:38:09.414+00,9,1775,23,1228
2026-09-13 20:39:09.747+00,9,1775,23,1228
2026-09-13 20:40:10.079+00,9,1775,23,1228
2026-09-13 20:41:10.439+00,9,1775,23,1228
2026-09-13 20:42:10.744+00,9,1775,23,1228
2026-09-13 20:43:11.053+00,9,1775,21,1228
2026-09-13 20:44:11.377+00,9,1775,21,1228
2026-09-13 20:45:11.701+00,9,1775,20,1228
2026-09-13 20:46:13.868+00,9,1775,21,1228
2026-09-13 20:47:14.293+00,9,1775,19,1228
2026-09-13 20:48:14.656+00,9,1775,15,1228
2026-09-13 20:49:14.995+00,9,1775,13,1228
2026-09-13 20:50:15.309+00,9,1775,13,1228
2026-09-13 20:51:15.620+00,9,1775,11,1228
2026-09-13 20:52:15.953+00,9,1775,8,1228
2026-09-13 20:53:16.312+00,9,1775,7,1228
2026-09-13 20:54:16.640+00,9,1775,7,1228
2026-09-13 20:55:16.986+00,9,1775,7,1228
2026-09-13 20:56:17.383+00,9,1775,7,1228
2026-09-13 20:57:17.707+00,9,1775,7,1228
2026-09-13 20:58:18.032+00,9,1775,6,1228
2026-09-13 20:59:18.362+00,9,1775,5,1228
2026-09-13 21:00:18.663+00,9,1775,4,1228
2026-09-13 21:01:18.976+00,9,1775,4,1228
2026-09-13 21:02:19.296+00,9,1775,4,1228
2026-09-13 21:03:19.684+00,9,1775,5,1228
2026-09-13 21:04:19.999+00,9,1775,5,1228
2026-09-13 21:05:20.324+00,9,1775,5,1228
2026-09-13 21:06:20.658+00,9,1775,5,1228
2026-09-13 21:07:20.981+00,9,1775,5,1228
2026-09-13 21:08:21.319+00,9,1775,5,1228
2026-09-13 21:09:21.674+00,9,1775,5,1228
2026-09-13 21:10:22.077+00,9,1775,5,1228
2026-09-13 21:11:22.385+00,9,1775,5,1228
2026-09-13 21:12:22.713+00,9,1775,5,1228
2026-09-13 21:13:23.034+00,9,1775,5,1228
2026-09-13 21:14:23.364+00,9,1775,5,1228
2026-09-13 21:15:23.698+00,9,1775,5,1228
2026-09-13 21:16:24.005+00,9,1775,5,1228
2026-09-13 21:17:24.453+00,9,1775,5,1228
2026-09-13 21:18:24.768+00,9,1775,5,1228
2026-09-13 21:19:25.076+00,9,1775,5,1228
2026-09-13 21:20:25.402+00,9,1775,5,1228
2026-09-13 21:21:25.731+00,9,1775,5,1228
2026-09-13 21:22:26.114+00,9,1775,5,1228
2026-09-13 21:23:26.516+00,9,1775,5,1228
2026-09-13 21:24:26.824+00,9,1775,5,1228
2026-09-13 21:25:27.134+00,9,1775,5,1228
2026-09-13 21:26:27.458+00,9,1775,5,1228
2026-09-13 21:27:27.789+00,9,1775,5,1228
2026-09-13 21:28:28.118+00,9,1775,5,1228
2026-09-13 21:29:28.425+00,9,1775,5,1228
2026-09-13 21:30:28.735+00,9,1775,5,1228
2026-09-13 21:31:29.048+00,9,1775,5,1228
2026-09-13 21:32:29.392+00,9,1775,5,1228
2026-09-13 21:33:29.804+00,9,1775,5,1228
2026-09-13 21:34:30.126+00,9,1775,5,1228
2026-09-13 21:35:30.493+00,9,1775,5,1228
2026-09-13 21:36:30.910+00,9,1775,5,1228
2026-09-13 21:37:31.269+00,9,1775,5,1228
2026-09-13 21:38:31.622+00,9,1775,5,1228
2026-09-13 21:39:31.974+00,9,1775,5,1228
2026-09-13 21:40:32.318+00,9,1775,5,1228
2026-09-13 21:41:32.626+00,9,1775,5,1228
2026-09-13 21:42:32.944+00,9,1775,5,1228
2026-09-13 21:43:33.248+00,9,1775,5,1228
2026-09-13 21:44:33.573+00,9,1775,5,1228
2026-09-13 21:45:33.893+00,9,1775,5,1228
2026-09-13 21:46:34.203+00,9,1775,5,1228
2026-09-13 21:47:34.600+00,9,1775,5,1228
2026-09-13 21:48:34.910+00,9,1775,5,1228
2026-09-13 21:49:35.218+00,9,1775,5,1228
2026-09-13 21:50:35.523+00,9,1775,5,1228
2026-09-13 21:51:35.841+00,9,1775,5,1228
2026-09-13 21:52:36.174+00,9,1775,5,1228
2026-09-13 21:53:36.500+00,9,1775,5,1228
2026-09-13 21:54:36.885+00,9,1775,5,1228
2026-09-13 21:55:37.187+00,9,1775,5,1228
2026-09-13 21:56:37.518+00,9,1775,5,1228
2026-09-13 21:57:37.847+00,9,1775,5,1228
2026-09-13 21:58:38.174+00,9,1775,5,1228
2026-09-13 21:59:38.519+00,9,1775,5,1228
2026-09-13 22:00:38.829+00,9,1775,5,1228
2026-09-13 22:01:39.209+00,9,1775,5,1228
2026-09-13 22:02:39.518+00,9,1775,5,1228
2026-09-13 22:03:39.828+00,9,1775,5,1228
2026-09-13 22:04:40.152+00,9,1775,5,1228
2026-09-13 22:05:40.468+00,9,1775,5,1228
2026-09-13 22:06:40.777+00,9,1775,5,1228
2026-09-13 22:07:41.097+00,9,1775,5,1228
2026-09-13 22:08:41.417+00,9,1775,5,1228
2026-09-13 22:09:41.773+00,9,1775,5,1228
2026-09-13 22:10:42.108+00,9,1775,5,1228
2026-09-13 22:11:42.432+00,9,1775,5,1228
2026-09-13 22:12:42.790+00,9,1775,5,1228
2026-09-13 22:13:43.110+00,9,1775,5,1228
2026-09-13 22:14:43.441+00,9,1775,5,1228
2026-09-13 22:15:43.843+00,9,1775,5,1228
2026-09-13 22:16:44.180+00,9,1775,5,1228
2026-09-13 22:17:44.499+00,9,1775,5,1228
2026-09-13 22:18:44.827+00,9,1775,5,1228
2026-09-13 22:19:45.289+00,9,1775,5,1228
2026-09-13 22:20:45.597+00,9,1775,5,1228
2026-09-13 22:21:45.907+00,9,1775,5,1228
2026-09-13 22:22:46.249+00,9,1775,5,1228
2026-09-13 22:23:46.564+00,9,1775,5,1228
2026-09-13 22:24:46.890+00,9,1775,5,1228
2026-09-13 22:25:47.341+00,9,1775,5,1228
2026-09-13 22:26:47.702+00,9,1775,5,1228
2026-09-13 22:27:48.009+00,9,1775,5,1228
2026-09-13 22:28:48.330+00,9,1775,5,1228
2026-09-13 22:29:48.654+00,9,1775,5,1228
2026-09-13 22:30:48.998+00,9,1775,5,1228
2026-09-13 22:31:49.310+00,9,1775,5,1228
2026-09-13 22:32:49.641+00,9,1775,5,1228
2026-09-13 22:33:49.964+00,9,1775,5,1228
2026-09-13 22:34:50.291+00,9,1775,5,1228
2026-09-13 22:35:50.602+00,9,1775,5,1228
2026-09-13 22:36:50.926+00,9,1775,5,1228
2026-09-13 22:37:51.337+00,9,1775,5,1228
2026-09-13 22:38:51.682+00,9,1775,5,1228
2026-09-13 22:39:52.091+00,9,1775,5,1228
2026-09-13 22:40:52.463+00,9,1775,5,1228
2026-09-13 22:41:52.781+00,9,1775,5,1228
2026-09-13 22:42:53.288+00,9,1775,5,1228
2026-09-13 22:43:53.836+00,9,1775,5,1228
2026-09-13 22:44:54.157+00,9,1775,5,1228
2026-09-13 22:45:54.560+00,9,1775,5,1228
2026-09-13 22:46:54.788+00,9,1775,5,1228
2026-09-13 22:47:55.213+00,9,1775,5,1228
2026-09-13 22:48:55.638+00,9,1775,5,1228
2026-09-13 22:49:55.994+00,9,1775,5,1228
2026-09-13 22:50:56.535+00,9,1775,5,1228
2026-09-13 22:51:56.862+00,9,1775,5,1228
2026-09-13 22:52:57.206+00,9,1775,5,1228
2026-09-13 22:53:57.545+00,9,1775,5,1228
2026-09-13 22:54:57.904+00,9,1775,5,1228
2026-09-13 22:55:58.318+00,9,1775,5,1228
2026-09-13 22:56:58.657+00,9,1775,5,1228
2026-09-13 22:57:59.285+00,9,1775,5,1228
2026-09-13 22:58:59.609+00,9,1775,5,1228
2026-09-13 22:59:59.915+00,9,1775,5,1228
2026-09-13 23:01:00.227+00,9,1775,5,1228
2026-09-13 23:02:00.559+00,9,1775,5,1228
2026-09-13 23:03:01.076+00,9,1775,5,1228
2026-09-13 23:04:01.386+00,9,1775,5,1228
2026-09-13 23:05:01.705+00,9,1775,5,1228
2026-09-13 23:06:02.016+00,9,1775,5,1228
2026-09-13 23:07:02.396+00,9,1775,5,1228
2026-09-13 23:08:02.737+00,9,1775,5,1228
2026-09-13 23:09:03.080+00,9,1775,5,1228
2026-09-13 23:10:03.420+00,9,1775,5,1228
2026-09-13 23:11:03.840+00,9,1775,5,1228
2026-09-13 23:12:04.163+00,9,1775,5,1228
2026-09-13 23:13:04.507+00,9,1775,5,1228
2026-09-13 23:14:04.857+00,9,1775,5,1228
2026-09-13 23:15:05.163+00,9,1775,5,1228
2026-09-13 23:16:05.487+00,9,1775,5,1228
2026-09-13 23:17:05.836+00,9,1775,5,1228
2026-09-13 23:18:06.169+00,9,1775,5,1228
2026-09-13 23:19:06.515+00,9,1775,5,1228
2026-09-13 23:20:06.870+00,9,1775,5,1228
2026-09-13 23:21:07.176+00,9,1775,5,1228
2026-09-13 23:22:07.518+00,9,1775,5,1228
2026-09-13 23:23:07.862+00,9,1775,5,1228
2026-09-13 23:24:08.578+00,9,1775,5,1228
2026-09-13 23:25:08.878+00,9,1775,5,1228
2026-09-13 23:26:09.252+00,9,1775,5,1228
2026-09-13 23:27:09.563+00,9,1775,5,1228
2026-09-13 23:28:09.867+00,9,1775,5,1228
2026-09-13 23:29:10.192+00,9,1775,5,1228
2026-09-13 23:30:10.507+00,9,1775,5,1228
2026-09-13 23:31:10.813+00,9,1775,5,1228
2026-09-13 23:32:11.120+00,9,1775,5,1228
2026-09-13 23:33:11.436+00,9,1775,5,1228
2026-09-13 23:34:11.744+00,9,1775,5,1228
2026-09-13 23:35:12.148+00,9,1775,5,1228
2026-09-13 23:36:12.494+00,9,1775,5,1228
2026-09-13 23:37:12.849+00,9,1775,5,1228
2026-09-13 23:38:13.250+00,9,1775,5,1228
2026-09-13 23:39:13.631+00,9,1775,5,1228
2026-09-13 23:40:13.959+00,9,1775,5,1228
2026-09-13 23:41:14.271+00,9,1775,5,1228
2026-09-13 23:42:14.594+00,9,1775,5,1228
2026-09-13 23:43:14.894+00,9,1775,5,1228
2026-09-13 23:44:15.208+00,9,1775,5,1228
2026-09-13 23:45:15.526+00,9,1775,5,1228
2026-09-13 23:46:15.840+00,9,1775,5,1228
2026-09-13 23:47:16.158+00,9,1775,5,1228
2026-09-13 23:48:16.472+00,9,1775,5,1228
2026-09-13 23:49:16.808+00,9,1775,5,1228
2026-09-13 23:50:17.128+00,9,1775,5,1228
2026-09-13 23:51:17.451+00,9,1775,5,1228
2026-09-13 23:52:17.768+00,9,1775,5,1228
2026-09-13 23:53:18.135+00,9,1775,5,1228
2026-09-13 23:54:18.485+00,9,1775,5,1228
2026-09-13 23:55:18.814+00,9,1775,5,1228
2026-09-13 23:56:19.122+00,9,1775,5,1228
2026-09-13 23:57:19.431+00,9,1775,5,1228
2026-09-13 23:58:19.747+00,9,1775,5,1228
2026-09-13 23:59:20.078+00,9,1775,5,1228
2026-09-14 00:00:20.406+00,9,1775,5,1228
2026-09-14 00:01:20.725+00,9,1775,5,1228
2026-09-14 00:02:21.045+00,9,1775,5,1228
2026-09-14 00:03:21.352+00,9,1775,5,1228
2026-09-14 00:04:21.660+00,9,1775,5,1228
2026-09-14 00:05:21.967+00,9,1775,5,1228
2026-09-14 00:06:22.276+00,9,1775,5,1228
2026-09-14 00:07:22.610+00,9,1775,5,1228
2026-09-14 00:08:22.917+00,9,1775,5,1228
2026-09-14 00:09:23.246+00,9,1775,5,1228
2026-09-14 00:10:23.597+00,9,1775,5,1228
2026-09-14 00:11:23.914+00,9,1775,5,1228
2026-09-14 00:12:24.224+00,9,1775,5,1228
2026-09-14 00:13:24.537+00,9,1775,5,1228
2026-09-14 00:14:24.869+00,9,1775,5,1228
2026-09-14 00:15:25.183+00,9,1775,5,1228
2026-09-14 00:16:25.515+00,9,1775,5,1228
2026-09-14 00:17:25.833+00,9,1775,5,1228
2026-09-14 00:18:26.162+00,9,1775,5,1228
2026-09-14 00:19:26.508+00,9,1775,5,1228
2026-09-14 00:20:26.835+00,9,1775,5,1228
2026-09-14 00:21:27.163+00,9,1775,5,1228
2026-09-14 00:22:27.471+00,9,1775,5,1228
2026-09-14 00:23:27.784+00,9,1775,5,1228
2026-09-14 00:24:28.103+00,9,1775,5,1228
2026-09-14 00:25:28.417+00,9,1775,5,1228
2026-09-14 00:26:28.729+00,9,1775,5,1228
2026-09-14 00:27:29.050+00,9,1775,5,1228
2026-09-14 00:28:29.365+00,9,1775,5,1228
2026-09-14 00:29:29.699+00,9,1775,5,1228
2026-09-14 00:30:30.013+00,9,1775,5,1228
2026-09-14 00:31:30.338+00,9,1775,5,1228
2026-09-14 00:32:30.637+00,9,1775,5,1228
2026-09-14 00:33:30.945+00,9,1775,5,1228
2026-09-14 00:34:31.252+00,9,1775,5,1228
2026-09-14 00:35:31.556+00,9,1775,5,1228
2026-09-14 00:36:31.864+00,9,1775,5,1228
2026-09-14 00:37:32.177+00,9,1775,5,1228
2026-09-14 00:38:32.524+00,9,1775,5,1228
2026-09-14 00:39:32.875+00,9,1775,5,1228
2026-09-14 00:40:33.209+00,9,1775,5,1228
2026-09-14 00:41:33.517+00,9,1775,5,1228
2026-09-14 00:42:33.830+00,9,1775,5,1228
2026-09-14 00:43:34.146+00,9,1775,5,1228
2026-09-14 00:44:34.489+00,9,1775,5,1228
2026-09-14 00:45:34.809+00,9,1775,5,1228
2026-09-14 00:46:35.135+00,9,1775,5,1228
2026-09-14 00:47:35.442+00,9,1775,5,1228
2026-09-14 00:48:35.797+00,9,1775,5,1228
2026-09-14 00:49:36.095+00,9,1775,5,1228
2026-09-14 00:50:36.423+00,9,1775,5,1228
2026-09-14 00:51:36.736+00,9,1775,5,1228
2026-09-14 00:52:37.047+00,9,1775,5,1228
2026-09-14 00:53:37.370+00,9,1775,5,1228
2026-09-14 00:54:37.685+00,9,1775,5,1228
2026-09-14 00:55:38.029+00,9,1775,5,1228
2026-09-14 00:56:38.340+00,9,1775,5,1228
2026-09-14 00:57:38.650+00,9,1775,5,1228
2026-09-14 00:58:38.958+00,9,1775,5,1228
2026-09-14 00:59:39.289+00,9,1775,5,1228
2026-09-14 01:00:39.599+00,9,1775,5,1228
2026-09-14 01:01:39.921+00,9,1775,5,1228
2026-09-14 01:02:40.237+00,9,1775,5,1228
2026-09-14 01:03:40.563+00,9,1775,5,1228
2026-09-14 01:04:40.867+00,9,1775,5,1228
2026-09-14 01:05:41.184+00,9,1775,5,1228
2026-09-14 01:06:41.502+00,9,1775,5,1228
2026-09-14 01:07:41.853+00,9,1775,5,1228
2026-09-14 01:08:42.206+00,9,1775,5,1228
2026-09-14 01:09:42.551+00,9,1775,5,1228
2026-09-14 01:10:42.896+00,9,1775,5,1228
2026-09-14 01:11:43.184+00,9,1775,5,1228
2026-09-14 01:12:43.494+00,9,1775,5,1228
2026-09-14 01:13:43.835+00,9,1775,5,1228
2026-09-14 01:14:44.193+00,9,1775,5,1228
2026-09-14 01:15:44.508+00,9,1775,5,1228
2026-09-14 01:16:44.896+00,9,1775,5,1228
2026-09-14 01:17:45.224+00,9,1775,5,1228
2026-09-14 01:18:45.576+00,9,1775,5,1228
2026-09-14 01:19:45.920+00,9,1775,5,1228
2026-09-14 01:20:46.241+00,9,1775,5,1228
2026-09-14 01:21:46.598+00,9,1775,5,1228
2026-09-14 01:22:46.931+00,9,1775,5,1228
2026-09-14 01:23:47.291+00,9,1775,5,1228
2026-09-14 01:24:47.599+00,9,1775,5,1228
2026-09-14 01:25:47.907+00,9,1775,5,1228
2026-09-14 01:26:48.230+00,9,1775,5,1228
2026-09-14 01:27:48.529+00,9,1775,5,1228
2026-09-14 01:28:48.846+00,9,1775,5,1228
2026-09-14 01:29:49.155+00,9,1775,5,1228
2026-09-14 01:30:49.463+00,9,1775,5,1228
2026-09-14 01:31:49.823+00,9,1775,5,1228
2026-09-14 01:32:50.153+00,9,1775,5,1228
2026-09-14 01:33:50.465+00,9,1775,5,1228
2026-09-14 01:34:50.780+00,9,1775,5,1228
2026-09-14 01:35:51.095+00,9,1775,5,1228
2026-09-14 01:36:51.409+00,9,1775,5,1228
2026-09-14 01:37:51.718+00,9,1775,5,1228
2026-09-14 01:38:52.048+00,9,1775,5,1228
2026-09-14 01:39:52.382+00,9,1775,5,1228
2026-09-14 01:40:52.684+00,9,1775,5,1228
2026-09-14 01:41:52.995+00,9,1775,5,1228
2026-09-14 01:42:53.335+00,9,1775,5,1228
2026-09-14 01:43:53.660+00,9,1775,5,1228
2026-09-14 01:44:53.977+00,9,1775,5,1228
2026-09-14 01:45:54.290+00,9,1775,5,1228
2026-09-14 01:46:54.603+00,9,1775,5,1228
2026-09-14 01:47:54.929+00,9,1775,5,1228
2026-09-14 01:48:55.254+00,9,1775,5,1228
2026-09-14 01:49:55.580+00,9,1775,5,1228
2026-09-14 01:50:55.892+00,9,1775,5,1228
2026-09-14 01:51:56.209+00,9,1775,5,1228
2026-09-14 01:52:56.511+00,9,1775,5,1228
2026-09-14 01:53:56.825+00,9,1775,5,1228
2026-09-14 01:54:57.140+00,9,1775,5,1228
2026-09-14 01:55:57.455+00,9,1775,5,1228
2026-09-14 01:56:57.754+00,9,1775,5,1228
2026-09-14 01:57:58.056+00,9,1775,5,1228
2026-09-14 01:58:58.385+00,9,1775,5,1228
2026-09-14 01:59:58.725+00,9,1775,5,1228
2026-09-14 02:00:59.040+00,9,1775,5,1228
2026-09-14 02:01:59.357+00,9,1775,5,1228
2026-09-14 02:02:59.668+00,9,1775,5,1228
2026-09-14 02:04:00.019+00,9,1775,5,1228
2026-09-14 02:05:00.336+00,9,1775,5,1228
2026-09-14 02:06:00.655+00,9,1775,5,1228
2026-09-14 02:07:00.961+00,9,1775,5,1228
2026-09-14 02:08:01.290+00,9,1775,5,1228
2026-09-14 02:09:01.669+00,9,1775,5,1228
2026-09-14 02:10:01.999+00,9,1775,5,1228
2026-09-14 02:11:02.300+00,9,1775,5,1228
2026-09-14 02:12:02.629+00,9,1775,5,1228
2026-09-14 02:13:02.969+00,9,1775,5,1228
2026-09-14 02:14:03.276+00,9,1775,5,1228
2026-09-14 02:15:03.598+00,9,1775,5,1228
2026-09-14 02:16:03.902+00,9,1775,5,1228
2026-09-14 02:17:04.225+00,9,1775,5,1228
2026-09-14 02:18:04.552+00,9,1775,5,1228
2026-09-14 02:19:04.888+00,9,1775,5,1228
2026-09-14 02:20:05.452+00,9,1775,5,1228
2026-09-14 02:21:05.808+00,9,1775,5,1228
2026-09-14 02:22:06.136+00,9,1775,5,1228
2026-09-14 02:23:06.441+00,9,1775,5,1228
2026-09-14 02:24:06.759+00,9,1775,5,1228
2026-09-14 02:25:07.099+00,9,1775,5,1228
2026-09-14 02:26:07.452+00,9,1775,5,1228
2026-09-14 02:27:07.783+00,9,1775,5,1228
2026-09-14 02:28:08.106+00,9,1775,5,1228
2026-09-14 02:29:08.427+00,9,1775,5,1228
2026-09-14 02:30:08.752+00,9,1775,5,1228
2026-09-14 02:31:09.054+00,9,1775,5,1228
2026-09-14 02:32:09.368+00,9,1775,5,1228
2026-09-14 02:33:09.687+00,9,1775,5,1228
2026-09-14 02:34:10.006+00,9,1775,5,1228
2026-09-14 02:35:10.317+00,9,1775,5,1228
2026-09-14 02:36:10.660+00,9,1775,5,1228
2026-09-14 02:37:11.014+00,9,1775,5,1228
2026-09-14 02:38:11.349+00,9,1775,5,1228
2026-09-14 02:39:11.692+00,9,1775,5,1228
2026-09-14 02:40:12.020+00,9,1775,5,1228
2026-09-14 02:41:12.333+00,9,1775,5,1228
2026-09-14 02:42:12.631+00,9,1775,5,1228
2026-09-14 02:43:12.985+00,9,1775,5,1228
2026-09-14 02:44:13.324+00,9,1775,5,1228
2026-09-14 02:45:13.650+00,9,1775,5,1228
2026-09-14 02:46:13.961+00,9,1775,5,1228
2026-09-14 02:47:14.285+00,9,1775,5,1228
2026-09-14 02:48:14.603+00,9,1775,5,1228
2026-09-14 02:49:14.923+00,9,1775,5,1228
2026-09-14 02:50:15.244+00,9,1775,5,1228
2026-09-14 02:51:15.545+00,9,1775,5,1228
2026-09-14 02:52:15.863+00,9,1775,5,1228
2026-09-14 02:53:16.179+00,9,1775,5,1228
2026-09-14 02:54:16.494+00,9,1775,5,1228
2026-09-14 02:55:16.859+00,9,1775,5,1228
2026-09-14 02:56:17.172+00,9,1775,5,1228
2026-09-14 02:57:17.491+00,9,1775,5,1228
2026-09-14 02:58:17.820+00,9,1775,5,1228
2026-09-14 02:59:18.139+00,9,1775,5,1228
2026-09-14 03:00:18.470+00,9,1775,5,1228
2026-09-14 03:01:18.799+00,9,1775,5,1228
2026-09-14 03:02:19.115+00,9,1775,5,1228
2026-09-14 03:03:19.432+00,9,1775,5,1228
2026-09-14 03:04:19.743+00,9,1775,5,1228
2026-09-14 03:05:20.049+00,9,1775,5,1228
2026-09-14 03:06:20.355+00,9,1775,5,1228
2026-09-14 03:07:20.664+00,9,1775,5,1228
2026-09-14 03:08:20.981+00,9,1775,5,1228
2026-09-14 03:09:21.319+00,9,1775,5,1228
2026-09-14 03:10:21.660+00,9,1775,5,1228
2026-09-14 03:11:21.975+00,9,1775,5,1228
2026-09-14 03:12:22.289+00,9,1775,5,1228
2026-09-14 03:13:22.597+00,9,1775,5,1228
2026-09-14 03:14:22.908+00,9,1775,5,1228
2026-09-14 03:15:23.216+00,9,1775,5,1228
2026-09-14 03:16:23.534+00,9,1775,5,1228
2026-09-14 03:17:23.855+00,9,1775,5,1228
2026-09-14 03:18:24.173+00,9,1775,5,1228
2026-09-14 03:19:24.491+00,9,1775,5,1228
2026-09-14 03:20:24.850+00,9,1775,5,1228
2026-09-14 03:21:25.195+00,9,1775,5,1228
2026-09-14 03:22:25.523+00,9,1775,5,1228
2026-09-14 03:23:25.836+00,9,1775,5,1228
2026-09-14 03:24:26.162+00,9,1775,5,1228
2026-09-14 03:25:26.468+00,9,1775,5,1228
2026-09-14 03:26:26.781+00,9,1775,5,1228
2026-09-14 03:27:27.089+00,9,1775,5,1228
2026-09-14 03:28:27.417+00,9,1775,5,1228
2026-09-14 03:29:27.731+00,9,1775,5,1228
2026-09-14 03:30:28.050+00,9,1775,5,1228
2026-09-14 03:31:28.358+00,9,1775,5,1228
2026-09-14 03:32:28.679+00,9,1775,5,1228
2026-09-14 03:33:28.983+00,9,1775,5,1228
2026-09-14 03:34:29.286+00,9,1775,5,1228
2026-09-14 03:35:29.600+00,9,1775,5,1228
2026-09-14 03:36:29.928+00,9,1775,5,1228
2026-09-14 03:37:30.269+00,9,1775,5,1228
2026-09-14 03:38:30.711+00,9,1775,5,1228
2026-09-14 03:39:31.065+00,9,1775,5,1228
2026-09-14 03:40:31.394+00,9,1775,5,1228
2026-09-14 03:41:31.731+00,9,1775,5,1228
2026-09-14 03:42:32.044+00,9,1775,5,1228
2026-09-14 03:43:32.350+00,9,1775,5,1228
2026-09-14 03:44:32.662+00,9,1775,5,1228
2026-09-14 03:45:32.961+00,9,1775,5,1228
2026-09-14 03:46:33.269+00,9,1775,5,1228
2026-09-14 03:47:33.578+00,9,1775,5,1228
2026-09-14 03:48:33.874+00,9,1775,5,1228
2026-09-14 03:49:34.212+00,9,1775,5,1228
2026-09-14 03:50:34.513+00,9,1775,5,1228
2026-09-14 03:51:34.848+00,9,1775,5,1228
2026-09-14 03:52:35.176+00,9,1775,5,1228
2026-09-14 03:53:35.490+00,9,1775,5,1228
2026-09-14 03:54:35.800+00,9,1775,5,1228
2026-09-14 03:55:36.127+00,9,1775,5,1228
2026-09-14 03:56:36.457+00,9,1775,5,1228
2026-09-14 03:57:36.764+00,9,1775,5,1228
2026-09-14 03:58:37.153+00,9,1775,5,1228
2026-09-14 03:59:37.474+00,9,1775,5,1228
2026-09-14 04:00:37.791+00,9,1775,5,1228
2026-09-14 04:01:38.094+00,9,1775,5,1228
2026-09-14 04:02:38.421+00,9,1775,5,1228
2026-09-14 04:03:38.742+00,9,1775,5,1228
2026-09-14 04:04:39.071+00,9,1775,5,1228
2026-09-14 04:05:39.380+00,9,1775,5,1228
2026-09-14 04:06:39.692+00,9,1775,5,1228
2026-09-14 04:07:40.021+00,9,1775,5,1228
2026-09-14 04:08:40.345+00,9,1775,5,1228
2026-09-14 04:09:40.700+00,9,1775,5,1228
2026-09-14 04:10:41.037+00,9,1775,5,1228
2026-09-14 04:11:41.347+00,9,1775,5,1228
2026-09-14 04:12:41.661+00,9,1775,5,1228
2026-09-14 04:13:41.976+00,9,1775,5,1228
2026-09-14 04:14:42.295+00,9,1775,5,1228
2026-09-14 04:15:42.612+00,9,1775,5,1228
2026-09-14 04:16:42.918+00,9,1775,5,1228
2026-09-14 04:17:43.233+00,9,1775,5,1228
2026-09-14 04:18:43.542+00,9,1775,5,1228
2026-09-14 04:19:43.839+00,9,1775,5,1228
2026-09-14 04:20:44.142+00,9,1775,5,1228
2026-09-14 04:21:44.446+00,9,1775,5,1228
2026-09-14 04:22:44.755+00,9,1775,5,1228
2026-09-14 04:23:45.050+00,9,1775,5,1228
2026-09-14 04:24:45.352+00,9,1775,5,1228
2026-09-14 04:25:45.656+00,9,1775,5,1228
2026-09-14 04:26:45.961+00,9,1775,5,1228
2026-09-14 04:27:46.292+00,9,1775,5,1228
2026-09-14 04:28:46.633+00,9,1775,5,1228
2026-09-14 04:29:46.930+00,9,1775,5,1228
2026-09-14 04:30:47.232+00,9,1775,5,1228
2026-09-14 04:31:47.531+00,9,1775,5,1228
2026-09-14 04:32:47.877+00,9,1775,5,1228
2026-09-14 04:33:48.191+00,9,1775,5,1228
2026-09-14 04:34:48.543+00,9,1775,5,1228
2026-09-14 04:35:48.857+00,9,1775,5,1228
2026-09-14 04:36:49.184+00,9,1775,5,1228
2026-09-14 04:37:49.487+00,9,1775,5,1228
2026-09-14 04:38:49.860+00,9,1775,5,1228
2026-09-14 04:39:50.230+00,9,1775,5,1228
2026-09-14 04:40:50.530+00,9,1775,5,1228
2026-09-14 04:41:50.840+00,9,1775,5,1228
2026-09-14 04:42:51.163+00,9,1775,5,1228
2026-09-14 04:43:51.482+00,9,1775,5,1228
2026-09-14 04:44:51.796+00,9,1775,5,1228
2026-09-14 04:45:52.106+00,9,1775,5,1228
2026-09-14 04:46:52.423+00,9,1775,5,1228
2026-09-14 04:47:52.732+00,9,1775,5,1228
2026-09-14 04:48:53.042+00,9,1775,5,1228
2026-09-14 04:49:53.345+00,9,1775,5,1228
2026-09-14 04:50:53.653+00,9,1775,5,1228
2026-09-14 04:51:53.970+00,9,1775,5,1228
2026-09-14 04:52:54.292+00,9,1775,5,1228
2026-09-14 04:53:54.601+00,9,1775,5,1228
2026-09-14 04:54:54.909+00,9,1775,5,1228
2026-09-14 04:55:55.223+00,9,1775,5,1228
2026-09-14 04:56:55.540+00,9,1775,5,1228
2026-09-14 04:57:55.861+00,9,1775,5,1228
2026-09-14 04:58:56.170+00,9,1775,5,1228
2026-09-14 04:59:56.482+00,9,1775,5,1228
2026-09-14 05:00:56.805+00,9,1775,5,1228
2026-09-14 05:01:57.112+00,9,1775,5,1228
2026-09-14 05:02:57.427+00,9,1775,5,1228
2026-09-14 05:03:57.745+00,9,1775,5,1228
2026-09-14 05:04:58.056+00,9,1775,5,1228
2026-09-14 05:05:58.370+00,9,1775,5,1228
2026-09-14 05:06:58.681+00,9,1775,5,1228
2026-09-14 05:07:59.019+00,9,1775,5,1228
2026-09-14 05:08:59.372+00,9,1775,5,1228
2026-09-14 05:09:59.705+00,9,1775,5,1228
2026-09-14 05:11:00.018+00,9,1775,5,1228
2026-09-14 05:12:00.330+00,9,1775,5,1228
2026-09-14 05:13:00.630+00,9,1775,5,1228
2026-09-14 05:14:00.945+00,9,1775,5,1228
2026-09-14 05:15:01.248+00,9,1775,5,1228
2026-09-14 05:16:01.581+00,9,1775,5,1228
2026-09-14 05:17:01.917+00,9,1775,5,1228
2026-09-14 05:18:02.235+00,9,1775,5,1228
2026-09-14 05:19:02.556+00,9,1775,5,1228
2026-09-14 05:20:02.896+00,9,1775,5,1228
2026-09-14 05:21:03.226+00,9,1775,5,1228
2026-09-14 05:22:03.536+00,9,1775,5,1228
2026-09-14 05:23:03.838+00,9,1775,5,1228
2026-09-14 05:24:04.175+00,9,1775,5,1228
2026-09-14 05:25:04.494+00,9,1775,5,1228
2026-09-14 05:26:04.801+00,9,1775,5,1228
2026-09-14 05:27:05.071+00,9,1775,5,1228
2026-09-14 05:28:05.417+00,9,1775,5,1228
2026-09-14 05:29:05.767+00,9,1775,5,1228
2026-09-14 05:30:06.125+00,9,1775,5,1228
2026-09-14 05:31:06.464+00,9,1775,5,1228
2026-09-14 05:32:06.787+00,9,1775,5,1228
2026-09-14 05:33:07.111+00,9,1775,5,1228
2026-09-14 05:34:07.428+00,9,1775,5,1228
2026-09-14 05:35:07.725+00,9,1775,5,1228
2026-09-14 05:36:08.044+00,11,1775,5,1228
2026-09-14 05:37:08.353+00,11,1775,5,1228
2026-09-14 05:38:08.686+00,11,1775,5,1228
2026-09-14 05:39:09.047+00,11,1775,5,1228
2026-09-14 05:40:09.405+00,11,1775,5,1228
2026-09-14 05:41:09.721+00,11,1775,5,1228
2026-09-14 05:42:10.037+00,11,1775,5,1228
2026-09-14 05:43:10.322+00,11,1775,5,1228
2026-09-14 05:44:10.636+00,11,1775,5,1228
2026-09-14 05:45:10.948+00,11,1775,5,1228
2026-09-14 05:46:11.263+00,11,1775,5,1228
2026-09-14 05:47:11.614+00,11,1775,5,1228
2026-09-14 05:48:11.985+00,11,1775,5,1228
2026-09-14 05:49:12.309+00,11,1775,5,1228
2026-09-14 05:50:12.613+00,11,1775,5,1228
2026-09-14 05:51:12.943+00,11,1775,5,1228
2026-09-14 05:52:13.256+00,11,1775,5,1228
2026-09-14 05:53:13.566+00,11,1775,5,1228
2026-09-14 05:54:13.872+00,11,1775,5,1228
2026-09-14 05:55:14.176+00,11,1775,5,1228
2026-09-14 05:56:14.472+00,11,1775,5,1228
2026-09-14 05:57:14.790+00,11,1775,5,1228
2026-09-14 05:58:15.112+00,11,1775,5,1228
2026-09-14 05:59:15.465+00,11,1775,5,1228
2026-09-14 06:00:15.783+00,2,1775,5,1228
2026-09-14 06:01:16.112+00,2,1775,5,1228
2026-09-14 06:02:16.440+00,2,1775,5,1228
2026-09-14 06:03:16.749+00,2,1775,5,1228
2026-09-14 06:04:17.071+00,2,1775,5,1228
2026-09-14 06:05:17.373+00,2,1775,0,1228
2026-09-14 06:06:17.680+00,2,1775,0,1228
2026-09-14 06:07:17.988+00,2,1775,0,1228
2026-09-14 06:08:18.361+00,2,1775,0,1228
2026-09-14 06:09:18.723+00,2,1775,0,1228
2026-09-14 06:10:19.050+00,2,1775,0,1228
2026-09-14 06:11:19.359+00,2,1775,0,1228
2026-09-14 06:12:19.677+00,2,1775,0,1228
2026-09-14 06:13:19.989+00,2,1775,0,1228
2026-09-14 06:14:20.284+00,2,1775,0,1228
2026-09-14 06:15:20.634+00,2,1775,0,1228
2026-09-14 06:16:20.992+00,2,1775,0,1228
2026-09-14 06:17:21.388+00,2,1775,0,1228
2026-09-14 06:18:21.728+00,2,1775,0,1228
2026-09-14 06:19:22.105+00,2,1775,0,1228
2026-09-14 06:20:22.444+00,2,1775,0,1228
2026-09-14 06:21:22.751+00,2,1775,0,1228
2026-09-14 06:22:23.071+00,2,1775,0,1228
2026-09-14 06:23:23.385+00,2,1775,0,1228
2026-09-14 06:24:23.703+00,2,1775,0,1228
2026-09-14 06:25:24.005+00,2,1775,0,1228
2026-09-14 06:26:24.312+00,2,1775,0,1228
2026-09-14 06:27:24.627+00,2,1775,0,1228
2026-09-14 06:28:24.953+00,2,1775,0,1228
2026-09-14 06:29:25.265+00,2,1775,0,1228
2026-09-14 06:30:25.584+00,2,1775,0,1228
2026-09-14 06:31:25.905+00,2,1775,0,1228
2026-09-14 06:32:26.224+00,2,1775,0,1228
2026-09-14 06:33:26.544+00,2,1775,0,1228
2026-09-14 06:34:26.853+00,2,1775,0,1228
2026-09-14 06:35:27.170+00,2,1775,0,1228
2026-09-14 06:36:27.494+00,2,1775,0,1228
2026-09-14 06:37:27.808+00,2,1775,0,1228
2026-09-14 06:38:28.149+00,2,1775,0,1228
2026-09-14 06:39:28.507+00,2,1775,0,1228
2026-09-14 06:40:28.837+00,2,1775,0,1228
2026-09-14 06:41:29.142+00,2,1775,0,1228
2026-09-14 06:42:29.454+00,2,1775,0,1228
2026-09-14 06:43:29.853+00,2,1775,0,1228
2026-09-14 06:44:30.216+00,2,1775,0,1228
2026-09-14 06:45:30.562+00,2,1775,0,1228
2026-09-14 06:46:30.903+00,2,1775,0,1228
2026-09-14 06:47:31.224+00,3,1775,0,1228
2026-09-14 06:48:31.525+00,2,1775,0,1228
2026-09-14 06:49:31.848+00,2,1775,0,1228
2026-09-14 06:50:32.182+00,2,1775,0,1228
2026-09-14 06:51:32.490+00,2,1775,0,1228
2026-09-14 06:52:32.809+00,2,1775,0,1228
2026-09-14 06:53:33.129+00,2,1775,0,1228
2026-09-14 06:54:33.449+00,2,1775,0,1228
2026-09-14 06:55:33.813+00,1,1775,0,1228
2026-09-14 06:56:34.123+00,1,1775,0,1228
2026-09-14 06:57:34.459+00,1,1775,0,1228
2026-09-14 06:58:34.760+00,1,1775,0,1228
2026-09-14 06:59:35.081+00,-1,1775,0,1228
2026-09-14 07:00:35.446+00,-1,1775,0,1228
2026-09-14 07:01:35.778+00,-1,1775,0,1228
2026-09-14 07:02:36.173+00,-1,1775,0,1228
2026-09-14 07:03:36.475+00,-1,1775,0,1228
2026-09-14 07:04:36.789+00,-1,1775,0,1228
2026-09-14 07:05:37.106+00,-1,1775,0,1228
2026-09-14 07:06:37.419+00,-1,1775,0,1228
2026-09-14 07:07:37.738+00,-1,1775,0,1228
2026-09-14 07:08:38.037+00,-1,1775,0,1228
2026-09-14 07:09:38.360+00,-1,1775,0,1228
2026-09-14 07:10:38.746+00,1,1775,0,1228
2026-09-14 07:11:39.082+00,1,1775,0,1228
2026-09-14 07:12:39.392+00,1,1775,0,1228
2026-09-14 07:13:39.707+00,1,1775,0,1228
2026-09-14 07:14:40.024+00,2,1775,0,1228
2026-09-14 07:15:40.350+00,2,1775,0,1228
2026-09-14 07:16:40.657+00,2,1775,0,1228
2026-09-14 07:17:40.966+00,2,1775,0,1228
2026-09-14 07:18:41.312+00,2,1775,0,1228
2026-09-14 07:19:41.623+00,2,1775,0,1228
2026-09-14 07:20:41.929+00,2,1775,0,1228
2026-09-14 07:21:42.246+00,3,1775,0,1228
2026-09-14 07:22:42.561+00,3,1775,0,1228
2026-09-14 07:23:43.093+00,3,1775,0,1228
2026-09-14 07:24:43.426+00,3,1775,0,1228
2026-09-14 07:25:43.728+00,4,1775,0,1228
2026-09-14 07:26:44.050+00,4,1775,0,1228
2026-09-14 07:27:44.374+00,4,1775,0,1228
2026-09-14 07:28:44.686+00,4,1775,0,1228
2026-09-14 07:29:45.007+00,5,1775,0,1228
2026-09-14 07:30:45.308+00,7,1775,0,1228
2026-09-14 07:31:45.655+00,7,1775,0,1228
2026-09-14 07:32:45.963+00,7,1775,0,1228
2026-09-14 07:33:46.269+00,9,1775,0,1228
2026-09-14 07:34:46.600+00,10,1775,0,1228
2026-09-14 07:35:46.963+00,10,1775,0,1228
2026-09-14 07:36:47.322+00,10,1775,0,1228
2026-09-14 07:37:47.728+00,10,1775,0,1228
2026-09-14 07:38:48.357+00,10,1775,0,1228
2026-09-14 07:39:48.677+00,10,1775,0,1228
2026-09-14 07:40:48.990+00,10,1775,0,1228
2026-09-14 07:41:49.312+00,10,1775,0,1228
2026-09-14 07:42:49.622+00,10,1775,0,1228
2026-09-14 07:43:49.938+00,10,1775,0,1228
2026-09-14 07:44:50.253+00,10,1775,0,1228
2026-09-14 07:45:50.557+00,10,1775,0,1228
2026-09-14 07:46:50.877+00,10,1775,0,1228
2026-09-14 07:47:51.180+00,10,1775,0,1228
2026-09-14 07:48:51.500+00,10,1775,0,1228
2026-09-14 07:49:51.816+00,10,1775,0,1228
2026-09-14 07:50:52.120+00,10,1775,0,1228
2026-09-14 07:51:52.419+00,10,1775,0,1228
2026-09-14 07:52:52.733+00,10,1775,0,1228
2026-09-14 07:53:53.047+00,12,1775,0,1228
2026-09-14 07:54:53.361+00,12,1775,0,1228
2026-09-14 07:55:53.659+00,13,1775,0,1228
2026-09-14 07:56:53.987+00,13,1775,0,1228
2026-09-14 07:57:54.309+00,13,1775,0,1228
2026-09-14 07:58:54.677+00,14,1775,0,1228
2026-09-14 07:59:55.011+00,14,1775,0,1228
2026-09-14 08:00:55.328+00,14,1775,0,1228
2026-09-14 08:01:55.657+00,14,1775,0,1228
2026-09-14 08:02:55.984+00,14,1775,0,1228
2026-09-14 08:03:56.311+00,15,1775,0,1228
2026-09-14 08:04:56.616+00,15,1775,0,1228
2026-09-14 08:05:56.918+00,15,1775,-1,1228
2026-09-14 08:06:57.235+00,17,1775,0,1228
2026-09-14 08:07:57.583+00,18,1775,0,1228
2026-09-14 08:08:57.938+00,18,1775,0,1228
2026-09-14 08:09:58.291+00,19,1775,0,1228
2026-09-14 08:10:58.629+00,19,1775,0,1228
2026-09-14 08:11:58.972+00,23,1775,0,1228
2026-09-14 08:12:59.274+00,23,1775,0,1228
2026-09-14 08:13:59.582+00,23,1775,0,1228
2026-09-14 08:14:59.910+00,24,1775,0,1228
2026-09-14 08:16:00.243+00,24,1775,0,1228
2026-09-14 08:17:00.550+00,25,1775,0,1228
2026-09-14 08:18:00.872+00,26,1775,0,1228
2026-09-14 08:19:01.204+00,26,1775,0,1228
2026-09-14 08:20:01.544+00,26,1775,0,1228
2026-09-14 08:21:01.868+00,26,1775,0,1228
2026-09-14 08:22:02.169+00,27,1775,0,1228
2026-09-14 08:23:02.512+00,27,1775,0,1228
2026-09-14 08:24:02.848+00,27,1775,0,1228
2026-09-14 08:25:03.139+00,25,1775,0,1228
2026-09-14 08:26:03.455+00,24,1775,0,1228
2026-09-14 08:27:03.788+00,24,1775,0,1228
2026-09-14 08:28:04.103+00,24,1775,0,1228
2026-09-14 08:29:04.422+00,24,1775,0,1228
2026-09-14 08:30:04.786+00,24,1775,0,1228
2026-09-14 08:31:05.179+00,25,1775,0,1228
2026-09-14 08:32:05.526+00,26,1775,0,1228
2026-09-14 08:33:05.840+00,26,1775,0,1228
2026-09-14 08:34:06.160+00,27,1775,0,1228
2026-09-14 08:35:06.537+00,27,1775,0,1228
2026-09-14 08:36:06.889+00,29,1775,0,1228
2026-09-14 08:37:07.234+00,30,1775,0,1228
2026-09-14 08:38:07.587+00,28,1775,0,1228
2026-09-14 08:39:07.916+00,30,1775,0,1228
2026-09-14 08:40:08.246+00,30,1775,0,1228
2026-09-14 08:41:08.556+00,30,1775,0,1228
2026-09-14 08:42:08.881+00,30,1775,0,1228
2026-09-14 08:43:09.211+00,30,1775,1,1228
2026-09-14 08:44:09.510+00,30,1775,1,1228
2026-09-14 08:45:09.838+00,30,1775,1,1228
2026-09-14 08:46:10.147+00,31,1775,1,1228
2026-09-14 08:47:10.472+00,32,1775,1,1228
2026-09-14 08:48:10.791+00,32,1775,1,1228
2026-09-14 08:49:11.111+00,32,1775,1,1228
2026-09-14 08:50:11.413+00,33,1775,1,1228
2026-09-14 08:51:11.725+00,34,1775,1,1228
2026-09-14 08:52:12.034+00,35,1775,1,1228
2026-09-14 08:53:12.435+00,38,1775,1,1228
2026-09-14 08:54:12.757+00,38,1775,1,1228
2026-09-14 08:55:13.077+00,40,1775,1,1228
2026-09-14 08:56:13.394+00,39,1775,1,1228
2026-09-14 08:57:13.707+00,41,1775,0,1228
2026-09-14 08:58:14.017+00,43,1775,0,1228
2026-09-14 08:59:14.329+00,45,1775,7,1228
2026-09-14 09:00:14.674+00,48,1775,8,1228
2026-09-14 09:01:14.990+00,47,1775,9,1228
2026-09-14 09:02:15.315+00,47,1775,7,1228
2026-09-14 09:03:15.628+00,48,1775,9,1228
2026-09-14 09:04:15.950+00,49,1775,11,1228
2026-09-14 09:05:16.283+00,52,1775,10,1228
2026-09-14 09:06:16.602+00,53,1775,10,1228
2026-09-14 09:07:16.914+00,54,1775,12,1228
2026-09-14 09:08:17.272+00,54,1775,12,1228
2026-09-14 09:09:17.631+00,57,1775,13,1228
2026-09-14 09:10:17.982+00,58,1775,13,1228
2026-09-14 09:11:18.319+00,58,1775,14,1228
2026-09-14 09:12:18.638+00,59,1775,14,1228
2026-09-14 09:13:18.965+00,60,1775,15,1228
2026-09-14 09:14:19.289+00,63,1775,13,1228
2026-09-14 09:15:19.602+00,62,1775,13,1228
2026-09-14 09:16:19.924+00,63,1775,14,1228
2026-09-14 09:17:20.238+00,63,1775,16,1228
2026-09-14 09:18:20.587+00,62,1775,17,1228
2026-09-14 09:19:20.922+00,62,1775,17,1228
2026-09-14 09:20:21.233+00,64,1775,18,1228
2026-09-14 09:21:21.543+00,64,1775,17,1228
2026-09-14 09:22:21.858+00,64,1775,19,1228
2026-09-14 09:23:22.171+00,65,1775,21,1228
2026-09-14 09:24:22.471+00,66,1775,22,1228
2026-09-14 09:25:22.778+00,65,1775,22,1228
2026-09-14 09:26:23.088+00,66,1775,25,1228
2026-09-14 09:27:23.373+00,66,1775,26,1228
2026-09-14 09:28:23.698+00,68,1775,25,1228
2026-09-14 09:29:24.026+00,69,1775,26,1228
2026-09-14 09:30:24.335+00,69,1775,26,1228
2026-09-14 09:31:24.634+00,70,1775,26,1228
2026-09-14 09:32:24.951+00,70,1775,27,1228
2026-09-14 09:33:25.264+00,70,1775,24,1228
2026-09-14 09:34:25.596+00,70,1775,25,1228
2026-09-14 09:35:25.916+00,69,1775,24,1228
2026-09-14 09:36:26.241+00,70,1775,25,1228
2026-09-14 09:37:26.592+00,72,1775,25,1228
2026-09-14 09:38:26.960+00,72,1775,29,1228
2026-09-14 09:39:27.299+00,73,1775,29,1228
2026-09-14 09:40:27.677+00,73,1775,29,1228
2026-09-14 09:41:28.052+00,72,1775,31,1228
2026-09-14 09:42:28.389+00,72,1775,32,1228
2026-09-14 09:43:28.702+00,75,1775,33,1228
2026-09-14 09:44:29.039+00,75,1775,33,1228
2026-09-14 09:45:29.388+00,76,1775,35,1228
2026-09-14 09:46:29.698+00,79,1775,38,1228
2026-09-14 09:47:30.030+00,79,1775,38,1228
2026-09-14 09:48:30.382+00,80,1775,39,1228
2026-09-14 09:49:30.735+00,82,1775,41,1228
2026-09-14 09:50:31.047+00,85,1775,40,1228
2026-09-14 09:51:31.341+00,85,1775,41,1228
2026-09-14 09:52:31.653+00,86,1775,43,1228
2026-09-14 09:53:31.968+00,87,1775,42,1228
2026-09-14 09:54:32.284+00,86,1775,43,1228
2026-09-14 09:55:32.611+00,87,1775,44,1228
2026-09-14 09:56:32.959+00,86,1775,44,1228
2026-09-14 09:57:33.293+00,85,1775,44,1228
2026-09-14 09:58:33.597+00,84,1775,45,1228
2026-09-14 09:59:33.934+00,83,1775,45,1228
2026-09-14 10:00:34.285+00,83,1775,45,1228
2026-09-14 10:01:34.606+00,83,1775,45,1228
2026-09-14 10:02:34.926+00,83,1775,45,1228
2026-09-14 10:03:35.295+00,83,1775,45,1228
2026-09-14 10:04:35.644+00,84,1775,44,1228
2026-09-14 10:05:35.979+00,85,1775,43,1228
2026-09-14 10:06:36.295+00,84,1775,43,1228
2026-09-14 10:07:36.598+00,86,1775,44,1228
2026-09-14 10:08:36.930+00,85,1775,46,1228
2026-09-14 10:09:37.261+00,85,1775,46,1228
2026-09-14 10:10:37.585+00,85,1775,46,1228
2026-09-14 10:11:37.902+00,87,1775,45,1228
2026-09-14 10:12:38.219+00,87,1775,46,1228
2026-09-14 10:13:38.556+00,88,1775,45,1228
2026-09-14 10:14:38.888+00,88,1775,49,1228
2026-09-14 10:15:39.196+00,88,1775,50,1228
2026-09-14 10:16:39.508+00,89,1775,51,1228
2026-09-14 10:17:39.834+00,88,1775,49,1228
2026-09-14 10:18:40.172+00,88,1775,52,1228
2026-09-14 10:19:40.513+00,89,1775,52,1228
2026-09-14 10:20:40.843+00,89,1775,52,1228
2026-09-14 10:21:41.192+00,89,1775,54,1228
2026-09-14 10:22:41.503+00,92,1775,56,1228
2026-09-14 10:23:41.826+00,92,1775,57,1228
2026-09-14 10:24:42.170+00,92,1775,58,1228
2026-09-14 10:25:42.499+00,93,1775,58,1228
2026-09-14 10:26:42.809+00,93,1775,57,1228
2026-09-14 10:27:43.129+00,93,1775,57,1228
2026-09-14 10:28:43.443+00,93,1775,58,1228
2026-09-14 10:29:43.772+00,95,1775,58,1228
2026-09-14 10:30:44.098+00,91,1775,59,1228
2026-09-14 10:31:44.443+00,92,1775,60,1228
2026-09-14 10:32:44.757+00,93,1775,61,1228
2026-09-14 10:33:45.086+00,92,1775,62,1228
2026-09-14 10:34:45.422+00,92,1775,63,1228
2026-09-14 10:35:45.818+00,94,1775,63,1228
2026-09-14 10:36:46.147+00,94,1775,65,1228
2026-09-14 10:37:46.467+00,95,1775,68,1228
2026-09-14 10:38:46.783+00,96,1775,67,1228
2026-09-14 10:39:47.116+00,96,1775,67,1228
2026-09-14 10:40:47.432+00,96,1775,66,1228
2026-09-14 10:41:47.743+00,96,1775,67,1228
2026-09-14 10:42:48.051+00,97,1775,67,1228
2026-09-14 10:43:48.368+00,98,1775,68,1228
2026-09-14 10:44:48.679+00,98,1775,67,1228
2026-09-14 10:45:48.982+00,99,1775,66,1228
2026-09-14 10:46:49.308+00,98,1775,66,1228
2026-09-14 10:47:49.629+00,98,1775,65,1228
2026-09-14 10:48:49.933+00,96,1775,67,1228
2026-09-14 10:49:50.232+00,97,1775,68,1228
2026-09-14 10:50:50.542+00,93,1775,63,1228
2026-09-14 10:51:50.869+00,93,1775,64,1228
2026-09-14 10:52:51.204+00,92,1775,65,1228
2026-09-14 10:53:51.515+00,94,1775,67,1228
2026-09-14 10:54:51.849+00,94,1775,67,1228
2026-09-14 10:55:52.180+00,97,1775,66,1228
2026-09-14 10:56:52.493+00,98,1775,68,1228
2026-09-14 10:57:52.813+00,99,1775,71,1228
2026-09-14 10:58:53.132+00,99,1775,71,1228
2026-09-14 10:59:53.451+00,99,1775,70,1228
2026-09-14 11:00:53.811+00,99,1775,72,1228
2026-09-14 11:01:54.164+00,98,1775,73,1228
2026-09-14 11:02:54.515+00,96,1775,75,1228
2026-09-14 11:03:54.916+00,96,1775,75,1228
2026-09-14 11:04:55.255+00,96,1775,74,1228
2026-09-14 11:05:55.605+00,97,1775,74,1228
2026-09-14 11:06:55.932+00,101,1775,74,1228
2026-09-14 11:07:56.244+00,102,1775,75,1228
2026-09-14 11:08:56.556+00,102,1775,75,1228
2026-09-14 11:09:56.859+00,101,1775,76,1228
2026-09-14 11:10:57.175+00,101,1775,76,1228
2026-09-14 11:11:57.496+00,100,1775,76,1228
2026-09-14 11:12:57.805+00,102,1775,83,1228
2026-09-14 11:13:58.145+00,101,1775,84,1228
2026-09-14 11:14:58.467+00,101,1775,85,1228
2026-09-14 11:15:58.778+00,101,1775,87,1228
2026-09-14 11:16:59.084+00,102,1775,86,1228
2026-09-14 11:17:59.432+00,102,1775,88,1228
2026-09-14 11:18:59.760+00,102,1775,86,1228
2026-09-14 11:20:00.121+00,101,1775,86,1228
2026-09-14 11:21:00.468+00,104,1775,86,1228
2026-09-14 11:22:00.796+00,105,1775,87,1228
2026-09-14 11:23:01.110+00,105,1775,89,1228
2026-09-14 11:24:01.410+00,105,1775,90,1228
2026-09-14 11:25:01.731+00,104,1775,90,1228
2026-09-14 11:26:02.034+00,103,1775,90,1228
2026-09-14 11:27:02.355+00,105,1775,90,1228
2026-09-14 11:28:02.663+00,105,1775,91,1228
2026-09-14 11:29:02.984+00,103,1775,92,1228
2026-09-14 11:30:03.369+00,104,1775,92,1228
2026-09-14 11:31:03.706+00,104,1775,92,1228
2026-09-14 11:32:04.028+00,104,1775,95,1228
2026-09-14 11:33:04.376+00,104,1775,95,1228
2026-09-14 11:34:04.718+00,104,1775,94,1228
2026-09-14 11:35:05.066+00,104,1775,96,1228
2026-09-14 11:36:05.381+00,106,1775,97,1228
2026-09-14 11:37:05.693+00,106,1775,99,1228
2026-09-14 11:38:05.993+00,107,1775,97,1228
2026-09-14 11:39:06.322+00,107,1775,97,1228
2026-09-14 11:40:06.643+00,108,1775,97,1228
2026-09-14 11:41:06.944+00,109,1775,98,1228
2026-09-14 11:42:07.255+00,109,1775,99,1228
2026-09-14 11:43:07.562+00,109,1775,99,1228
2026-09-14 11:44:07.872+00,110,1775,99,1228
2026-09-14 11:45:08.172+00,110,1775,101,1228
2026-09-14 11:46:08.482+00,111,1775,101,1228
2026-09-14 11:47:08.795+00,111,1775,101,1228
2026-09-14 11:48:09.101+00,111,1775,101,1228
2026-09-14 11:49:09.418+00,111,1775,102,1228
2026-09-14 11:50:09.732+00,110,1775,101,1228
2026-09-14 11:51:10.032+00,110,1775,102,1228
2026-09-14 11:52:10.343+00,113,1775,106,1228
2026-09-14 11:53:10.686+00,115,1775,107,1228
2026-09-14 11:54:11.008+00,115,1775,106,1228
2026-09-14 11:55:11.308+00,114,1775,104,1228
2026-09-14 11:56:11.613+00,114,1775,105,1228
2026-09-14 11:57:11.919+00,112,1775,110,1228
2026-09-14 11:58:12.239+00,115,1775,109,1228
2026-09-14 11:59:12.541+00,118,1775,108,1228
2026-09-14 12:00:12.858+00,118,1775,107,1228
2026-09-14 12:01:13.166+00,119,1775,107,1228
2026-09-14 12:02:13.486+00,120,1775,110,1228
2026-09-14 12:03:13.847+00,120,1775,109,1228
2026-09-14 12:04:14.202+00,122,1775,110,1228
2026-09-14 12:05:14.545+00,121,1775,111,1228
2026-09-14 12:06:14.886+00,121,1775,111,1228
2026-09-14 12:07:15.223+00,121,1775,111,1228
2026-09-14 12:08:15.541+00,123,1775,111,1228
2026-09-14 12:09:15.819+00,124,1775,113,1228
2026-09-14 12:10:16.124+00,124,1775,114,1228
2026-09-14 12:11:16.442+00,123,1775,113,1228
2026-09-14 12:12:16.765+00,125,1775,113,1228
2026-09-14 12:13:17.081+00,123,1775,113,1228
2026-09-14 12:14:17.396+00,122,1775,114,1228
2026-09-14 12:15:17.768+00,121,1775,114,1228
2026-09-14 12:16:18.078+00,123,1775,114,1228
2026-09-14 12:17:18.396+00,121,1775,112,1228
2026-09-14 12:18:18.728+00,121,1775,113,1228
2026-09-14 12:19:19.089+00,120,1775,114,1228
2026-09-14 12:20:19.407+00,119,1775,114,1228
2026-09-14 12:21:19.711+00,121,1775,112,1228
2026-09-14 12:22:20.025+00,122,1775,113,1228
2026-09-14 12:23:20.321+00,123,1775,113,1228
2026-09-14 12:24:20.629+00,122,1775,112,1228
2026-09-14 12:25:20.906+00,124,1775,109,1228
2026-09-14 12:26:21.206+00,124,1775,109,1228
2026-09-14 12:27:21.517+00,125,1775,109,1228
2026-09-14 12:28:21.838+00,124,1775,113,1228
2026-09-14 12:29:22.150+00,122,1775,115,1228
2026-09-14 12:30:22.464+00,123,1775,115,1228
2026-09-14 12:31:22.780+00,120,1775,118,1228
2026-09-14 12:32:23.091+00,115,1775,118,1228
2026-09-14 12:33:23.425+00,113,1775,118,1228
2026-09-14 12:34:23.773+00,113,1775,121,1228
2026-09-14 12:35:24.115+00,112,1775,121,1228
2026-09-14 12:36:24.435+00,112,1775,126,1228
2026-09-14 12:37:24.758+00,110,1775,129,1228
2026-09-14 12:38:25.081+00,111,1775,126,1228
2026-09-14 12:39:25.407+00,110,1775,125,1228
2026-09-14 12:40:25.760+00,112,1775,125,1228
2026-09-14 12:41:26.067+00,115,1775,121,1228
2026-09-14 12:42:26.461+00,117,1775,120,1228
2026-09-14 12:43:26.783+00,119,1775,120,1228
2026-09-14 12:44:27.117+00,120,1775,120,1228
2026-09-14 12:45:27.474+00,121,1775,120,1228
2026-09-14 12:46:27.779+00,125,1775,123,1228
2026-09-14 12:47:28.086+00,125,1775,120,1228
2026-09-14 12:48:28.398+00,129,1775,122,1228
2026-09-14 12:49:28.724+00,125,1775,116,1228
2026-09-14 12:50:29.034+00,124,1775,113,1228
2026-09-14 12:51:29.330+00,126,1775,113,1228
2026-09-14 12:52:29.634+00,121,1775,113,1228
2026-09-14 12:53:29.947+00,122,1775,115,1228
2026-09-14 12:54:30.310+00,122,1775,118,1228
2026-09-14 12:55:30.655+00,127,1775,121,1228
2026-09-14 12:56:30.954+00,128,1775,119,1228
2026-09-14 12:57:31.305+00,128,1775,120,1228
2026-09-14 12:58:31.601+00,128,1775,123,1228
2026-09-14 12:59:31.892+00,124,1775,121,1228
2026-09-14 13:00:32.210+00,117,1775,118,1228
2026-09-14 13:01:32.538+00,112,1775,119,1228
2026-09-14 13:02:32.904+00,110,1775,118,1228
2026-09-14 13:03:33.323+00,109,1775,114,1228
2026-09-14 13:04:33.661+00,108,1775,116,1228
2026-09-14 13:05:34.007+00,109,1775,115,1228
2026-09-14 13:06:34.338+00,108,1775,114,1228
2026-09-14 13:07:34.644+00,106,1775,111,1228
2026-09-14 13:08:34.942+00,109,1775,113,1228
2026-09-14 13:09:35.240+00,109,1775,112,1228
2026-09-14 13:10:35.537+00,111,1775,112,1228
2026-09-14 13:11:35.838+00,111,1775,111,1228
2026-09-14 13:12:36.144+00,112,1775,114,1228
2026-09-14 13:13:36.479+00,112,1775,114,1228
2026-09-14 13:14:36.795+00,112,1775,115,1228
2026-09-14 13:15:37.090+00,112,1775,115,1228
2026-09-14 13:16:37.415+00,110,1775,113,1228
2026-09-14 13:17:37.712+00,108,1775,112,1228
2026-09-14 13:18:38.041+00,107,1775,112,1228
2026-09-14 13:19:38.388+00,106,1775,111,1228
2026-09-14 13:20:38.716+00,106,1775,101,1228
2026-09-14 13:21:39.035+00,107,1775,102,1228
2026-09-14 13:22:39.356+00,108,1775,100,1228
2026-09-14 13:23:39.680+00,107,1775,97,1228
2026-09-14 13:24:40.010+00,108,1775,99,1228
2026-09-14 13:25:40.346+00,112,1775,101,1228
2026-09-14 13:26:40.701+00,112,1775,101,1228
2026-09-14 13:27:41.066+00,113,1775,100,1228
2026-09-14 13:28:41.425+00,114,1775,101,1228
2026-09-14 13:29:41.877+00,115,1775,102,1228
2026-09-14 13:30:42.230+00,115,1775,103,1228
2026-09-14 13:31:42.598+00,117,1775,105,1228
2026-09-14 13:32:42.940+00,114,1775,104,1228
2026-09-14 13:33:43.317+00,114,1775,105,1228
2026-09-14 13:34:43.686+00,114,1775,105,1228
2026-09-14 13:35:44.152+00,115,1775,105,1228
2026-09-14 13:36:44.516+00,116,1775,106,1228
2026-09-14 13:37:44.881+00,116,1775,104,1228
2026-09-14 13:38:45.229+00,121,1775,104,1228
2026-09-14 13:39:45.641+00,123,1775,105,1228
2026-09-14 13:40:45.981+00,123,1775,104,1228
2026-09-14 13:41:46.297+00,125,1775,104,1228
2026-09-14 13:42:46.595+00,129,1775,104,1228
2026-09-14 13:43:46.909+00,128,1775,103,1228
2026-09-14 13:44:47.240+00,129,1775,103,1228
2026-09-14 13:45:47.591+00,128,1775,103,1228
2026-09-14 13:46:47.898+00,126,1775,100,1228
2026-09-14 13:47:48.211+00,123,1775,101,1228
2026-09-14 13:48:48.530+00,129,1775,97,1228
2026-09-14 13:49:48.868+00,131,1775,95,1228
2026-09-14 13:50:49.194+00,133,1775,95,1228
2026-09-14 13:51:49.510+00,131,1775,93,1228
2026-09-14 13:52:49.802+00,133,1775,92,1228
2026-09-14 13:53:50.124+00,136,1775,96,1228
2026-09-14 13:54:50.439+00,136,1775,99,1228
2026-09-14 13:55:50.745+00,136,1775,99,1228
2026-09-14 13:56:51.112+00,138,1775,99,1228
2026-09-14 13:57:51.464+00,141,1775,100,1228
2026-09-14 13:58:51.803+00,147,1775,102,1228
2026-09-14 13:59:52.137+00,145,1775,100,1228
2026-09-14 14:00:52.436+00,146,1775,99,1228
2026-09-14 14:01:52.763+00,144,1775,99,1228
2026-09-14 14:02:53.108+00,144,1775,98,1228
2026-09-14 14:03:53.536+00,148,1775,97,1228
2026-09-14 14:04:53.882+00,150,1775,102,1228
2026-09-14 14:05:54.226+00,150,1775,101,1228
2026-09-14 14:06:54.576+00,148,1775,101,1228
2026-09-14 14:07:54.908+00,146,1775,101,1228
2026-09-14 14:08:55.233+00,144,1775,102,1228
2026-09-14 14:09:55.637+00,145,1775,101,1228
2026-09-14 14:10:55.980+00,147,1775,101,1228
2026-09-14 14:11:56.285+00,148,1775,100,1228
2026-09-14 14:12:56.591+00,150,1775,101,1228
2026-09-14 14:13:56.907+00,152,1775,102,1228
2026-09-14 14:14:57.219+00,154,1775,102,1228
2026-09-14 14:15:57.535+00,157,1775,102,1228
2026-09-14 14:16:58.015+00,159,1775,102,1228
2026-09-14 14:17:58.401+00,158,1775,100,1228
2026-09-14 14:18:58.753+00,157,1775,102,1228
2026-09-14 14:19:59.107+00,157,1775,101,1228
2026-09-14 14:20:59.445+00,158,1775,101,1228
2026-09-14 14:21:59.756+00,161,1775,101,1228
2026-09-14 14:23:00.145+00,159,1775,102,1228
2026-09-14 14:24:00.515+00,159,1775,101,1228
2026-09-14 14:25:00.878+00,159,1775,102,1228
2026-09-14 14:26:01.218+00,161,1775,102,1228
2026-09-14 14:27:01.549+00,161,1775,102,1228
2026-09-14 14:28:01.902+00,161,1775,103,1228
2026-09-14 14:29:02.255+00,161,1775,103,1228
2026-09-14 14:30:02.661+00,163,1775,103,1228
2026-09-14 14:31:03.013+00,162,1775,103,1228
2026-09-14 14:32:03.399+00,160,1775,102,1228
2026-09-14 14:33:03.820+00,159,1775,102,1228
2026-09-14 14:34:04.201+00,159,1775,104,1228
2026-09-14 14:35:04.643+00,158,1775,104,1228
2026-09-14 14:36:05.044+00,157,1775,105,1228
2026-09-14 14:37:05.380+00,157,1775,106,1228
2026-09-14 14:38:05.728+00,157,1775,106,1228
2026-09-14 14:39:06.082+00,156,1775,106,1228
2026-09-14 14:40:06.408+00,156,1775,105,1228
2026-09-14 14:41:06.758+00,157,1775,105,1228
2026-09-14 14:42:07.058+00,156,1775,105,1228
2026-09-14 14:43:07.385+00,156,1775,108,1228
2026-09-14 14:44:07.727+00,156,1775,108,1228
2026-09-14 14:45:08.033+00,157,1775,107,1228
2026-09-14 14:46:08.347+00,155,1775,107,1228
2026-09-14 14:47:08.650+00,155,1775,108,1228
2026-09-14 14:48:09.026+00,154,1775,108,1228
2026-09-14 14:49:09.366+00,154,1775,108,1228
2026-09-14 14:50:09.679+00,152,1775,108,1228
2026-09-14 14:51:10.006+00,154,1775,109,1228
2026-09-14 14:52:10.383+00,154,1775,109,1228
2026-09-14 14:53:10.723+00,156,1775,106,1228
2026-09-14 14:54:11.108+00,152,1775,106,1228
2026-09-14 14:55:11.470+00,152,1775,104,1228
2026-09-14 14:56:11.780+00,151,1775,104,1228
2026-09-14 14:57:12.151+00,147,1775,103,1228
2026-09-14 14:58:12.470+00,145,1775,106,1228
2026-09-14 14:59:12.897+00,143,1775,106,1228
2026-09-14 15:00:13.252+00,142,1775,105,1228
2026-09-14 15:01:13.602+00,140,1775,105,1228
2026-09-14 15:02:13.953+00,139,1775,107,1228
2026-09-14 15:03:14.366+00,141,1775,107,1228
2026-09-14 15:04:14.717+00,139,1775,108,1228
2026-09-14 15:05:15.027+00,141,1775,109,1228
2026-09-14 15:06:15.405+00,139,1775,108,1228
2026-09-14 15:07:15.797+00,138,1775,107,1228
2026-09-14 15:08:16.153+00,138,1775,106,1228
2026-09-14 15:09:16.468+00,137,1775,106,1228
2026-09-14 15:10:16.785+00,136,1775,108,1228
2026-09-14 15:11:17.128+00,135,1775,109,1228
2026-09-14 15:12:17.436+00,137,1775,109,1228
2026-09-14 15:13:17.768+00,138,1775,109,1228
2026-09-14 15:14:18.112+00,139,1775,110,1228
2026-09-14 15:15:18.414+00,139,1775,110,1228
2026-09-14 15:16:18.771+00,138,1775,110,1228
2026-09-14 15:17:19.072+00,138,1775,111,1228
2026-09-14 15:18:19.404+00,139,1775,111,1228
2026-09-14 15:19:19.753+00,141,1775,111,1228
2026-09-14 15:20:20.084+00,141,1775,109,1228
2026-09-14 15:21:20.386+00,140,1775,110,1228
2026-09-14 15:22:20.714+00,139,1775,111,1228
2026-09-14 15:23:21.082+00,137,1775,109,1228
2026-09-14 15:24:21.452+00,135,1775,109,1228
2026-09-14 15:25:21.769+00,135,1775,111,1228
2026-09-14 15:26:22.072+00,135,1775,110,1228
2026-09-14 15:27:22.388+00,134,1775,108,1228
2026-09-14 15:28:22.720+00,134,1775,110,1228
2026-09-14 15:29:23.056+00,135,1775,109,1228
2026-09-14 15:30:23.378+00,133,1775,110,1228
2026-09-14 15:31:23.734+00,132,1775,111,1228
2026-09-14 15:32:24.097+00,134,1775,112,1228
2026-09-14 15:33:24.449+00,133,1775,114,1228
2026-09-14 15:34:24.802+00,133,1775,112,1228
2026-09-14 15:35:25.199+00,133,1775,109,1228
2026-09-14 15:36:25.553+00,134,1775,106,1228
2026-09-14 15:37:25.977+00,133,1775,109,1228
2026-09-14 15:38:26.423+00,129,1775,104,1228
2026-09-14 15:39:26.807+00,129,1775,103,1228
2026-09-14 15:40:27.180+00,130,1775,104,1228
2026-09-14 15:41:27.551+00,130,1775,105,1228
2026-09-14 15:42:27.880+00,129,1775,104,1228
2026-09-14 15:43:28.221+00,130,1775,105,1228
2026-09-14 15:44:28.563+00,131,1775,106,1228
2026-09-14 15:45:28.880+00,130,1775,106,1228
2026-09-14 15:46:29.194+00,129,1775,106,1228
2026-09-14 15:47:29.506+00,130,1775,106,1228
2026-09-14 15:48:29.831+00,129,1775,109,1228
2026-09-14 15:49:30.167+00,129,1775,110,1228
2026-09-14 15:50:30.482+00,127,1775,113,1228
2026-09-14 15:51:30.817+00,127,1775,113,1228
2026-09-14 15:52:31.131+00,129,1775,115,1228
2026-09-14 15:53:31.442+00,130,1775,115,1228
2026-09-14 15:54:31.755+00,129,1775,115,1228
2026-09-14 15:55:32.054+00,130,1775,116,1228
2026-09-14 15:56:32.389+00,129,1775,117,1228
2026-09-14 15:57:32.733+00,129,1775,115,1228
2026-09-14 15:58:33.072+00,133,1775,114,1228
2026-09-14 15:59:33.410+00,133,1775,114,1228
2026-09-14 16:00:33.724+00,133,1775,114,1228
2026-09-14 16:01:34.091+00,128,1775,114,1228
2026-09-14 16:02:34.425+00,129,1775,115,1228
2026-09-14 16:03:34.746+00,125,1775,116,1228
2026-09-14 16:04:35.120+00,120,1775,115,1228
2026-09-14 16:05:35.478+00,118,1775,114,1228
2026-09-14 16:06:35.802+00,118,1775,115,1228
2026-09-14 16:07:36.119+00,118,1775,115,1228
2026-09-14 16:08:36.419+00,116,1775,116,1228
2026-09-14 16:09:36.719+00,115,1775,116,1228
2026-09-14 16:10:37.023+00,118,1775,114,1228
2026-09-14 16:11:37.335+00,117,1775,114,1228
2026-09-14 16:12:37.707+00,115,1775,113,1228
2026-09-14 16:13:38.056+00,109,1775,113,1228
2026-09-14 16:14:38.385+00,105,1775,112,1228
2026-09-14 16:15:38.781+00,106,1775,112,1228
2026-09-14 16:16:39.152+00,106,1775,114,1228
2026-09-14 16:17:39.518+00,106,1775,113,1228
2026-09-14 16:18:39.862+00,106,1775,113,1228
2026-09-14 16:19:40.251+00,107,1775,112,1228
2026-09-14 16:20:40.681+00,103,1775,113,1228
2026-09-14 16:21:41.041+00,104,1775,112,1228
2026-09-14 16:22:41.397+00,103,1775,111,1228
2026-09-14 16:23:41.830+00,100,1775,110,1228
2026-09-14 16:24:42.238+00,99,1775,114,1228
2026-09-14 16:25:42.585+00,100,1775,115,1228
2026-09-14 16:26:42.890+00,98,1775,110,1228
2026-09-14 16:27:43.207+00,98,1775,113,1228
2026-09-14 16:28:43.526+00,101,1775,113,1228
2026-09-14 16:29:43.900+00,99,1775,112,1228
2026-09-14 16:30:44.218+00,98,1775,112,1228
2026-09-14 16:31:44.569+00,96,1775,112,1228
2026-09-14 16:32:44.918+00,97,1775,114,1228
2026-09-14 16:33:45.278+00,97,1775,113,1228
2026-09-14 16:34:45.674+00,96,1775,111,1228
2026-09-14 16:35:46.020+00,100,1775,113,1228
2026-09-14 16:36:46.330+00,100,1775,114,1228
2026-09-14 16:37:46.641+00,99,1775,112,1228
2026-09-14 16:38:46.974+00,96,1775,111,1228
2026-09-14 16:39:47.356+00,94,1775,110,1228
2026-09-14 16:40:47.689+00,94,1775,109,1228
2026-09-14 16:41:48.036+00,93,1775,108,1228
2026-09-14 16:42:48.405+00,93,1775,108,1228
2026-09-14 16:43:48.752+00,93,1775,108,1228
2026-09-14 16:44:49.115+00,92,1775,108,1228
2026-09-14 16:45:49.458+00,91,1775,109,1228
2026-09-14 16:46:49.768+00,91,1775,107,1228
2026-09-14 16:47:50.085+00,88,1775,106,1228
2026-09-14 16:48:50.406+00,89,1775,105,1228
2026-09-14 16:49:50.787+00,90,1775,105,1228
2026-09-14 16:50:51.119+00,90,1775,105,1228
2026-09-14 16:51:51.669+00,89,1775,104,1228
2026-09-14 16:52:51.975+00,87,1775,104,1228
2026-09-14 16:53:52.340+00,85,1775,107,1228
2026-09-14 16:54:52.721+00,83,1775,111,1228
2026-09-14 16:55:53.073+00,83,1775,110,1228
2026-09-14 16:56:53.613+00,80,1775,109,1228
2026-09-14 16:57:53.996+00,80,1775,110,1228
2026-09-14 16:58:54.371+00,79,1775,108,1228
2026-09-14 16:59:54.778+00,76,1775,107,1228
2026-09-14 17:00:55.141+00,74,1775,106,1228
2026-09-14 17:01:55.487+00,74,1775,104,1228
2026-09-14 17:02:55.837+00,71,1775,105,1228
2026-09-14 17:03:56.248+00,70,1775,102,1228
2026-09-14 17:04:56.610+00,67,1775,102,1228
2026-09-14 17:05:56.938+00,67,1775,101,1228
2026-09-14 17:06:57.287+00,67,1775,100,1228
2026-09-14 17:07:57.600+00,67,1775,100,1228
2026-09-14 17:08:57.927+00,66,1775,97,1228
2026-09-14 17:09:58.315+00,63,1775,102,1228
2026-09-14 17:10:58.818+00,59,1775,103,1228
2026-09-14 17:11:59.155+00,59,1775,103,1228
2026-09-14 17:12:59.500+00,55,1775,103,1228
2026-09-14 17:13:59.819+00,54,1775,104,1228
2026-09-14 17:15:00.121+00,52,1775,103,1228
2026-09-14 17:16:00.449+00,49,1775,103,1228
2026-09-14 17:17:00.819+00,49,1775,103,1228
2026-09-14 17:18:01.186+00,53,1775,101,1228
2026-09-14 17:19:01.779+00,54,1775,102,1228
2026-09-14 17:20:02.104+00,53,1775,102,1228
2026-09-14 17:21:02.455+00,51,1775,101,1228
2026-09-14 17:22:02.791+00,51,1775,99,1228
2026-09-14 17:23:03.210+00,50,1775,97,1228
2026-09-14 17:24:03.602+00,49,1775,96,1228
2026-09-14 17:25:03.962+00,49,1775,97,1228
2026-09-14 17:26:04.270+00,50,1775,94,1228
2026-09-14 17:27:04.590+00,47,1775,93,1228
2026-09-14 17:28:04.991+00,45,1775,91,1228
2026-09-14 17:29:05.459+00,44,1775,91,1228
2026-09-14 17:30:05.813+00,43,1775,91,1228
2026-09-14 17:31:06.284+00,42,1775,91,1228
2026-09-14 17:32:06.630+00,40,1775,89,1228
2026-09-14 17:33:07.053+00,39,1775,89,1228
2026-09-14 17:34:07.435+00,39,1775,90,1228
2026-09-14 17:35:07.780+00,39,1775,90,1228
2026-09-14 17:36:08.068+00,37,1775,92,1228
2026-09-14 17:37:08.430+00,38,1775,91,1228
2026-09-14 17:38:08.948+00,38,1775,94,1228
2026-09-14 17:39:09.427+00,37,1775,95,1228
2026-09-14 17:40:09.796+00,37,1775,97,1228
2026-09-14 17:41:10.150+00,35,1775,96,1228
2026-09-14 17:42:10.493+00,35,1775,94,1228
2026-09-14 17:43:10.896+00,34,1775,96,1228
2026-09-14 17:44:11.293+00,33,1775,96,1228
2026-09-14 17:45:11.645+00,33,1775,93,1228
2026-09-14 17:46:11.971+00,32,1775,93,1228
2026-09-14 17:47:12.341+00,31,1775,92,1228
2026-09-14 17:48:12.694+00,31,1775,95,1228
2026-09-14 17:49:13.097+00,30,1775,94,1228
2026-09-14 17:50:13.461+00,29,1775,93,1228
2026-09-14 17:51:13.791+00,28,1775,95,1228
2026-09-14 17:52:14.115+00,24,1775,95,1228
2026-09-14 17:53:14.447+00,23,1775,95,1228
2026-09-14 17:54:14.965+00,22,1775,90,1228
2026-09-14 17:55:15.317+00,19,1775,90,1228
2026-09-14 17:56:15.641+00,19,1775,90,1228
2026-09-14 17:57:16.048+00,16,1775,93,1228
2026-09-14 17:58:16.487+00,13,1775,91,1228
2026-09-14 17:59:16.845+00,13,1775,93,1228
2026-09-14 18:00:17.245+00,12,1775,87,1228
2026-09-14 18:01:17.582+00,12,1775,87,1228
2026-09-14 18:02:17.915+00,11,1775,89,1228
2026-09-14 18:03:18.412+00,11,1775,89,1228
2026-09-14 18:04:18.832+00,11,1775,90,1228
2026-09-14 18:05:19.200+00,11,1775,90,1228
2026-09-14 18:06:19.538+00,11,1775,89,1228
2026-09-14 18:07:19.942+00,11,1775,90,1228
2026-09-14 18:08:20.257+00,11,1775,90,1228
2026-09-14 18:09:20.620+00,11,1775,89,1228
2026-09-14 18:10:20.977+00,11,1775,86,1228
2026-09-14 18:11:21.293+00,11,1775,83,1228
2026-09-14 18:12:21.605+00,11,1775,82,1228
2026-09-14 18:13:21.947+00,11,1775,82,1228
2026-09-14 18:14:22.268+00,10,1775,81,1228
2026-09-14 18:15:22.577+00,10,1775,80,1228
2026-09-14 18:16:22.905+00,10,1775,80,1228
2026-09-14 18:17:23.278+00,10,1775,79,1228
2026-09-14 18:18:23.624+00,8,1775,78,1228
2026-09-14 18:19:23.982+00,9,1775,78,1228
2026-09-14 18:20:24.383+00,9,1775,78,1228
2026-09-14 18:21:24.871+00,9,1775,80,1228
2026-09-14 18:22:25.182+00,9,1775,80,1228
2026-09-14 18:23:25.518+00,9,1775,82,1228
2026-09-14 18:24:25.961+00,9,1775,83,1228
2026-09-14 18:25:26.321+00,9,1775,83,1228
2026-09-14 18:26:26.638+00,9,1775,78,1228
2026-09-14 18:27:26.950+00,9,1775,78,1228
2026-09-14 18:28:27.299+00,9,1775,77,1228
2026-09-14 18:29:27.671+00,9,1775,75,1228
2026-09-14 18:30:28.115+00,9,1775,75,1228
2026-09-14 18:31:28.474+00,8,1775,76,1228
2026-09-14 18:32:28.878+00,9,1775,76,1228
2026-09-14 18:33:29.388+00,9,1775,76,1228
2026-09-14 18:34:29.760+00,9,1775,72,1228
2026-09-14 18:35:30.103+00,9,1775,73,1228
2026-09-14 18:36:30.414+00,9,1775,73,1228
2026-09-14 18:37:30.796+00,9,1775,71,1228
2026-09-14 18:38:31.150+00,9,1775,69,1228
2026-09-14 18:39:31.511+00,9,1775,69,1228
2026-09-14 18:40:31.858+00,9,1775,69,1228
2026-09-14 18:41:32.268+00,9,1775,70,1228
2026-09-14 18:42:32.571+00,9,1775,70,1228
2026-09-14 18:43:32.921+00,9,1775,72,1228
2026-09-14 18:44:33.327+00,9,1775,72,1228
2026-09-14 18:45:33.711+00,9,1775,73,1228
2026-09-14 18:46:34.038+00,9,1775,73,1228
2026-09-14 18:47:34.358+00,9,1775,73,1228
2026-09-14 18:48:34.706+00,9,1775,73,1228
2026-09-14 18:49:35.072+00,9,1775,72,1228
2026-09-14 18:50:35.391+00,9,1775,73,1228
2026-09-14 18:51:35.729+00,9,1775,73,1228
2026-09-14 18:52:36.028+00,9,1775,73,1228
2026-09-14 18:53:36.383+00,9,1775,73,1228
2026-09-14 18:54:36.721+00,9,1775,73,1228
2026-09-14 18:55:37.028+00,9,1775,72,1228
2026-09-14 18:56:37.402+00,9,1775,71,1228
2026-09-14 18:57:37.878+00,9,1775,71,1228
2026-09-14 18:58:38.251+00,9,1775,70,1228
2026-09-14 18:59:38.655+00,9,1775,70,1228
2026-09-14 19:00:39.119+00,9,1775,69,1228
2026-09-14 19:01:39.557+00,9,1775,70,1228
2026-09-14 19:02:39.927+00,9,1775,70,1228
2026-09-14 19:03:40.373+00,9,1775,71,1228
2026-09-14 19:04:40.754+00,9,1775,71,1228
2026-09-14 19:05:41.055+00,9,1775,70,1228
2026-09-14 19:06:41.430+00,9,1775,69,1228
2026-09-14 19:07:41.850+00,9,1775,67,1228
2026-09-14 19:08:42.266+00,9,1775,67,1228
2026-09-14 19:09:42.683+00,9,1775,65,1228
2026-09-14 19:10:43.112+00,9,1775,64,1228
2026-09-14 19:11:43.469+00,9,1775,62,1228
2026-09-14 19:12:43.800+00,9,1775,60,1228
2026-09-14 19:13:44.139+00,9,1775,61,1228
2026-09-14 19:14:44.579+00,9,1775,62,1228
2026-09-14 19:15:44.908+00,9,1775,62,1228
2026-09-14 19:16:45.272+00,9,1775,62,1228
2026-09-14 19:17:45.613+00,9,1775,60,1228
2026-09-14 19:18:46.039+00,9,1775,60,1228
2026-09-14 19:19:46.419+00,9,1775,60,1228
2026-09-14 19:20:46.781+00,9,1775,59,1228
2026-09-14 19:21:47.156+00,9,1775,59,1228
2026-09-14 19:22:47.485+00,9,1775,60,1228
2026-09-14 19:23:47.904+00,9,1775,61,1228
2026-09-14 19:24:48.443+00,9,1775,61,1228
2026-09-14 19:25:48.892+00,9,1775,61,1228
2026-09-14 19:26:49.325+00,9,1775,61,1228
2026-09-14 19:27:49.653+00,9,1775,61,1228
2026-09-14 19:28:49.987+00,9,1775,61,1228
2026-09-14 19:29:50.323+00,9,1775,63,1228
2026-09-14 19:30:50.646+00,9,1775,63,1228
2026-09-14 19:31:51.007+00,9,1775,64,1228
2026-09-14 19:32:51.410+00,9,1775,62,1228
2026-09-14 19:33:51.853+00,9,1775,62,1228
2026-09-14 19:34:52.206+00,9,1775,60,1228
2026-09-14 19:35:52.572+00,9,1775,59,1228
2026-09-14 19:36:53.021+00,9,1775,58,1228
2026-09-14 19:37:53.378+00,9,1775,58,1228
2026-09-14 19:38:53.819+00,9,1775,59,1228
2026-09-14 19:39:54.183+00,9,1775,59,1228
2026-09-14 19:40:54.525+00,9,1775,59,1228
2026-09-14 19:41:54.828+00,9,1775,59,1228
2026-09-14 19:42:55.146+00,9,1775,60,1228
2026-09-14 19:43:55.459+00,9,1775,59,1228
2026-09-14 19:44:55.782+00,9,1775,58,1228
2026-09-14 19:45:56.104+00,9,1775,58,1228
2026-09-14 19:46:56.442+00,9,1775,58,1228
2026-09-14 19:47:56.818+00,9,1775,57,1228
2026-09-14 19:48:57.223+00,9,1775,57,1228
2026-09-14 19:49:57.536+00,9,1775,56,1228
2026-09-14 19:50:57.897+00,9,1775,55,1228
2026-09-14 19:51:59.387+00,9,1775,55,1228
2026-09-14 19:53:04.053+00,9,1775,55,1228
2026-09-14 19:54:04.385+00,9,1775,55,1228
2026-09-14 19:55:04.710+00,9,1775,53,1228
2026-09-14 19:56:05.048+00,9,1775,53,1228
2026-09-14 19:57:05.381+00,9,1775,52,1228
2026-09-14 19:58:06.065+00,9,1775,52,1228
2026-09-14 19:59:06.577+00,9,1775,53,1228
2026-09-14 20:00:06.959+00,9,1775,53,1228
2026-09-14 20:01:07.310+00,9,1775,52,1228
2026-09-14 20:02:07.770+00,9,1775,50,1228
2026-09-14 20:03:08.275+00,9,1775,50,1228
2026-09-14 20:04:08.719+00,9,1775,49,1228
2026-09-14 20:05:09.199+00,9,1775,50,1228
2026-09-14 20:06:09.542+00,9,1775,51,1228
2026-09-14 20:07:09.857+00,9,1775,51,1228
2026-09-14 20:08:10.195+00,9,1775,50,1228
2026-09-14 20:09:10.549+00,9,1775,49,1228
2026-09-14 20:10:10.907+00,9,1775,47,1228
2026-09-14 20:11:11.290+00,9,1775,45,1228
2026-09-14 20:12:11.707+00,9,1775,45,1228
2026-09-14 20:13:12.055+00,9,1775,45,1228
2026-09-14 20:14:12.408+00,9,1775,43,1228
2026-09-14 20:15:12.717+00,9,1775,42,1228
2026-09-14 20:16:13.044+00,9,1775,40,1228
2026-09-14 20:17:13.486+00,9,1775,40,1228
2026-09-14 20:18:13.927+00,9,1775,37,1228
2026-09-14 20:19:14.263+00,9,1775,36,1228
2026-09-14 20:20:14.619+00,9,1775,36,1228
2026-09-14 20:21:15.086+00,9,1775,35,1228
2026-09-14 20:22:15.475+00,9,1775,35,1228
2026-09-14 20:23:15.930+00,9,1775,35,1228
2026-09-14 20:24:16.331+00,9,1775,36,1228
2026-09-14 20:25:16.682+00,9,1775,35,1228
2026-09-14 20:26:17.036+00,9,1775,35,1228
2026-09-14 20:27:17.402+00,9,1775,34,1228
2026-09-14 20:28:18.046+00,9,1775,33,1228
2026-09-14 20:29:18.460+00,9,1775,33,1228
2026-09-14 20:30:18.861+00,9,1775,35,1228
2026-09-14 20:31:19.225+00,9,1775,33,1228
2026-09-14 20:32:19.657+00,9,1775,33,1228
2026-09-14 20:33:20.099+00,9,1775,33,1228
2026-09-14 20:34:20.494+00,9,1775,33,1228
2026-09-14 20:35:20.974+00,9,1775,32,1228
2026-09-14 20:36:21.349+00,9,1775,31,1228
2026-09-14 20:37:21.776+00,9,1775,30,1228
2026-09-14 20:38:22.213+00,9,1775,30,1228
2026-09-14 20:39:22.552+00,9,1775,30,1228
2026-09-14 20:40:22.937+00,9,1775,30,1228
2026-09-14 20:41:23.616+00,9,1775,28,1228
2026-09-14 20:42:23.956+00,9,1775,27,1228
2026-09-14 20:43:24.269+00,9,1775,27,1228
2026-09-14 20:44:24.674+00,9,1775,23,1228
2026-09-14 20:45:25.084+00,9,1775,22,1228
2026-09-14 20:46:25.431+00,9,1775,21,1228
2026-09-14 20:47:25.810+00,9,1775,21,1228
2026-09-14 20:48:26.178+00,9,1775,18,1228
2026-09-14 20:49:26.505+00,9,1775,18,1228
2026-09-14 20:50:26.839+00,9,1775,18,1228
2026-09-14 20:51:27.204+00,9,1775,18,1228
2026-09-14 20:52:27.582+00,9,1775,15,1228
2026-09-14 20:53:27.983+00,9,1775,14,1228
2026-09-14 20:54:28.318+00,9,1775,14,1228
2026-09-14 20:55:28.690+00,9,1775,13,1228
2026-09-14 20:56:29.062+00,9,1775,12,1228
2026-09-14 20:57:29.439+00,9,1775,10,1228
2026-09-14 20:58:29.821+00,9,1775,8,1228
2026-09-14 20:59:30.181+00,9,1775,8,1228
2026-09-14 21:00:30.559+00,9,1775,7,1228
2026-09-14 21:01:31.021+00,9,1775,4,1228
2026-09-14 21:02:31.361+00,9,1775,4,1228
2026-09-14 21:03:31.788+00,9,1775,3,1228
2026-09-14 21:04:32.207+00,9,1775,2,1228
2026-09-14 21:05:32.628+00,9,1775,3,1228
2026-09-14 21:06:33.044+00,9,1775,3,1228
2026-09-14 21:07:33.393+00,9,1775,3,1228
2026-09-14 21:08:33.759+00,9,1775,3,1228
2026-09-14 21:09:34.172+00,9,1775,3,1228
2026-09-14 21:10:34.570+00,9,1775,3,1228
2026-09-14 21:11:34.961+00,9,1775,3,1228
2026-09-14 21:12:35.325+00,9,1775,3,1228
2026-09-14 21:13:35.675+00,9,1775,3,1228
2026-09-14 21:14:36.065+00,9,1775,3,1228
2026-09-14 21:15:36.442+00,9,1775,3,1228
2026-09-14 21:16:36.852+00,9,1775,3,1228
2026-09-14 21:17:37.314+00,9,1775,3,1228
2026-09-14 21:18:37.762+00,9,1775,3,1228
2026-09-14 21:19:38.185+00,9,1775,3,1228
2026-09-14 21:20:38.597+00,9,1775,3,1228
2026-09-14 21:21:38.912+00,9,1775,3,1228
2026-09-14 21:22:39.232+00,9,1775,3,1228
2026-09-14 21:23:39.596+00,9,1775,3,1228
2026-09-14 21:24:40.032+00,9,1775,3,1228
2026-09-14 21:25:40.380+00,9,1775,3,1228
2026-09-14 21:26:40.705+00,9,1775,3,1228
2026-09-14 21:27:41.117+00,9,1775,3,1228
2026-09-14 21:28:41.499+00,9,1775,3,1228
2026-09-14 21:29:41.856+00,9,1775,3,1228
2026-09-14 21:30:42.248+00,9,1775,3,1228
2026-09-14 21:31:42.666+00,9,1775,3,1228
2026-09-14 21:32:43.088+00,9,1775,3,1228
2026-09-14 21:33:43.525+00,9,1775,3,1228
2026-09-14 21:34:43.973+00,9,1775,3,1228
2026-09-14 21:35:44.388+00,9,1775,3,1228
2026-09-14 21:36:44.851+00,9,1775,3,1228
2026-09-14 21:37:45.331+00,9,1775,3,1228
2026-09-14 21:38:45.828+00,9,1775,3,1228
2026-09-14 21:39:46.329+00,9,1775,3,1228
2026-09-14 21:40:46.760+00,9,1775,3,1228
2026-09-14 21:41:47.113+00,9,1775,3,1228
2026-09-14 21:42:47.434+00,9,1775,3,1228
2026-09-14 21:43:47.830+00,9,1775,3,1228
2026-09-14 21:44:48.213+00,9,1775,3,1228
2026-09-14 21:45:48.598+00,9,1775,3,1228
2026-09-14 21:46:48.919+00,9,1775,3,1228
2026-09-14 21:47:49.258+00,9,1775,3,1228
2026-09-14 21:48:49.571+00,9,1775,3,1228
2026-09-14 21:49:49.901+00,9,1775,3,1228
2026-09-14 21:50:50.240+00,9,1775,3,1228
2026-09-14 21:51:50.550+00,9,1775,3,1228
2026-09-14 21:52:50.857+00,9,1775,3,1228
2026-09-14 21:53:51.265+00,9,1775,3,1228
2026-09-14 21:54:51.675+00,9,1775,3,1228
2026-09-14 21:55:52.101+00,9,1775,3,1228
2026-09-14 21:56:52.518+00,9,1775,3,1228
2026-09-14 21:57:52.890+00,9,1775,3,1228
2026-09-14 21:58:53.273+00,9,1775,3,1228
2026-09-14 21:59:53.695+00,9,1775,3,1228
2026-09-14 22:00:54.050+00,9,1775,3,1228
2026-09-14 22:01:54.380+00,9,1775,3,1228
2026-09-14 22:02:54.863+00,9,1775,3,1228
2026-09-14 22:03:55.526+00,9,1775,3,1228
2026-09-14 22:04:55.949+00,9,1775,3,1228
2026-09-14 22:05:56.355+00,9,1775,3,1228
2026-09-14 22:06:56.745+00,9,1775,3,1228
2026-09-14 22:07:57.134+00,9,1775,3,1228
2026-09-14 22:08:57.544+00,9,1775,3,1228
2026-09-14 22:09:57.922+00,9,1775,3,1228
2026-09-14 22:10:58.244+00,9,1775,3,1228
2026-09-14 22:11:58.549+00,9,1775,3,1228
2026-09-14 22:12:58.889+00,9,1775,3,1228
2026-09-14 22:13:59.287+00,9,1775,3,1228
2026-09-14 22:14:59.707+00,9,1775,3,1228
2026-09-14 22:16:00.176+00,9,1775,3,1228
2026-09-14 22:17:00.555+00,9,1775,3,1228
2026-09-14 22:18:01.024+00,9,1775,3,1228
2026-09-14 22:19:01.525+00,9,1775,3,1228
2026-09-14 22:20:01.952+00,9,1775,3,1228
2026-09-14 22:21:02.326+00,9,1775,3,1228
2026-09-14 22:22:02.644+00,9,1775,3,1228
2026-09-14 22:23:03.062+00,9,1775,3,1228
2026-09-14 22:24:03.497+00,9,1775,3,1228
2026-09-14 22:25:03.927+00,9,1775,3,1228
2026-09-14 22:26:04.266+00,9,1775,3,1228
2026-09-14 22:27:04.588+00,9,1775,3,1228
2026-09-14 22:28:04.917+00,9,1775,3,1228
2026-09-14 22:29:05.327+00,9,1775,3,1228
2026-09-14 22:30:05.745+00,9,1775,3,1228
2026-09-14 22:31:06.133+00,9,1775,3,1228
2026-09-14 22:32:06.615+00,9,1775,3,1228
2026-09-14 22:33:07.068+00,9,1775,3,1228
2026-09-14 22:34:07.542+00,9,1775,3,1228
2026-09-14 22:35:07.932+00,9,1775,3,1228
2026-09-14 22:36:08.367+00,9,1775,3,1228
2026-09-14 22:37:08.745+00,9,1775,3,1228
2026-09-14 22:38:09.310+00,9,1775,3,1228
2026-09-14 22:39:09.726+00,9,1775,3,1228
2026-09-14 22:40:10.134+00,9,1775,3,1228
2026-09-14 22:41:10.515+00,9,1775,3,1228
2026-09-14 22:42:10.879+00,9,1775,3,1228
2026-09-14 22:43:11.315+00,9,1775,3,1228
2026-09-14 22:44:11.680+00,9,1775,3,1228
2026-09-14 22:45:12.000+00,9,1775,3,1228
2026-09-14 22:46:12.378+00,9,1775,3,1228
2026-09-14 22:47:12.697+00,9,1775,3,1228
2026-09-14 22:48:13.064+00,9,1775,3,1228
2026-09-14 22:49:13.394+00,9,1775,3,1228
2026-09-14 22:50:13.712+00,9,1775,3,1228
2026-09-14 22:51:14.024+00,9,1775,3,1228
2026-09-14 22:52:14.406+00,9,1775,3,1228
2026-09-14 22:53:14.828+00,9,1775,3,1228
2026-09-14 22:54:15.210+00,9,1775,3,1228
2026-09-14 22:55:15.592+00,9,1775,3,1228
2026-09-14 22:56:15.967+00,9,1775,3,1228
2026-09-14 22:57:16.357+00,9,1775,3,1228
2026-09-14 22:58:16.811+00,9,1775,3,1228
2026-09-14 22:59:17.266+00,9,1775,3,1228
2026-09-14 23:00:17.628+00,9,1775,3,1228
2026-09-14 23:01:18.038+00,9,1775,3,1228
2026-09-14 23:02:18.380+00,9,1775,3,1228
2026-09-14 23:03:18.821+00,9,1775,3,1228
2026-09-14 23:04:19.363+00,9,1775,3,1228
2026-09-14 23:05:19.830+00,9,1775,3,1228
2026-09-14 23:06:20.180+00,9,1775,3,1228
2026-09-14 23:07:20.517+00,9,1775,3,1228
2026-09-14 23:08:20.921+00,9,1775,3,1228
2026-09-14 23:09:21.387+00,9,1775,3,1228
2026-09-14 23:10:21.776+00,9,1775,3,1228
2026-09-14 23:11:22.174+00,9,1775,3,1228
2026-09-14 23:12:22.533+00,9,1775,3,1228
2026-09-14 23:13:22.967+00,9,1775,3,1228
2026-09-14 23:14:23.361+00,9,1775,3,1228
2026-09-14 23:15:23.721+00,9,1775,3,1228
2026-09-14 23:16:24.169+00,9,1775,3,1228
2026-09-14 23:17:24.709+00,9,1775,3,1228
2026-09-14 23:18:25.139+00,9,1775,3,1228
2026-09-14 23:19:25.546+00,9,1775,3,1228
2026-09-14 23:20:26.010+00,9,1775,3,1228
2026-09-14 23:21:26.404+00,9,1775,3,1228
2026-09-14 23:22:26.716+00,9,1775,3,1228
2026-09-14 23:23:27.169+00,9,1775,3,1228
2026-09-14 23:24:27.562+00,9,1775,3,1228
2026-09-14 23:25:27.960+00,9,1775,3,1228
2026-09-14 23:26:28.323+00,9,1775,3,1228
2026-09-14 23:27:31.716+00,9,1775,3,1228
2026-09-14 23:28:35.346+00,9,1775,3,1228
2026-09-14 23:29:38.684+00,9,1775,3,1228
2026-09-14 23:30:39.773+00,9,1775,3,1228
2026-09-14 23:31:40.238+00,9,1775,3,1228
2026-09-14 23:32:40.638+00,9,1775,3,1228
2026-09-14 23:33:41.101+00,9,1775,3,1228
2026-09-14 23:34:41.558+00,9,1775,3,1228
2026-09-14 23:35:42.043+00,9,1775,3,1228
2026-09-14 23:36:42.535+00,9,1775,3,1228
2026-09-14 23:37:42.981+00,9,1775,3,1228
2026-09-14 23:38:43.498+00,9,1775,3,1228
2026-09-14 23:39:43.908+00,9,1775,3,1228
2026-09-14 23:40:44.304+00,9,1775,3,1228
2026-09-14 23:41:44.677+00,9,1775,3,1228
2026-09-14 23:42:45.063+00,9,1775,3,1228
2026-09-14 23:43:45.456+00,9,1775,3,1228
2026-09-14 23:44:45.853+00,9,1775,3,1228
2026-09-14 23:45:46.306+00,9,1775,3,1228
2026-09-14 23:46:46.788+00,9,1775,3,1228
2026-09-14 23:47:47.186+00,9,1775,3,1228
2026-09-14 23:48:47.670+00,9,1775,3,1228
2026-09-14 23:49:48.100+00,9,1775,3,1228
2026-09-14 23:50:48.427+00,9,1775,3,1228
2026-09-14 23:51:48.733+00,9,1775,3,1228
2026-09-14 23:52:49.054+00,9,1775,3,1228
2026-09-14 23:53:49.444+00,9,1775,3,1228
2026-09-14 23:54:49.884+00,9,1775,3,1228
2026-09-14 23:55:50.230+00,9,1775,3,1228
2026-09-14 23:56:50.671+00,9,1775,3,1228
2026-09-14 23:57:51.085+00,9,1775,3,1228
2026-09-14 23:58:51.487+00,9,1775,3,1228
2026-09-14 23:59:51.884+00,9,1775,3,1228
2026-09-15 00:00:52.366+00,9,1775,3,1228
2026-09-15 00:01:52.733+00,9,1775,3,1228
2026-09-15 00:02:53.214+00,9,1775,3,1228
2026-09-15 00:03:53.786+00,9,1775,3,1228
2026-09-15 00:04:54.253+00,9,1775,3,1228
2026-09-15 00:05:54.634+00,9,1775,3,1228
2026-09-15 00:06:54.990+00,9,1775,3,1228
2026-09-15 00:07:55.383+00,9,1775,3,1228
2026-09-15 00:08:55.891+00,9,1775,3,1228
2026-09-15 00:09:56.423+00,9,1775,3,1228
2026-09-15 00:10:56.884+00,9,1775,3,1228
2026-09-15 00:11:57.365+00,9,1775,3,1228
2026-09-15 00:12:57.842+00,9,1775,3,1228
2026-09-15 00:13:58.281+00,9,1775,3,1228
2026-09-15 00:14:58.681+00,9,1775,3,1228
2026-09-15 00:15:59.018+00,9,1775,3,1228
2026-09-15 00:16:59.481+00,9,1775,3,1228
2026-09-15 00:17:59.807+00,9,1775,3,1228
2026-09-15 00:19:00.174+00,9,1775,3,1228
2026-09-15 00:20:00.644+00,9,1775,3,1228
2026-09-15 00:21:01.022+00,9,1775,3,1228
2026-09-15 00:22:01.400+00,9,1775,3,1228
2026-09-15 00:23:01.747+00,9,1775,3,1228
2026-09-15 00:24:02.132+00,9,1775,3,1228
2026-09-15 00:25:02.522+00,9,1775,3,1228
2026-09-15 00:26:02.918+00,9,1775,3,1228
2026-09-15 00:27:03.263+00,9,1775,3,1228
2026-09-15 00:28:03.658+00,9,1775,3,1228
2026-09-15 00:29:04.075+00,9,1775,3,1228
2026-09-15 00:30:04.518+00,9,1775,3,1228
2026-09-15 00:31:04.918+00,9,1775,3,1228
2026-09-15 00:32:05.285+00,9,1775,3,1228
2026-09-15 00:33:05.803+00,9,1775,3,1228
2026-09-15 00:34:06.278+00,9,1775,3,1228
2026-09-15 00:35:06.654+00,9,1775,3,1228
2026-09-15 00:36:06.985+00,9,1775,3,1228
2026-09-15 00:37:07.383+00,9,1775,3,1228
2026-09-15 00:38:07.786+00,9,1775,3,1228
2026-09-15 00:39:08.194+00,9,1775,3,1228
2026-09-15 00:40:08.622+00,9,1775,3,1228
2026-09-15 00:41:08.985+00,9,1775,3,1228
2026-09-15 00:42:09.353+00,9,1775,3,1228
2026-09-15 00:43:09.772+00,9,1775,3,1228
2026-09-15 00:44:10.204+00,9,1775,3,1228
2026-09-15 00:45:10.553+00,9,1775,3,1228
2026-09-15 00:46:10.886+00,9,1775,3,1228
2026-09-15 00:47:11.274+00,9,1775,3,1228
2026-09-15 00:48:11.678+00,9,1775,3,1228
2026-09-15 00:49:12.060+00,9,1775,3,1228
2026-09-15 00:50:12.388+00,9,1775,3,1228
2026-09-15 00:51:12.723+00,9,1775,3,1228
2026-09-15 00:52:13.056+00,9,1775,3,1228
2026-09-15 00:53:13.444+00,9,1775,3,1228
2026-09-15 00:54:13.783+00,9,1775,3,1228
2026-09-15 00:55:14.140+00,9,1775,3,1228
2026-09-15 00:56:14.468+00,9,1775,3,1228
2026-09-15 00:57:14.846+00,9,1775,3,1228
2026-09-15 00:58:15.194+00,9,1775,3,1228
2026-09-15 00:59:15.557+00,9,1775,3,1228
2026-09-15 01:00:15.950+00,9,1775,3,1228
2026-09-15 01:01:16.330+00,9,1775,3,1228
2026-09-15 01:02:16.773+00,9,1775,3,1228
2026-09-15 01:03:17.274+00,9,1775,3,1228
2026-09-15 01:04:17.790+00,9,1775,3,1228
2026-09-15 01:05:18.279+00,9,1775,3,1228
2026-09-15 01:06:18.679+00,9,1775,3,1228
2026-09-15 01:07:19.129+00,9,1775,3,1228
2026-09-15 01:08:19.551+00,9,1775,3,1228
2026-09-15 01:09:19.929+00,9,1775,3,1228
2026-09-15 01:10:20.383+00,9,1775,3,1228
2026-09-15 01:11:20.772+00,9,1775,3,1228
2026-09-15 01:12:21.123+00,9,1775,3,1228
2026-09-15 01:13:21.477+00,9,1775,3,1228
2026-09-15 01:14:21.860+00,9,1775,3,1228
2026-09-15 01:15:22.188+00,9,1775,3,1228
2026-09-15 01:16:22.533+00,9,1775,3,1228
2026-09-15 01:17:22.977+00,9,1775,3,1228
2026-09-15 01:18:23.510+00,9,1775,3,1228
2026-09-15 01:19:23.924+00,9,1775,3,1228
2026-09-15 01:20:24.327+00,9,1775,3,1228
2026-09-15 01:21:24.696+00,9,1775,3,1228
2026-09-15 01:22:25.037+00,9,1775,3,1228
2026-09-15 01:23:25.515+00,9,1775,3,1228
2026-09-15 01:24:26.086+00,9,1775,3,1228
2026-09-15 01:25:26.554+00,9,1775,3,1228
2026-09-15 01:26:26.935+00,9,1775,3,1228
2026-09-15 01:27:27.312+00,9,1775,3,1228
2026-09-15 01:28:27.803+00,9,1775,3,1228
2026-09-15 01:29:28.210+00,9,1775,3,1228
2026-09-15 01:30:28.676+00,9,1775,3,1228
2026-09-15 01:31:29.077+00,9,1775,3,1228
2026-09-15 01:32:29.464+00,9,1775,3,1228
2026-09-15 01:33:29.936+00,9,1775,3,1228
2026-09-15 01:34:30.544+00,9,1775,3,1228
2026-09-15 01:35:30.962+00,9,1775,3,1228
2026-09-15 01:36:31.430+00,9,1775,3,1228
2026-09-15 01:37:31.825+00,9,1775,3,1228
2026-09-15 01:38:32.202+00,9,1775,3,1228
2026-09-15 01:39:32.552+00,9,1775,3,1228
2026-09-15 01:40:32.930+00,9,1775,3,1228
2026-09-15 01:41:33.256+00,9,1775,3,1228
2026-09-15 01:42:33.616+00,9,1775,3,1228
2026-09-15 01:43:34.014+00,9,1775,3,1228
2026-09-15 01:44:34.421+00,9,1775,3,1228
2026-09-15 01:45:34.769+00,9,1775,3,1228
2026-09-15 01:46:35.157+00,9,1775,3,1228
2026-09-15 01:47:35.487+00,9,1775,3,1228
2026-09-15 01:48:35.845+00,9,1775,3,1228
2026-09-15 01:49:36.171+00,9,1775,3,1228
2026-09-15 01:50:36.516+00,9,1775,3,1228
2026-09-15 01:51:36.912+00,9,1775,3,1228
2026-09-15 01:52:37.264+00,9,1775,3,1228
2026-09-15 01:53:37.608+00,9,1775,3,1228
2026-09-15 01:54:37.978+00,9,1775,3,1228
2026-09-15 01:55:38.306+00,9,1775,3,1228
2026-09-15 01:56:38.633+00,9,1775,3,1228
2026-09-15 01:57:38.969+00,9,1775,3,1228
2026-09-15 01:58:39.339+00,9,1775,3,1228
2026-09-15 01:59:39.682+00,9,1775,3,1228
2026-09-15 02:00:40.038+00,9,1775,3,1228
2026-09-15 02:01:40.414+00,9,1775,3,1228
2026-09-15 02:02:40.805+00,9,1775,3,1228
2026-09-15 02:03:41.427+00,9,1775,3,1228
2026-09-15 02:04:41.917+00,9,1775,3,1228
2026-09-15 02:05:42.359+00,9,1775,3,1228
2026-09-15 02:06:42.762+00,9,1775,3,1228
2026-09-15 02:07:43.122+00,9,1775,3,1228
2026-09-15 02:08:43.454+00,9,1775,3,1228
2026-09-15 02:09:43.865+00,9,1775,3,1228
2026-09-15 02:10:44.274+00,9,1775,3,1228
2026-09-15 02:11:44.707+00,9,1775,3,1228
2026-09-15 02:12:45.071+00,9,1775,3,1228
2026-09-15 02:13:45.435+00,9,1775,3,1228
2026-09-15 02:14:45.821+00,9,1775,3,1228
2026-09-15 02:15:46.206+00,9,1775,3,1228
2026-09-15 02:16:46.624+00,9,1775,3,1228
2026-09-15 02:17:47.091+00,9,1775,3,1228
2026-09-15 02:18:47.540+00,9,1775,3,1228
2026-09-15 02:19:48.047+00,9,1775,3,1228
2026-09-15 02:20:48.501+00,9,1775,3,1228
2026-09-15 02:21:48.917+00,9,1775,3,1228
2026-09-15 02:22:49.305+00,9,1775,3,1228
2026-09-15 02:23:49.717+00,9,1775,3,1228
2026-09-15 02:24:50.179+00,9,1775,3,1228
2026-09-15 02:25:50.577+00,9,1775,3,1228
2026-09-15 02:26:51.188+00,9,1775,3,1228
2026-09-15 02:27:51.683+00,9,1775,3,1228
2026-09-15 02:28:52.140+00,9,1775,3,1228
2026-09-15 02:29:52.515+00,9,1775,3,1228
2026-09-15 02:30:52.938+00,9,1775,3,1228
2026-09-15 02:31:53.355+00,9,1775,3,1228
2026-09-15 02:32:53.774+00,9,1775,3,1228
2026-09-15 02:33:54.267+00,9,1775,3,1228
2026-09-15 02:34:54.724+00,9,1775,3,1228
2026-09-15 02:35:55.221+00,9,1775,3,1228
2026-09-15 02:36:55.609+00,9,1775,3,1228
2026-09-15 02:37:56.019+00,9,1775,3,1228
2026-09-15 02:38:56.435+00,9,1775,3,1228
2026-09-15 02:39:56.801+00,9,1775,3,1228
2026-09-15 02:40:57.233+00,9,1775,3,1228
2026-09-15 02:41:57.649+00,9,1775,3,1228
2026-09-15 02:42:58.036+00,9,1775,3,1228
2026-09-15 02:43:58.410+00,9,1775,3,1228
2026-09-15 02:44:58.730+00,9,1775,3,1228
2026-09-15 02:45:59.065+00,9,1775,3,1228
2026-09-15 02:46:59.396+00,9,1775,3,1228
2026-09-15 02:47:59.731+00,9,1775,3,1228
2026-09-15 02:49:00.077+00,9,1775,3,1228
2026-09-15 02:50:00.473+00,9,1775,3,1228
2026-09-15 02:51:00.848+00,9,1775,3,1228
2026-09-15 02:52:01.206+00,9,1775,3,1228
2026-09-15 02:53:01.558+00,9,1775,3,1228
2026-09-15 02:54:01.916+00,9,1775,3,1228
2026-09-15 02:55:02.285+00,9,1775,3,1228
2026-09-15 02:56:02.619+00,9,1775,3,1228
2026-09-15 02:57:03.001+00,9,1775,3,1228
2026-09-15 02:58:03.348+00,9,1775,3,1228
2026-09-15 02:59:03.745+00,9,1775,3,1228
2026-09-15 03:00:04.133+00,9,1775,3,1228
2026-09-15 03:01:04.517+00,9,1775,3,1228
2026-09-15 03:02:04.910+00,9,1775,3,1228
2026-09-15 03:03:05.356+00,9,1775,3,1228
2026-09-15 03:04:05.863+00,9,1775,3,1228
2026-09-15 03:05:06.413+00,9,1775,3,1228
2026-09-15 03:06:06.918+00,9,1775,3,1228
2026-09-15 03:07:07.378+00,9,1775,3,1228
2026-09-15 03:08:07.807+00,9,1775,3,1228
2026-09-15 03:09:08.384+00,9,1775,3,1228
2026-09-15 03:10:08.849+00,9,1775,3,1228
2026-09-15 03:11:09.222+00,9,1775,3,1228
2026-09-15 03:12:09.564+00,9,1775,3,1228
2026-09-15 03:13:09.890+00,9,1775,3,1228
2026-09-15 03:14:10.236+00,9,1775,3,1228
2026-09-15 03:15:10.577+00,9,1775,3,1228
2026-09-15 03:16:10.984+00,9,1775,3,1228
2026-09-15 03:17:11.428+00,9,1775,3,1228
2026-09-15 03:18:11.848+00,9,1775,3,1228
2026-09-15 03:19:12.325+00,9,1775,3,1228
2026-09-15 03:20:12.711+00,9,1775,3,1228
2026-09-15 03:21:13.115+00,9,1775,3,1228
2026-09-15 03:22:13.470+00,9,1775,3,1228
2026-09-15 03:23:13.984+00,9,1775,3,1228
2026-09-15 03:24:14.373+00,9,1775,3,1228
2026-09-15 03:25:14.725+00,9,1775,3,1228
2026-09-15 03:26:15.084+00,9,1775,3,1228
2026-09-15 03:27:15.446+00,9,1775,3,1228
2026-09-15 03:28:15.815+00,9,1775,3,1228
2026-09-15 03:29:16.245+00,9,1775,3,1228
2026-09-15 03:30:16.725+00,9,1775,3,1228
2026-09-15 03:31:17.138+00,9,1775,3,1228
2026-09-15 03:32:17.588+00,9,1775,3,1228
2026-09-15 03:33:18.061+00,9,1775,3,1228
2026-09-15 03:34:18.518+00,9,1775,3,1228
2026-09-15 03:35:18.942+00,9,1775,3,1228
2026-09-15 03:36:19.488+00,9,1775,3,1228
2026-09-15 03:37:19.939+00,9,1775,3,1228
2026-09-15 03:38:20.438+00,9,1775,3,1228
2026-09-15 03:39:20.902+00,9,1775,3,1228
2026-09-15 03:40:21.352+00,9,1775,3,1228
2026-09-15 03:41:21.791+00,9,1775,3,1228
2026-09-15 03:42:22.219+00,9,1775,3,1228
2026-09-15 03:43:22.642+00,9,1775,3,1228
2026-09-15 03:44:22.997+00,9,1775,3,1228
2026-09-15 03:45:23.379+00,9,1775,3,1228
2026-09-15 03:46:23.755+00,9,1775,3,1228
2026-09-15 03:47:24.139+00,9,1775,3,1228
2026-09-15 03:48:24.545+00,9,1775,3,1228
2026-09-15 03:49:24.926+00,9,1775,3,1228
2026-09-15 03:50:25.261+00,9,1775,3,1228
2026-09-15 03:51:25.590+00,9,1775,3,1228
2026-09-15 03:52:25.975+00,9,1775,3,1228
2026-09-15 03:53:26.329+00,9,1775,3,1228
2026-09-15 03:54:26.695+00,9,1775,3,1228
2026-09-15 03:55:27.053+00,9,1775,3,1228
2026-09-15 03:56:27.435+00,9,1775,3,1228
2026-09-15 03:57:27.818+00,9,1775,3,1228
2026-09-15 03:58:28.225+00,9,1775,3,1228
2026-09-15 03:59:28.642+00,9,1775,3,1228
2026-09-15 04:00:28.994+00,9,1775,3,1228
2026-09-15 04:01:29.384+00,9,1775,3,1228
2026-09-15 04:02:29.740+00,9,1775,3,1228
2026-09-15 04:03:30.218+00,9,1775,3,1228
2026-09-15 04:04:30.784+00,9,1775,3,1228
2026-09-15 04:05:31.206+00,9,1775,3,1228
2026-09-15 04:06:31.549+00,9,1775,3,1228
2026-09-15 04:07:31.991+00,9,1775,3,1228
2026-09-15 04:08:32.385+00,9,1775,3,1228
2026-09-15 04:09:32.821+00,9,1775,3,1228
2026-09-15 04:10:33.276+00,9,1775,3,1228
2026-09-15 04:11:33.678+00,9,1775,3,1228
2026-09-15 04:12:34.082+00,9,1775,3,1228
2026-09-15 04:13:34.448+00,9,1775,3,1228
2026-09-15 04:14:34.832+00,9,1775,3,1228
2026-09-15 04:15:35.270+00,9,1775,3,1228
2026-09-15 04:16:35.677+00,9,1775,3,1228
2026-09-15 04:17:36.090+00,9,1775,3,1228
2026-09-15 04:18:36.618+00,9,1775,3,1228
2026-09-15 04:19:37.001+00,9,1775,3,1228
2026-09-15 04:20:37.331+00,9,1775,3,1228
2026-09-15 04:21:37.700+00,9,1775,3,1228
2026-09-15 04:22:38.033+00,9,1775,3,1228
2026-09-15 04:23:38.417+00,9,1775,3,1228
2026-09-15 04:24:38.830+00,9,1775,3,1228
2026-09-15 04:25:39.216+00,9,1775,3,1228
2026-09-15 04:26:39.560+00,9,1775,3,1228
2026-09-15 04:27:39.974+00,9,1775,3,1228
2026-09-15 04:28:40.381+00,9,1775,3,1228
2026-09-15 04:29:40.766+00,9,1775,3,1228
2026-09-15 04:30:41.114+00,9,1775,3,1228
2026-09-15 04:31:41.558+00,9,1775,3,1228
2026-09-15 04:32:41.945+00,9,1775,3,1228
2026-09-15 04:33:42.403+00,9,1775,3,1228
2026-09-15 04:34:42.868+00,9,1775,3,1228
2026-09-15 04:35:43.255+00,9,1775,3,1228
2026-09-15 04:36:43.669+00,9,1775,3,1228
2026-09-15 04:37:44.113+00,9,1775,3,1228
2026-09-15 04:38:44.534+00,9,1775,3,1228
2026-09-15 04:39:44.993+00,9,1775,3,1228
2026-09-15 04:40:45.391+00,9,1775,3,1228
2026-09-15 04:41:45.804+00,9,1775,3,1228
2026-09-15 04:42:46.229+00,9,1775,3,1228
2026-09-15 04:43:46.645+00,9,1775,3,1228
2026-09-15 04:44:47.121+00,9,1775,3,1228
2026-09-15 04:45:47.521+00,9,1775,3,1228
2026-09-15 04:46:47.943+00,9,1775,3,1228
2026-09-15 04:47:48.344+00,9,1775,3,1228
2026-09-15 04:48:48.689+00,9,1775,3,1228
2026-09-15 04:49:49.072+00,9,1775,3,1228
2026-09-15 04:50:49.388+00,9,1775,3,1228
2026-09-15 04:51:49.745+00,9,1775,3,1228
2026-09-15 04:52:50.121+00,9,1775,3,1228
2026-09-15 04:53:50.449+00,9,1775,3,1228
2026-09-15 04:54:50.835+00,9,1775,3,1228
2026-09-15 04:55:52.182+00,9,1775,3,1228
2026-09-15 04:56:52.543+00,9,1775,3,1228
2026-09-15 04:57:52.899+00,9,1775,3,1228
2026-09-15 04:58:53.296+00,9,1775,3,1228
2026-09-15 04:59:53.692+00,9,1775,3,1228
2026-09-15 05:00:54.042+00,9,1775,3,1228
2026-09-15 05:01:54.505+00,9,1775,3,1228
2026-09-15 05:02:54.931+00,9,1775,3,1228
2026-09-15 05:03:55.362+00,9,1775,3,1228
2026-09-15 05:04:55.850+00,9,1775,3,1228
2026-09-15 05:05:56.269+00,9,1775,3,1228
2026-09-15 05:06:56.685+00,9,1775,3,1228
2026-09-15 05:07:57.076+00,9,1775,3,1228
2026-09-15 05:08:57.516+00,9,1775,3,1228
2026-09-15 05:09:58.044+00,9,1775,3,1228
2026-09-15 05:10:58.475+00,9,1775,3,1228
2026-09-15 05:11:58.856+00,9,1775,3,1228
2026-09-15 05:12:59.192+00,9,1775,3,1228
2026-09-15 05:13:59.620+00,9,1775,3,1228
2026-09-15 05:15:00.126+00,9,1775,3,1228
2026-09-15 05:16:00.472+00,9,1775,3,1228
2026-09-15 05:17:00.856+00,9,1775,3,1228
2026-09-15 05:18:01.307+00,9,1775,3,1228
2026-09-15 05:19:01.759+00,9,1775,3,1228
2026-09-15 05:20:02.212+00,9,1775,3,1228
2026-09-15 05:21:02.670+00,9,1775,3,1228
2026-09-15 05:22:03.163+00,9,1775,3,1228
2026-09-15 05:23:03.666+00,9,1775,3,1228
2026-09-15 05:24:04.150+00,9,1775,3,1228
2026-09-15 05:25:04.566+00,9,1775,3,1228
2026-09-15 05:26:04.931+00,9,1775,3,1228
2026-09-15 05:27:05.322+00,9,1775,3,1228
2026-09-15 05:28:05.683+00,9,1775,3,1228
2026-09-15 05:29:06.120+00,9,1775,3,1228
2026-09-15 05:30:06.528+00,9,1775,3,1228
2026-09-15 05:31:06.879+00,9,1775,3,1228
2026-09-15 05:32:07.333+00,9,1775,3,1228
2026-09-15 05:33:07.805+00,9,1775,3,1228
2026-09-15 05:34:08.264+00,9,1775,3,1228
2026-09-15 05:35:08.734+00,9,1775,3,1228
2026-09-15 05:36:09.143+00,10,1775,3,1228
2026-09-15 05:37:09.684+00,10,1775,3,1228
2026-09-15 05:38:10.316+00,10,1775,3,1228
2026-09-15 05:39:10.887+00,12,1775,3,1228
2026-09-15 05:40:11.368+00,12,1775,3,1228
2026-09-15 05:41:11.876+00,12,1775,3,1228
2026-09-15 05:42:12.504+00,12,1775,3,1228
2026-09-15 05:43:12.958+00,12,1775,3,1228
2026-09-15 05:44:13.365+00,12,1775,3,1228
2026-09-15 05:45:13.734+00,12,1775,3,1228
2026-09-15 05:46:14.092+00,12,1775,3,1228
2026-09-15 05:47:14.462+00,12,1775,3,1228
2026-09-15 05:48:14.828+00,12,1775,3,1228
2026-09-15 05:49:15.189+00,12,1775,3,1228
2026-09-15 05:50:15.574+00,12,1775,3,1228
2026-09-15 05:51:15.921+00,12,1775,3,1228
2026-09-15 05:52:16.307+00,12,1775,3,1228
2026-09-15 05:53:16.728+00,12,1775,3,1228
2026-09-15 05:54:17.072+00,12,1775,3,1228
2026-09-15 05:55:17.415+00,12,1775,3,1228
2026-09-15 05:56:17.764+00,12,1775,3,1228
2026-09-15 05:57:18.147+00,12,1775,3,1228
2026-09-15 05:58:18.603+00,12,1775,3,1228
2026-09-15 05:59:18.984+00,12,1775,3,1228
2026-09-15 06:00:19.308+00,0,1775,3,1228
2026-09-15 06:01:19.686+00,0,1775,3,1228
2026-09-15 06:02:20.133+00,0,1775,3,1228
2026-09-15 06:03:20.617+00,0,1775,3,1228
2026-09-15 06:04:21.111+00,0,1775,3,1228
2026-09-15 06:05:21.517+00,0,1775,0,1228
2026-09-15 06:06:21.923+00,0,1775,0,1228
2026-09-15 06:07:22.271+00,0,1775,0,1228
2026-09-15 06:08:22.739+00,0,1775,0,1228
2026-09-15 06:09:23.150+00,0,1775,0,1228
2026-09-15 06:10:23.557+00,0,1775,0,1228
2026-09-15 06:11:23.967+00,0,1775,0,1228
2026-09-15 06:12:24.307+00,0,1775,0,1228
2026-09-15 06:13:24.712+00,0,1775,0,1228
2026-09-15 06:14:25.115+00,0,1775,0,1228
2026-09-15 06:15:25.497+00,0,1775,0,1228
2026-09-15 06:16:25.848+00,0,1775,0,1228
2026-09-15 06:17:26.259+00,0,1775,0,1228
2026-09-15 06:18:26.656+00,0,1775,0,1228
2026-09-15 06:19:27.060+00,0,1775,0,1228
2026-09-15 06:20:27.400+00,0,1775,0,1228
2026-09-15 06:21:27.824+00,0,1775,0,1228
2026-09-15 06:22:28.265+00,0,1775,0,1228
2026-09-15 06:23:28.614+00,0,1775,0,1228
2026-09-15 06:24:28.958+00,0,1775,0,1228
2026-09-15 06:25:29.360+00,0,1775,0,1228
2026-09-15 06:26:29.717+00,0,1775,0,1228
2026-09-15 06:27:30.131+00,0,1775,0,1228
2026-09-15 06:28:30.537+00,0,1775,0,1228
2026-09-15 06:29:30.971+00,0,1775,0,1228
2026-09-15 06:30:31.515+00,0,1775,0,1228
2026-09-15 06:31:31.994+00,0,1775,0,1228
2026-09-15 06:32:32.507+00,0,1775,0,1228
2026-09-15 06:33:33.028+00,0,1775,0,1228
2026-09-15 06:34:33.526+00,0,1775,0,1228
2026-09-15 06:35:33.936+00,0,1775,0,1228
2026-09-15 06:36:34.315+00,0,1775,0,1228
2026-09-15 06:37:34.691+00,0,1775,0,1228
2026-09-15 06:38:35.079+00,0,1775,0,1228
2026-09-15 06:39:35.508+00,0,1775,0,1228
2026-09-15 06:40:35.921+00,0,1775,0,1228
2026-09-15 06:41:36.317+00,0,1775,0,1228
2026-09-15 06:42:36.641+00,0,1775,0,1228
2026-09-15 06:43:36.968+00,0,1775,0,1228
2026-09-15 06:44:37.342+00,0,1775,0,1228
2026-09-15 06:45:37.726+00,0,1775,0,1228
2026-09-15 06:46:38.076+00,1,1775,0,1228
2026-09-15 06:47:38.457+00,1,1775,0,1228
2026-09-15 06:48:38.920+00,1,1775,0,1228
2026-09-15 06:49:39.332+00,1,1775,0,1228
2026-09-15 06:50:39.726+00,1,1775,0,1228
2026-09-15 06:51:40.112+00,1,1775,0,1228
2026-09-15 06:52:42.615+00,2,1775,0,1228
2026-09-15 06:53:43.039+00,2,1775,0,1228
2026-09-15 06:54:43.455+00,2,1775,0,1228
2026-09-15 06:55:43.772+00,2,1775,0,1228
2026-09-15 06:56:44.174+00,2,1775,0,1228
2026-09-15 06:57:44.545+00,2,1775,0,1228
2026-09-15 06:58:44.933+00,2,1775,0,1228
2026-09-15 06:59:45.340+00,2,1775,0,1228
2026-09-15 07:00:45.696+00,2,1775,0,1228
2026-09-15 07:01:46.118+00,2,1775,0,1228
2026-09-15 07:02:46.602+00,2,1775,0,1228
2026-09-15 07:03:47.117+00,2,1775,0,1228
2026-09-15 07:04:47.622+00,2,1775,0,1228
2026-09-15 07:05:48.001+00,2,1775,0,1228
2026-09-15 07:06:48.474+00,2,1775,0,1228
2026-09-15 07:07:48.980+00,2,1775,0,1228
2026-09-15 07:08:49.609+00,2,1775,0,1228
2026-09-15 07:09:50.229+00,2,1775,0,1228
2026-09-15 07:10:50.742+00,2,1775,0,1228
2026-09-15 07:11:51.238+00,2,1775,0,1228
2026-09-15 07:12:51.685+00,3,1775,0,1228
2026-09-15 07:13:52.083+00,3,1775,0,1228
2026-09-15 07:14:52.475+00,3,1775,0,1228
2026-09-15 07:15:52.839+00,3,1775,0,1228
2026-09-15 07:16:53.226+00,3,1775,0,1228
2026-09-15 07:17:53.626+00,3,1775,0,1228
2026-09-15 07:18:54.086+00,3,1775,0,1228
2026-09-15 07:19:54.501+00,3,1775,0,1228
2026-09-15 07:20:54.849+00,3,1775,0,1228
2026-09-15 07:21:55.236+00,3,1775,0,1228
2026-09-15 07:22:55.620+00,3,1775,0,1228
2026-09-15 07:23:56.087+00,3,1775,0,1228
2026-09-15 07:24:56.500+00,3,1775,0,1228
2026-09-15 07:25:56.864+00,3,1775,0,1228
2026-09-15 07:26:57.239+00,7,1775,0,1228
2026-09-15 07:27:57.576+00,8,1775,0,1228
2026-09-15 07:28:57.964+00,9,1775,0,1228
2026-09-15 07:29:58.396+00,10,1775,0,1228
2026-09-15 07:30:58.776+00,10,1775,0,1228
2026-09-15 07:31:59.180+00,12,1775,0,1228
2026-09-15 07:32:59.633+00,12,1775,0,1228
2026-09-15 07:34:00.136+00,12,1775,0,1228
2026-09-15 07:35:00.650+00,12,1775,0,1228
2026-09-15 07:36:01.109+00,12,1775,0,1228
2026-09-15 07:37:01.554+00,12,1775,0,1228
2026-09-15 07:38:02.046+00,12,1775,0,1228
2026-09-15 07:39:02.560+00,12,1775,0,1228
2026-09-15 07:40:02.996+00,12,1775,0,1228
2026-09-15 07:41:03.458+00,12,1775,0,1228
2026-09-15 07:42:03.883+00,12,1775,0,1228
2026-09-15 07:43:04.382+00,12,1775,0,1228
2026-09-15 07:44:04.776+00,12,1775,0,1228
2026-09-15 07:45:05.254+00,12,1775,0,1228
2026-09-15 07:46:05.650+00,12,1775,0,1228
2026-09-15 07:47:06.028+00,12,1775,0,1228
2026-09-15 07:48:06.419+00,12,1775,0,1228
2026-09-15 07:49:06.840+00,12,1775,0,1228
2026-09-15 07:50:07.247+00,13,1775,0,1228
2026-09-15 07:51:07.626+00,13,1775,0,1228
2026-09-15 07:52:07.981+00,13,1775,0,1228
2026-09-15 07:53:08.410+00,14,1775,0,1228
2026-09-15 07:54:08.768+00,15,1775,0,1228
2026-09-15 07:55:09.229+00,15,1775,0,1228
2026-09-15 07:56:09.609+00,16,1775,0,1228
2026-09-15 07:57:10.034+00,17,1775,0,1228
2026-09-15 07:58:10.507+00,17,1775,0,1228
2026-09-15 07:59:10.898+00,19,1775,0,1228
2026-09-15 08:00:11.264+00,20,1775,0,1228
2026-09-15 08:01:11.667+00,20,1775,0,1228
2026-09-15 08:02:12.048+00,20,1775,0,1228
2026-09-15 08:03:12.471+00,20,1775,0,1228
2026-09-15 08:04:12.936+00,20,1775,0,1228
2026-09-15 08:05:13.479+00,21,1775,0,1228
2026-09-15 08:06:13.852+00,22,1775,0,1228
2026-09-15 08:07:14.241+00,22,1775,0,1228
2026-09-15 08:08:14.610+00,23,1775,0,1228
2026-09-15 08:09:15.031+00,24,1775,0,1228
2026-09-15 08:10:15.397+00,25,1775,0,1228
2026-09-15 08:11:15.822+00,25,1775,0,1228
2026-09-15 08:12:16.204+00,26,1775,0,1228
2026-09-15 08:13:16.615+00,26,1775,0,1228
2026-09-15 08:14:17.031+00,26,1775,0,1228
2026-09-15 08:15:17.396+00,26,1775,0,1228
2026-09-15 08:16:17.771+00,27,1775,0,1228
2026-09-15 08:17:18.211+00,27,1775,0,1228
2026-09-15 08:18:18.648+00,27,1775,0,1228
2026-09-15 08:19:19.138+00,27,1775,0,1228
2026-09-15 08:20:19.548+00,28,1775,0,1228
2026-09-15 08:21:19.904+00,28,1775,0,1228
2026-09-15 08:22:20.279+00,28,1775,0,1228
2026-09-15 08:23:20.640+00,28,1775,0,1228
2026-09-15 08:24:20.989+00,28,1775,0,1228
2026-09-15 08:25:21.351+00,28,1775,0,1228
2026-09-15 08:26:21.690+00,28,1775,0,1228
2026-09-15 08:27:22.304+00,28,1775,0,1228
2026-09-15 08:28:22.690+00,28,1775,0,1228
2026-09-15 08:29:23.123+00,29,1775,0,1228
2026-09-15 08:30:23.568+00,31,1775,0,1228
2026-09-15 08:31:24.087+00,31,1775,0,1228
2026-09-15 08:32:24.603+00,32,1775,0,1228
2026-09-15 08:33:25.140+00,33,1775,0,1228
2026-09-15 08:34:25.690+00,33,1775,0,1228
2026-09-15 08:35:26.152+00,34,1775,0,1228
2026-09-15 08:36:26.533+00,34,1775,0,1228
2026-09-15 08:37:26.860+00,36,1775,0,1228
2026-09-15 08:38:27.276+00,36,1775,0,1228
2026-09-15 08:39:27.658+00,36,1775,0,1228
2026-09-15 08:40:28.080+00,37,1775,0,1228
2026-09-15 08:41:28.430+00,37,1775,0,1228
2026-09-15 08:42:28.790+00,38,1775,0,1228
2026-09-15 08:43:29.148+00,40,1775,0,1228
2026-09-15 08:44:29.510+00,40,1775,0,1228
2026-09-15 08:45:29.895+00,40,1775,0,1228
2026-09-15 08:46:30.267+00,40,1775,0,1228
2026-09-15 08:47:30.643+00,40,1775,0,1228
2026-09-15 08:48:31.003+00,40,1775,0,1228
2026-09-15 08:49:31.371+00,40,1775,0,1228
2026-09-15 08:50:31.740+00,42,1775,0,1228
2026-09-15 08:51:32.113+00,43,1775,0,1228
2026-09-15 08:52:32.438+00,44,1775,0,1228
2026-09-15 08:53:32.782+00,45,1775,0,1228
2026-09-15 08:54:33.117+00,48,1775,0,1228
2026-09-15 08:55:33.552+00,49,1775,0,1228
2026-09-15 08:56:33.920+00,53,1775,0,1228
2026-09-15 08:57:34.240+00,55,1775,0,1228
2026-09-15 08:58:34.601+00,56,1775,-1,1228
2026-09-15 08:59:35.021+00,60,1775,3,1228
2026-09-15 09:00:35.398+00,60,1775,3,1228
2026-09-15 09:01:35.813+00,64,1775,3,1228
2026-09-15 09:02:36.251+00,68,1775,5,1228
2026-09-15 09:03:36.708+00,69,1775,5,1228
2026-09-15 09:04:37.175+00,69,1775,5,1228
2026-09-15 09:05:37.651+00,73,1775,3,1228
2026-09-15 09:06:38.124+00,73,1775,3,1228
2026-09-15 09:07:38.517+00,75,1775,4,1228
2026-09-15 09:08:38.946+00,75,1775,4,1228
2026-09-15 09:09:39.420+00,75,1775,5,1228
2026-09-15 09:10:41.792+00,77,1775,5,1228
2026-09-15 09:11:42.176+00,77,1775,5,1228
2026-09-15 09:12:42.584+00,78,1775,6,1228
2026-09-15 09:13:42.939+00,79,1775,7,1228
2026-09-15 09:14:43.338+00,82,1775,7,1228
2026-09-15 09:15:43.751+00,83,1775,5,1228
2026-09-15 09:16:44.153+00,84,1775,5,1228
2026-09-15 09:17:44.580+00,85,1775,5,1228
2026-09-15 09:18:44.991+00,85,1775,7,1228
2026-09-15 09:19:45.375+00,87,1775,7,1228
2026-09-15 09:20:45.731+00,89,1775,7,1228
2026-09-15 09:21:46.058+00,89,1775,7,1228
2026-09-15 09:22:46.415+00,88,1775,9,1228
2026-09-15 09:23:46.832+00,87,1775,9,1228
2026-09-15 09:24:47.273+00,90,1775,8,1228
2026-09-15 09:25:47.725+00,90,1775,8,1228
2026-09-15 09:26:48.175+00,91,1775,8,1228
2026-09-15 09:27:48.545+00,93,1775,9,1228
2026-09-15 09:28:48.973+00,93,1775,8,1228
2026-09-15 09:29:49.435+00,91,1775,8,1228
2026-09-15 09:30:49.824+00,92,1775,8,1228
2026-09-15 09:31:50.224+00,93,1775,9,1228
2026-09-15 09:32:50.678+00,93,1775,9,1228
2026-09-15 09:33:51.122+00,94,1775,9,1228
2026-09-15 09:34:51.604+00,95,1775,9,1228
2026-09-15 09:35:52.036+00,96,1775,9,1228
2026-09-15 09:36:52.490+00,94,1775,9,1228
2026-09-15 09:37:52.956+00,96,1775,10,1228
2026-09-15 09:38:53.542+00,97,1775,10,1228
2026-09-15 09:39:53.970+00,97,1775,12,1228
2026-09-15 09:40:54.466+00,98,1775,12,1228
2026-09-15 09:41:54.866+00,98,1775,12,1228
2026-09-15 09:42:55.263+00,99,1775,14,1228
2026-09-15 09:43:55.636+00,100,1775,14,1228
2026-09-15 09:44:56.016+00,100,1775,15,1228
2026-09-15 09:45:56.353+00,100,1775,15,1228
2026-09-15 09:46:56.735+00,101,1775,15,1228
2026-09-15 09:47:57.164+00,102,1775,15,1228
2026-09-15 09:48:57.634+00,106,1775,17,1228
2026-09-15 09:49:58.054+00,107,1775,18,1228
2026-09-15 09:50:58.534+00,108,1775,19,1228
2026-09-15 09:51:58.916+00,109,1775,20,1228
2026-09-15 09:52:59.236+00,109,1775,20,1228
2026-09-15 09:53:59.637+00,111,1775,20,1228
2026-09-15 09:54:59.978+00,111,1775,20,1228
2026-09-15 09:56:00.304+00,111,1775,20,1228
2026-09-15 09:57:00.647+00,111,1775,21,1228
2026-09-15 09:58:01.032+00,113,1775,22,1228
2026-09-15 09:59:01.375+00,114,1775,22,1228
2026-09-15 10:00:01.823+00,114,1775,22,1228
2026-09-15 10:01:02.214+00,114,1775,21,1228
2026-09-15 10:02:02.639+00,114,1775,22,1228
2026-09-15 10:03:03.150+00,114,1775,24,1228
2026-09-15 10:04:03.656+00,115,1775,25,1228
2026-09-15 10:05:04.134+00,115,1775,25,1228
2026-09-15 10:06:04.579+00,115,1775,25,1228
2026-09-15 10:07:04.952+00,115,1775,27,1228
2026-09-15 10:08:05.317+00,114,1775,28,1228
2026-09-15 10:09:05.684+00,114,1775,28,1228
2026-09-15 10:10:06.130+00,114,1775,28,1228
2026-09-15 10:11:06.506+00,114,1775,34,1228
2026-09-15 10:12:06.875+00,115,1775,36,1228
2026-09-15 10:13:07.242+00,115,1775,37,1228
2026-09-15 10:14:07.680+00,115,1775,38,1228
2026-09-15 10:15:08.097+00,114,1775,38,1228
2026-09-15 10:16:08.448+00,113,1775,38,1228
2026-09-15 10:17:08.906+00,115,1775,37,1228
2026-09-15 10:18:09.295+00,116,1775,38,1228
2026-09-15 10:19:09.711+00,116,1775,39,1228
2026-09-15 10:20:10.115+00,116,1775,41,1228
2026-09-15 10:21:10.459+00,119,1775,41,1228
2026-09-15 10:22:10.793+00,121,1775,41,1228
2026-09-15 10:23:11.152+00,121,1775,41,1228
2026-09-15 10:24:11.602+00,124,1775,42,1228
2026-09-15 10:25:12.042+00,129,1775,43,1228
2026-09-15 10:26:12.420+00,129,1775,44,1228
2026-09-15 10:27:12.783+00,127,1775,44,1228
2026-09-15 10:28:13.124+00,126,1775,48,1228
2026-09-15 10:29:13.498+00,124,1775,49,1228
2026-09-15 10:30:13.875+00,126,1775,49,1228
2026-09-15 10:31:14.259+00,127,1775,49,1228
2026-09-15 10:32:14.660+00,127,1775,48,1228
2026-09-15 10:33:15.135+00,129,1775,51,1228
2026-09-15 10:34:15.620+00,129,1775,52,1228
2026-09-15 10:35:16.045+00,129,1775,52,1228
2026-09-15 10:36:16.464+00,132,1775,53,1228
2026-09-15 10:37:16.845+00,131,1775,50,1228
2026-09-15 10:38:17.208+00,134,1775,50,1228
2026-09-15 10:39:17.553+00,132,1775,51,1228
2026-09-15 10:40:17.954+00,134,1775,52,1228
2026-09-15 10:41:18.301+00,134,1775,52,1228
2026-09-15 10:42:18.649+00,134,1775,50,1228
2026-09-15 10:43:19.033+00,135,1775,50,1228
2026-09-15 10:44:19.436+00,135,1775,51,1228
2026-09-15 10:45:19.770+00,134,1775,51,1228
2026-09-15 10:46:20.168+00,136,1775,51,1228
2026-09-15 10:47:20.588+00,136,1775,51,1228
2026-09-15 10:48:21.006+00,138,1775,51,1228
2026-09-15 10:49:21.373+00,138,1775,52,1228
2026-09-15 10:50:21.754+00,137,1775,52,1228
2026-09-15 10:51:22.116+00,137,1775,52,1228
2026-09-15 10:52:22.457+00,136,1775,55,1228
2026-09-15 10:53:22.842+00,138,1775,56,1228
2026-09-15 10:54:23.257+00,140,1775,56,1228
2026-09-15 10:55:23.616+00,140,1775,57,1228
2026-09-15 10:56:23.971+00,142,1775,57,1228
2026-09-15 10:57:24.387+00,141,1775,59,1228
2026-09-15 10:58:24.811+00,141,1775,59,1228
2026-09-15 10:59:25.243+00,142,1775,61,1228
2026-09-15 11:00:25.667+00,142,1775,61,1228
2026-09-15 11:01:26.052+00,143,1775,63,1228
2026-09-15 11:02:26.448+00,143,1775,63,1228
2026-09-15 11:03:26.902+00,145,1775,63,1228
2026-09-15 11:04:27.370+00,148,1775,62,1228
2026-09-15 11:05:27.810+00,150,1775,62,1228
2026-09-15 11:06:28.279+00,150,1775,64,1228
2026-09-15 11:07:28.651+00,148,1775,65,1228
2026-09-15 11:08:28.993+00,148,1775,66,1228
2026-09-15 11:09:29.480+00,150,1775,66,1228
2026-09-15 11:10:30.038+00,151,1775,66,1228
2026-09-15 11:11:30.373+00,152,1775,66,1228
2026-09-15 11:12:30.721+00,153,1775,66,1228
2026-09-15 11:13:31.185+00,153,1775,68,1228
2026-09-15 11:14:31.648+00,153,1775,73,1228
2026-09-15 11:15:32.029+00,153,1775,72,1228
2026-09-15 11:16:32.395+00,153,1775,69,1228
2026-09-15 11:17:32.827+00,153,1775,68,1228
2026-09-15 11:18:33.275+00,151,1775,68,1228
2026-09-15 11:19:33.707+00,141,1775,69,1228
2026-09-15 11:20:34.091+00,141,1775,69,1228
2026-09-15 11:21:34.469+00,143,1775,70,1228
2026-09-15 11:22:34.805+00,145,1775,69,1228
2026-09-15 11:23:35.220+00,148,1775,68,1228
2026-09-15 11:24:35.606+00,148,1775,73,1228
2026-09-15 11:25:35.954+00,149,1775,74,1228
2026-09-15 11:26:36.284+00,159,1775,74,1228
2026-09-15 11:27:36.614+00,160,1775,74,1228
2026-09-15 11:28:36.999+00,160,1775,75,1228
2026-09-15 11:29:37.418+00,160,1775,75,1228
2026-09-15 11:30:37.789+00,158,1775,75,1228
2026-09-15 11:31:38.240+00,159,1775,77,1228
2026-09-15 11:32:38.603+00,159,1775,77,1228
2026-09-15 11:33:38.983+00,159,1775,79,1228
2026-09-15 11:34:39.368+00,159,1775,78,1228
2026-09-15 11:35:39.737+00,157,1775,80,1228
2026-09-15 11:36:40.171+00,160,1775,81,1228
2026-09-15 11:37:40.674+00,161,1775,82,1228
2026-09-15 11:38:41.149+00,158,1775,82,1228
2026-09-15 11:39:41.577+00,160,1775,83,1228
2026-09-15 11:40:41.982+00,161,1775,82,1228
2026-09-15 11:41:42.376+00,161,1775,84,1228
2026-09-15 11:42:42.740+00,161,1775,85,1228
2026-09-15 11:43:43.138+00,162,1775,85,1228
2026-09-15 11:44:43.582+00,161,1775,85,1228
2026-09-15 11:45:44.091+00,158,1775,85,1228
2026-09-15 11:46:44.501+00,158,1775,86,1228
2026-09-15 11:47:45.016+00,156,1775,86,1228
2026-09-15 11:48:45.445+00,156,1775,89,1228
2026-09-15 11:49:45.872+00,157,1775,91,1228
2026-09-15 11:50:46.282+00,157,1775,91,1228
2026-09-15 11:51:46.689+00,159,1775,91,1228
2026-09-15 11:52:47.064+00,157,1775,89,1228
2026-09-15 11:53:47.486+00,156,1775,92,1228
2026-09-15 11:54:47.885+00,159,1775,93,1228
2026-09-15 11:55:48.257+00,160,1775,93,1228
2026-09-15 11:56:48.623+00,157,1775,93,1228
2026-09-15 11:57:49.002+00,158,1775,94,1228
2026-09-15 11:58:49.361+00,158,1775,92,1228
2026-09-15 11:59:49.729+00,159,1775,93,1228
2026-09-15 12:00:50.134+00,159,1775,97,1228
2026-09-15 12:01:50.495+00,160,1775,96,1228
2026-09-15 12:02:50.877+00,157,1775,96,1228
2026-09-15 12:03:51.259+00,157,1775,95,1228
2026-09-15 12:04:51.647+00,158,1775,95,1228
2026-09-15 12:05:51.998+00,160,1775,92,1228
2026-09-15 12:06:52.414+00,153,1775,91,1228
2026-09-15 12:07:52.807+00,151,1775,91,1228
2026-09-15 12:08:53.222+00,150,1775,91,1228
2026-09-15 12:09:53.775+00,151,1775,93,1228
2026-09-15 12:10:54.147+00,152,1775,91,1228
2026-09-15 12:11:54.522+00,151,1775,91,1228
2026-09-15 12:12:54.883+00,151,1775,90,1228
2026-09-15 12:13:55.237+00,152,1775,89,1228
2026-09-15 12:14:55.653+00,151,1775,92,1228
2026-09-15 12:15:56.036+00,152,1775,92,1228
2026-09-15 12:16:56.499+00,153,1775,92,1228
2026-09-15 12:17:57.037+00,153,1775,93,1228
2026-09-15 12:18:57.531+00,153,1775,95,1228
2026-09-15 12:19:58.045+00,152,1775,93,1228
2026-09-15 12:20:58.499+00,154,1775,91,1228
2026-09-15 12:21:58.898+00,154,1775,89,1228
2026-09-15 12:22:59.289+00,157,1775,89,1228
2026-09-15 12:23:59.680+00,158,1775,89,1228
2026-09-15 12:25:00.074+00,160,1775,90,1228
2026-09-15 12:26:00.469+00,160,1775,89,1228
2026-09-15 12:27:00.813+00,177,1775,91,1228
2026-09-15 12:28:01.205+00,179,1775,93,1228
2026-09-15 12:29:01.632+00,162,1775,95,1228
2026-09-15 12:30:02.055+00,160,1775,120,1228
2026-09-15 12:31:02.484+00,162,1775,127,1228
2026-09-15 12:32:02.835+00,163,1775,146,1228
2026-09-15 12:33:03.208+00,176,1775,144,1228
2026-09-15 12:34:03.609+00,177,1775,119,1228
2026-09-15 12:35:03.984+00,178,1775,103,1228
2026-09-15 12:36:04.397+00,177,1775,104,1228
2026-09-15 12:37:04.741+00,162,1775,105,1228
2026-09-15 12:38:05.135+00,164,1775,107,1228
2026-09-15 12:39:05.528+00,160,1775,106,1228
2026-09-15 12:40:05.990+00,161,1775,106,1228
2026-09-15 12:41:06.477+00,161,1775,110,1228
2026-09-15 12:42:06.872+00,160,1775,110,1228
2026-09-15 12:43:07.259+00,158,1775,109,1228
2026-09-15 12:44:07.673+00,158,1775,111,1228
2026-09-15 12:45:08.081+00,157,1775,108,1228
2026-09-15 12:46:08.521+00,156,1775,108,1228
2026-09-15 12:47:08.963+00,158,1775,104,1228
2026-09-15 12:48:09.761+00,159,1775,100,1228
2026-09-15 12:49:10.224+00,180,1775,98,1228
2026-09-15 12:50:10.741+00,181,1775,98,1228
2026-09-15 12:51:11.079+00,181,1775,98,1228
2026-09-15 12:52:11.463+00,181,1775,98,1228
2026-09-15 12:53:11.891+00,158,1775,97,1228
2026-09-15 12:54:12.356+00,177,1775,99,1228
2026-09-15 12:55:12.824+00,181,1775,100,1228
2026-09-15 12:56:13.285+00,177,1775,99,1228
2026-09-15 12:57:13.748+00,158,1775,104,1228
2026-09-15 12:58:14.147+00,155,1775,103,1228
2026-09-15 12:59:14.600+00,152,1775,103,1228
2026-09-15 13:00:15.004+00,152,1775,102,1228
2026-09-15 13:01:15.405+00,149,1775,101,1228
2026-09-15 13:02:15.803+00,148,1775,100,1228
2026-09-15 13:03:16.306+00,160,1775,101,1228
2026-09-15 13:04:16.800+00,155,1775,101,1228
2026-09-15 13:05:17.229+00,134,1775,100,1228
2026-09-15 13:06:17.583+00,134,1775,99,1228
2026-09-15 13:07:17.916+00,134,1775,99,1228
2026-09-15 13:08:18.298+00,135,1775,101,1228
2026-09-15 13:09:18.671+00,137,1775,103,1228
2026-09-15 13:10:19.059+00,139,1775,101,1228
2026-09-15 13:11:19.433+00,137,1775,101,1228
2026-09-15 13:12:19.807+00,135,1775,100,1228
2026-09-15 13:13:20.205+00,136,1775,100,1228
2026-09-15 13:14:20.607+00,135,1775,98,1228
2026-09-15 13:15:20.957+00,136,1775,97,1228
2026-09-15 13:16:21.385+00,136,1775,96,1228
2026-09-15 13:17:21.811+00,139,1775,95,1228
2026-09-15 13:18:22.335+00,139,1775,92,1228
2026-09-15 13:19:22.854+00,140,1775,92,1228
2026-09-15 13:20:23.277+00,143,1775,95,1228
2026-09-15 13:21:23.658+00,143,1775,96,1228
2026-09-15 13:22:24.035+00,147,1775,96,1228
2026-09-15 13:23:24.539+00,148,1775,95,1228
2026-09-15 13:24:24.946+00,149,1775,96,1228
2026-09-15 13:25:25.285+00,148,1775,94,1228
2026-09-15 13:26:25.647+00,147,1775,95,1228
2026-09-15 13:27:26.024+00,150,1775,93,1228
2026-09-15 13:28:26.407+00,150,1775,92,1228
2026-09-15 13:29:26.811+00,149,1775,93,1228
2026-09-15 13:30:27.317+00,150,1775,92,1228
2026-09-15 13:31:27.786+00,149,1775,90,1228
2026-09-15 13:32:28.219+00,151,1775,89,1228
2026-09-15 13:33:28.615+00,154,1775,86,1228
2026-09-15 13:34:29.067+00,155,1775,87,1228
2026-09-15 13:35:29.619+00,160,1775,86,1228
2026-09-15 13:36:30.047+00,156,1775,87,1228
2026-09-15 13:37:30.488+00,157,1775,89,1228
2026-09-15 13:38:31.030+00,160,1775,90,1228
2026-09-15 13:39:31.449+00,165,1775,88,1228
2026-09-15 13:40:31.864+00,165,1775,87,1228
2026-09-15 13:41:32.244+00,164,1775,87,1228
2026-09-15 13:42:32.605+00,160,1775,85,1228
2026-09-15 13:43:33.009+00,160,1775,85,1228
2026-09-15 13:44:33.429+00,159,1775,87,1228
2026-09-15 13:45:33.834+00,158,1775,88,1228
2026-09-15 13:46:34.216+00,162,1775,88,1228
2026-09-15 13:47:34.607+00,161,1775,87,1228
2026-09-15 13:48:34.970+00,159,1775,89,1228
2026-09-15 13:49:35.360+00,161,1775,88,1228
2026-09-15 13:50:35.737+00,164,1775,90,1228
2026-09-15 13:51:36.102+00,165,1775,90,1228
2026-09-15 13:52:36.480+00,167,1775,91,1228
2026-09-15 13:53:36.882+00,168,1775,93,1228
2026-09-15 13:54:37.241+00,169,1775,93,1228
2026-09-15 13:55:37.623+00,170,1775,94,1228
2026-09-15 13:56:37.994+00,174,1775,92,1228
2026-09-15 13:57:38.360+00,173,1775,92,1228
2026-09-15 13:58:38.722+00,172,1775,92,1228
2026-09-15 13:59:39.242+00,170,1775,93,1228
2026-09-15 14:00:39.726+00,171,1775,93,1228
2026-09-15 14:01:40.069+00,172,1775,93,1228
2026-09-15 14:02:40.415+00,171,1775,92,1228
2026-09-15 14:03:40.779+00,174,1775,90,1228
2026-09-15 14:04:41.156+00,174,1775,91,1228
2026-09-15 14:05:41.534+00,177,1775,91,1228
2026-09-15 14:06:41.928+00,177,1775,95,1228
2026-09-15 14:07:42.386+00,174,1775,96,1228
2026-09-15 14:08:42.989+00,177,1775,95,1228
2026-09-15 14:09:43.497+00,180,1775,95,1228
2026-09-15 14:10:43.952+00,178,1775,96,1228
2026-09-15 14:11:44.399+00,178,1775,97,1228
2026-09-15 14:12:44.765+00,177,1775,97,1228
2026-09-15 14:13:45.197+00,178,1775,97,1228
2026-09-15 14:14:45.649+00,179,1775,97,1228
2026-09-15 14:15:46.058+00,177,1775,98,1228
2026-09-15 14:16:46.417+00,177,1775,98,1228
2026-09-15 14:17:46.783+00,175,1775,96,1228
2026-09-15 14:18:47.164+00,176,1775,97,1228
2026-09-15 14:19:47.546+00,175,1775,96,1228
2026-09-15 14:20:47.974+00,175,1775,98,1228
2026-09-15 14:21:48.346+00,175,1775,96,1228
2026-09-15 14:22:48.725+00,175,1775,96,1228
2026-09-15 14:23:49.146+00,177,1775,91,1228
2026-09-15 14:24:49.559+00,176,1775,91,1228
2026-09-15 14:25:49.953+00,175,1775,92,1228
2026-09-15 14:26:50.334+00,174,1775,93,1228
2026-09-15 14:27:50.691+00,174,1775,92,1228
2026-09-15 14:28:51.074+00,173,1775,91,1228
2026-09-15 14:29:51.508+00,174,1775,91,1228
2026-09-15 14:30:51.918+00,174,1775,91,1228
2026-09-15 14:31:52.350+00,172,1775,91,1228
2026-09-15 14:32:52.730+00,172,1775,90,1228
2026-09-15 14:33:53.102+00,172,1775,92,1228
2026-09-15 14:34:53.607+00,172,1775,92,1228
2026-09-15 14:35:54.157+00,171,1775,92,1228
2026-09-15 14:36:54.595+00,170,1775,93,1228
2026-09-15 14:37:54.983+00,171,1775,92,1228
2026-09-15 14:38:55.410+00,175,1775,94,1228
2026-09-15 14:39:55.824+00,176,1775,93,1228
2026-09-15 14:40:56.232+00,176,1775,94,1228
2026-09-15 14:41:56.621+00,176,1775,95,1228
2026-09-15 14:42:57.061+00,175,1775,93,1228
2026-09-15 14:43:57.530+00,173,1775,94,1228
2026-09-15 14:44:57.877+00,171,1775,93,1228
2026-09-15 14:45:58.264+00,171,1775,93,1228
2026-09-15 14:46:58.653+00,168,1775,94,1228
2026-09-15 14:47:59.017+00,168,1775,94,1228
2026-09-15 14:48:59.488+00,168,1775,91,1228
2026-09-15 14:49:59.894+00,167,1775,91,1228
2026-09-15 14:51:00.253+00,166,1775,88,1228
2026-09-15 14:52:00.627+00,167,1775,89,1228
2026-09-15 14:53:00.997+00,166,1775,92,1228
2026-09-15 14:54:01.437+00,165,1775,91,1228
2026-09-15 14:55:01.845+00,163,1775,90,1228
2026-09-15 14:56:02.192+00,161,1775,89,1228
2026-09-15 14:57:02.575+00,159,1775,93,1228
2026-09-15 14:58:02.935+00,163,1775,94,1228
2026-09-15 14:59:03.341+00,161,1775,93,1228
2026-09-15 15:00:03.744+00,163,1775,93,1228
2026-09-15 15:01:04.109+00,162,1775,92,1228
2026-09-15 15:02:04.477+00,160,1775,93,1228
2026-09-15 15:03:04.897+00,159,1775,93,1228
2026-09-15 15:04:05.328+00,159,1775,94,1228
2026-09-15 15:05:05.755+00,159,1775,96,1228
2026-09-15 15:06:06.160+00,161,1775,97,1228
2026-09-15 15:07:06.504+00,161,1775,95,1228
2026-09-15 15:08:06.864+00,161,1775,99,1228
2026-09-15 15:09:07.241+00,162,1775,97,1228
2026-09-15 15:10:07.719+00,162,1775,98,1228
2026-09-15 15:11:08.113+00,163,1775,98,1228
2026-09-15 15:12:08.478+00,164,1775,102,1228
2026-09-15 15:13:08.909+00,164,1775,101,1228
2026-09-15 15:14:09.346+00,165,1775,102,1228
2026-09-15 15:15:09.813+00,165,1775,105,1228
2026-09-15 15:16:10.270+00,164,1775,103,1228
2026-09-15 15:17:10.733+00,165,1775,103,1228
2026-09-15 15:18:11.212+00,167,1775,102,1228
2026-09-15 15:19:11.630+00,164,1775,103,1228
2026-09-15 15:20:12.011+00,166,1775,104,1228
2026-09-15 15:21:12.399+00,165,1775,107,1228
2026-09-15 15:22:12.773+00,164,1775,102,1228
2026-09-15 15:23:13.164+00,164,1775,100,1228
2026-09-15 15:24:13.573+00,162,1775,101,1228
2026-09-15 15:25:14.024+00,162,1775,100,1228
2026-09-15 15:26:14.431+00,160,1775,102,1228
2026-09-15 15:27:14.805+00,159,1775,103,1228
2026-09-15 15:28:15.174+00,160,1775,102,1228
2026-09-15 15:29:15.517+00,160,1775,104,1228
2026-09-15 15:30:15.922+00,160,1775,104,1228
2026-09-15 15:31:16.304+00,155,1775,104,1228
2026-09-15 15:32:16.674+00,151,1775,106,1228
2026-09-15 15:33:17.112+00,151,1775,105,1228
2026-09-15 15:34:17.540+00,150,1775,106,1228
2026-09-15 15:35:18.021+00,155,1775,106,1228
2026-09-15 15:36:18.475+00,152,1775,104,1228
2026-09-15 15:37:18.955+00,150,1775,104,1228
2026-09-15 15:38:19.379+00,150,1775,104,1228
2026-09-15 15:39:19.806+00,150,1775,103,1228
2026-09-15 15:40:20.245+00,149,1775,104,1228
2026-09-15 15:41:20.611+00,148,1775,104,1228
2026-09-15 15:42:21.008+00,148,1775,102,1228
2026-09-15 15:43:21.437+00,148,1775,101,1228
2026-09-15 15:44:21.880+00,148,1775,101,1228
2026-09-15 15:45:22.373+00,150,1775,101,1228
2026-09-15 15:46:22.916+00,151,1775,99,1228
2026-09-15 15:47:23.416+00,149,1775,96,1228
2026-09-15 15:48:23.851+00,148,1775,94,1228
2026-09-15 15:49:24.289+00,145,1775,93,1228
2026-09-15 15:50:24.723+00,145,1775,93,1228
2026-09-15 15:51:25.072+00,143,1775,95,1228
2026-09-15 15:52:25.472+00,142,1775,95,1228
2026-09-15 15:53:25.906+00,142,1775,93,1228
2026-09-15 15:54:26.312+00,140,1775,92,1228
2026-09-15 15:55:26.686+00,140,1775,93,1228
2026-09-15 15:56:27.054+00,140,1775,95,1228
2026-09-15 15:57:27.399+00,138,1775,97,1228
2026-09-15 15:58:27.897+00,140,1775,97,1228
2026-09-15 15:59:28.400+00,139,1775,95,1228
2026-09-15 16:00:28.855+00,139,1775,97,1228
2026-09-15 16:01:29.318+00,136,1775,97,1228
2026-09-15 16:02:29.714+00,135,1775,95,1228
2026-09-15 16:03:30.092+00,134,1775,97,1228
2026-09-15 16:04:30.470+00,132,1775,96,1228
2026-09-15 16:05:30.902+00,134,1775,95,1228
2026-09-15 16:06:31.269+00,134,1775,98,1228
2026-09-15 16:07:31.636+00,134,1775,97,1228
2026-09-15 16:08:31.993+00,130,1775,98,1228
2026-09-15 16:09:32.313+00,129,1775,98,1228
2026-09-15 16:10:32.713+00,127,1775,98,1228
2026-09-15 16:11:33.074+00,124,1775,99,1228
2026-09-15 16:12:33.394+00,123,1775,99,1228
2026-09-15 16:13:33.823+00,121,1775,100,1228
2026-09-15 16:14:34.304+00,122,1775,102,1228
2026-09-15 16:15:35.028+00,120,1775,102,1228
2026-09-15 16:16:35.581+00,120,1775,102,1228
2026-09-15 16:17:36.092+00,115,1775,102,1228
2026-09-15 16:18:36.601+00,114,1775,102,1228
2026-09-15 16:19:37.029+00,114,1775,102,1228
2026-09-15 16:20:37.490+00,115,1775,101,1228
2026-09-15 16:21:37.975+00,115,1775,101,1228
2026-09-15 16:22:38.437+00,115,1775,101,1228
2026-09-15 16:23:38.855+00,115,1775,105,1228
2026-09-15 16:24:39.243+00,116,1775,105,1228
2026-09-15 16:25:39.587+00,117,1775,104,1228
2026-09-15 16:26:39.932+00,118,1775,104,1228
2026-09-15 16:27:40.289+00,119,1775,104,1228
2026-09-15 16:28:40.723+00,119,1775,103,1228
2026-09-15 16:29:41.117+00,119,1775,103,1228
2026-09-15 16:30:41.497+00,117,1775,101,1228
2026-09-15 16:31:41.866+00,118,1775,101,1228
2026-09-15 16:32:42.264+00,119,1775,100,1228
2026-09-15 16:33:42.696+00,118,1775,102,1228
2026-09-15 16:34:43.133+00,117,1775,103,1228
2026-09-15 16:35:43.552+00,119,1775,102,1228
2026-09-15 16:36:43.931+00,118,1775,104,1228
2026-09-15 16:37:44.297+00,114,1775,102,1228
2026-09-15 16:38:44.681+00,118,1775,101,1228
2026-09-15 16:39:45.134+00,117,1775,100,1228
2026-09-15 16:40:45.589+00,117,1775,100,1228
2026-09-15 16:41:45.984+00,117,1775,97,1228
2026-09-15 16:42:46.364+00,116,1775,97,1228
2026-09-15 16:43:46.780+00,117,1775,98,1228
2026-09-15 16:44:47.250+00,118,1775,98,1228
2026-09-15 16:45:47.695+00,115,1775,97,1228
2026-09-15 16:46:48.200+00,115,1775,96,1228
2026-09-15 16:47:48.601+00,112,1775,93,1228
2026-09-15 16:48:48.972+00,112,1775,93,1228
2026-09-15 16:49:49.331+00,111,1775,92,1228
2026-09-15 16:50:49.702+00,109,1775,89,1228
2026-09-15 16:51:50.205+00,106,1775,89,1228
2026-09-15 16:52:50.582+00,108,1775,89,1228
2026-09-15 16:53:50.987+00,107,1775,88,1228
2026-09-15 16:54:51.410+00,104,1775,87,1228
2026-09-15 16:55:51.801+00,102,1775,86,1228
2026-09-15 16:56:52.173+00,103,1775,85,1228
2026-09-15 16:57:52.657+00,101,1775,83,1228
2026-09-15 16:58:53.093+00,102,1775,84,1228
2026-09-15 16:59:53.455+00,100,1775,82,1228
2026-09-15 17:00:53.841+00,99,1775,81,1228
2026-09-15 17:01:54.238+00,95,1775,81,1228
2026-09-15 17:02:54.632+00,91,1775,80,1228
2026-09-15 17:03:55.055+00,95,1775,79,1228
2026-09-15 17:04:55.468+00,94,1775,79,1228
2026-09-15 17:05:55.873+00,92,1775,78,1228
2026-09-15 17:06:56.239+00,86,1775,77,1228
2026-09-15 17:07:56.711+00,85,1775,77,1228
2026-09-15 17:08:57.193+00,82,1775,75,1228
2026-09-15 17:09:57.622+00,81,1775,75,1228
2026-09-15 17:10:58.045+00,82,1775,74,1228
2026-09-15 17:11:58.461+00,79,1775,74,1228
2026-09-15 17:12:58.853+00,78,1775,73,1228
2026-09-15 17:13:59.316+00,79,1775,74,1228
2026-09-15 17:14:59.801+00,79,1775,75,1228
2026-09-15 17:16:00.278+00,79,1775,72,1228
2026-09-15 17:17:00.878+00,78,1775,72,1228
2026-09-15 17:18:01.448+00,78,1775,71,1228
2026-09-15 17:19:01.924+00,77,1775,72,1228
2026-09-15 17:20:02.486+00,77,1775,74,1228
2026-09-15 17:21:02.919+00,75,1775,72,1228
2026-09-15 17:22:03.294+00,74,1775,70,1228
2026-09-15 17:23:03.660+00,75,1775,69,1228
2026-09-15 17:24:04.199+00,78,1775,70,1228
2026-09-15 17:25:04.668+00,77,1775,70,1228
2026-09-15 17:26:05.053+00,75,1775,71,1228
2026-09-15 17:27:05.439+00,74,1775,71,1228
2026-09-15 17:28:05.820+00,71,1775,71,1228
2026-09-15 17:29:06.275+00,69,1775,71,1228
2026-09-15 17:30:06.750+00,69,1775,69,1228
2026-09-15 17:31:07.205+00,67,1775,69,1228
2026-09-15 17:32:07.596+00,63,1775,66,1228
2026-09-15 17:33:07.988+00,62,1775,66,1228
2026-09-15 17:34:08.420+00,61,1775,68,1228
2026-09-15 17:35:08.856+00,59,1775,68,1228
2026-09-15 17:36:09.273+00,57,1775,68,1228
2026-09-15 17:37:09.765+00,57,1775,69,1228
2026-09-15 17:38:10.293+00,57,1775,68,1228
2026-09-15 17:39:10.793+00,57,1775,68,1228
2026-09-15 17:40:11.319+00,57,1775,66,1228
2026-09-15 17:41:11.747+00,56,1775,66,1228
2026-09-15 17:42:12.174+00,56,1775,65,1228
2026-09-15 17:43:12.679+00,54,1775,65,1228
2026-09-15 17:44:13.129+00,54,1775,65,1228
2026-09-15 17:45:13.597+00,52,1775,64,1228
2026-09-15 17:46:14.286+00,51,1775,64,1228
2026-09-15 17:47:14.677+00,48,1775,63,1228
2026-09-15 17:48:15.119+00,45,1775,65,1228
2026-09-15 17:49:15.523+00,44,1775,65,1228
2026-09-15 17:50:15.983+00,43,1775,66,1228
2026-09-15 17:51:16.408+00,43,1775,65,1228
2026-09-15 17:52:16.824+00,42,1775,64,1228
2026-09-15 17:53:17.215+00,37,1775,64,1228
2026-09-15 17:54:17.608+00,32,1775,65,1228
2026-09-15 17:55:18.017+00,29,1775,64,1228
2026-09-15 17:56:18.393+00,23,1775,65,1228
2026-09-15 17:57:18.789+00,21,1775,66,1228
2026-09-15 17:58:19.167+00,21,1775,66,1228
2026-09-15 17:59:19.577+00,20,1775,66,1228
2026-09-15 18:00:19.964+00,20,1775,66,1228
2026-09-15 18:01:20.323+00,18,1775,66,1228
2026-09-15 18:02:20.702+00,18,1775,66,1228
2026-09-15 18:03:21.107+00,18,1775,67,1228
2026-09-15 18:04:21.521+00,19,1775,68,1228
2026-09-15 18:05:21.928+00,19,1775,67,1228
2026-09-15 18:06:22.359+00,19,1775,69,1228
2026-09-15 18:07:22.841+00,19,1775,67,1228
2026-09-15 18:08:23.608+00,19,1775,70,1228
2026-09-15 18:09:24.008+00,19,1775,70,1228
2026-09-15 18:10:24.370+00,19,1775,69,1228
2026-09-15 18:11:24.765+00,19,1775,68,1228
2026-09-15 18:12:25.216+00,19,1775,65,1228
2026-09-15 18:13:25.682+00,19,1775,59,1228
2026-09-15 18:14:26.081+00,19,1775,59,1228
2026-09-15 18:15:26.449+00,19,1775,58,1228
2026-09-15 18:16:26.811+00,19,1775,59,1228
2026-09-15 18:17:27.262+00,19,1775,59,1228
2026-09-15 18:18:27.767+00,19,1775,60,1228
2026-09-15 18:19:28.232+00,19,1775,60,1228
2026-09-15 18:20:28.692+00,19,1775,58,1228
2026-09-15 18:21:29.120+00,19,1775,54,1228
2026-09-15 18:22:29.557+00,19,1775,54,1228
2026-09-15 18:23:30.029+00,19,1775,55,1228
2026-09-15 18:24:30.491+00,19,1775,55,1228
2026-09-15 18:25:30.876+00,19,1775,54,1228
2026-09-15 18:26:31.297+00,19,1775,54,1228
2026-09-15 18:27:31.789+00,19,1775,54,1228
2026-09-15 18:28:32.210+00,19,1775,54,1228
2026-09-15 18:29:32.627+00,19,1775,54,1228
2026-09-15 18:30:33.084+00,19,1775,54,1228
2026-09-15 18:31:33.495+00,19,1775,54,1228
2026-09-15 18:32:33.823+00,19,1775,52,1228
2026-09-15 18:33:34.203+00,19,1775,52,1228
2026-09-15 18:34:34.611+00,19,1775,52,1228
2026-09-15 18:35:34.949+00,19,1775,53,1228
2026-09-15 18:36:35.351+00,19,1775,53,1228
2026-09-15 18:37:35.738+00,19,1775,52,1228
2026-09-15 18:38:36.156+00,19,1775,52,1228
2026-09-15 18:39:36.564+00,19,1775,51,1228
2026-09-15 18:40:37.041+00,19,1775,50,1228
2026-09-15 18:41:37.489+00,19,1775,50,1228
2026-09-15 18:42:37.924+00,19,1775,50,1228
2026-09-15 18:43:38.362+00,19,1775,48,1228
2026-09-15 18:44:38.787+00,19,1775,48,1228
2026-09-15 18:45:39.191+00,19,1775,48,1228
2026-09-15 18:46:39.590+00,19,1775,48,1228
2026-09-15 18:47:39.996+00,19,1775,49,1228
2026-09-15 18:48:40.449+00,19,1775,48,1228
2026-09-15 18:49:40.812+00,19,1775,47,1228
2026-09-15 18:50:41.236+00,19,1775,48,1228
2026-09-15 18:51:41.706+00,19,1775,47,1228
2026-09-15 18:52:42.118+00,19,1775,45,1228
2026-09-15 18:53:42.551+00,19,1775,43,1228
2026-09-15 18:54:43.022+00,19,1775,43,1228
2026-09-15 18:55:43.500+00,19,1775,43,1228
2026-09-15 18:56:43.905+00,19,1775,43,1228
2026-09-15 18:57:44.289+00,19,1775,42,1228
2026-09-15 18:58:44.705+00,19,1775,42,1228
2026-09-15 18:59:45.121+00,19,1775,41,1228
2026-09-15 19:00:45.448+00,19,1775,41,1228
2026-09-15 19:01:45.818+00,19,1775,41,1228
2026-09-15 19:02:46.186+00,19,1775,41,1228
2026-09-15 19:03:46.578+00,19,1775,41,1228
2026-09-15 19:04:47.013+00,19,1775,42,1228
2026-09-15 19:05:47.420+00,19,1775,42,1228
2026-09-15 19:06:47.867+00,19,1775,43,1228
2026-09-15 19:07:48.275+00,19,1775,42,1228
2026-09-15 19:08:48.715+00,19,1775,42,1228
2026-09-15 19:09:49.903+00,19,1775,41,1228
2026-09-15 19:10:50.556+00,19,1775,41,1228
2026-09-15 19:11:51.383+00,19,1775,42,1228
2026-09-15 19:12:52.244+00,19,1775,42,1228
2026-09-15 19:13:52.828+00,19,1775,42,1228
2026-09-15 19:14:53.498+00,19,1775,40,1228
2026-09-15 19:15:54.039+00,19,1775,40,1228
2026-09-15 19:16:54.538+00,19,1775,40,1228
2026-09-15 19:17:55.073+00,19,1775,38,1228
2026-09-15 19:18:55.526+00,19,1775,39,1228
2026-09-15 19:19:56.057+00,19,1775,39,1228
2026-09-15 19:20:56.480+00,21,1775,38,1228
2026-09-15 19:21:56.960+00,21,1775,38,1228
2026-09-15 19:22:57.381+00,21,1775,39,1228
2026-09-15 19:23:57.813+00,21,1775,38,1228
2026-09-15 19:24:58.407+00,21,1775,36,1228
2026-09-15 19:25:58.950+00,21,1775,36,1228
2026-09-15 19:26:59.431+00,21,1775,34,1228
2026-09-15 19:27:59.973+00,21,1775,33,1228
2026-09-15 19:29:00.514+00,21,1775,33,1228
2026-09-15 19:30:00.994+00,21,1775,33,1228
2026-09-15 19:31:01.455+00,21,1775,33,1228
2026-09-15 19:32:02.161+00,21,1775,35,1228
2026-09-15 19:33:02.717+00,21,1775,36,1228
2026-09-15 19:34:03.251+00,21,1775,36,1228
2026-09-15 19:35:03.779+00,21,1775,36,1228
2026-09-15 19:36:04.196+00,21,1775,36,1228
2026-09-15 19:37:04.559+00,21,1775,35,1228
2026-09-15 19:38:04.977+00,21,1775,34,1228
2026-09-15 19:39:05.569+00,21,1775,34,1228
2026-09-15 19:40:05.987+00,21,1775,34,1228
2026-09-15 19:41:06.403+00,21,1775,32,1228
2026-09-15 19:42:06.811+00,21,1775,30,1228
2026-09-15 19:43:07.276+00,21,1775,30,1228
2026-09-15 19:44:07.630+00,21,1775,30,1228
2026-09-15 19:45:08.036+00,21,1775,30,1228
2026-09-15 19:46:08.409+00,21,1775,29,1228
2026-09-15 19:47:08.775+00,21,1775,29,1228
2026-09-15 19:48:09.132+00,21,1775,31,1228
2026-09-15 19:49:09.560+00,21,1775,32,1228
2026-09-15 19:50:09.955+00,21,1775,31,1228
2026-09-15 19:51:10.352+00,21,1775,29,1228
2026-09-15 19:52:10.698+00,21,1775,29,1228
2026-09-15 19:53:11.075+00,21,1775,29,1228
2026-09-15 19:54:11.445+00,21,1775,28,1228
2026-09-15 19:55:11.803+00,21,1775,29,1228
2026-09-15 19:56:12.150+00,21,1775,29,1228
2026-09-15 19:57:12.511+00,21,1775,29,1228
2026-09-15 19:58:12.887+00,21,1775,29,1228
2026-09-15 19:59:13.344+00,21,1775,28,1228
2026-09-15 20:00:13.897+00,21,1775,28,1228
2026-09-15 20:01:14.423+00,21,1775,28,1228
2026-09-15 20:02:14.952+00,21,1775,28,1228
2026-09-15 20:03:15.716+00,21,1775,28,1228
2026-09-15 20:04:16.519+00,21,1775,28,1228
2026-09-15 20:05:17.138+00,21,1775,27,1228
2026-09-15 20:06:17.710+00,21,1775,25,1228
2026-09-15 20:07:18.257+00,21,1775,25,1228
2026-09-15 20:08:18.821+00,21,1775,23,1228
2026-09-15 20:09:20.676+00,21,1775,22,1228
2026-09-15 20:10:21.185+00,21,1775,22,1228
2026-09-15 20:11:22.144+00,21,1775,22,1228
2026-09-15 20:12:22.721+00,21,1775,22,1228
2026-09-15 20:13:23.246+00,21,1775,22,1228
2026-09-15 20:14:24.966+00,21,1775,22,1228
2026-09-15 20:15:25.557+00,21,1775,20,1228
2026-09-15 20:16:26.041+00,21,1775,20,1228
2026-09-15 20:17:26.679+00,21,1775,19,1228
2026-09-15 20:18:27.272+00,21,1775,19,1228
2026-09-15 20:19:27.836+00,21,1775,19,1228
2026-09-15 20:20:28.345+00,21,1775,19,1228
2026-09-15 20:21:29.071+00,22,1775,19,1228
2026-09-15 20:22:29.509+00,22,1775,19,1228
2026-09-15 20:23:30.233+00,22,1775,19,1228
2026-09-15 20:24:30.755+00,22,1775,19,1228
2026-09-15 20:25:31.472+00,22,1775,19,1228
2026-09-15 20:26:32.173+00,22,1775,19,1228
2026-09-15 20:27:32.718+00,22,1775,17,1228
2026-09-15 20:28:33.163+00,22,1775,16,1228
2026-09-15 20:29:33.706+00,22,1775,16,1228
2026-09-15 20:30:34.297+00,22,1775,16,1228
2026-09-15 20:31:34.825+00,22,1775,15,1228
2026-09-15 20:32:35.337+00,22,1775,13,1228
2026-09-15 20:33:35.908+00,22,1775,11,1228
2026-09-15 20:34:36.644+00,22,1775,10,1228
2026-09-15 20:35:37.177+00,22,1775,10,1228
2026-09-15 20:36:37.589+00,22,1775,9,1228
2026-09-15 20:37:38.027+00,22,1775,9,1228
2026-09-15 20:38:38.410+00,22,1775,9,1228
2026-09-15 20:39:38.843+00,22,1775,9,1228
2026-09-15 20:40:39.236+00,22,1775,9,1228
2026-09-15 20:41:39.687+00,22,1775,8,1228
2026-09-15 20:42:40.208+00,22,1775,8,1228
2026-09-15 20:43:40.667+00,22,1775,8,1228
2026-09-15 20:44:41.250+00,22,1775,8,1228
2026-09-15 20:45:41.687+00,22,1775,8,1228
2026-09-15 20:46:42.086+00,22,1775,8,1228
2026-09-15 20:47:42.431+00,22,1775,8,1228
2026-09-15 20:48:42.798+00,22,1775,8,1228
2026-09-15 20:49:43.218+00,22,1775,7,1228
2026-09-15 20:50:43.577+00,22,1775,7,1228
2026-09-15 20:51:43.884+00,22,1775,6,1228
2026-09-15 20:52:44.254+00,22,1775,6,1228
2026-09-15 20:53:44.708+00,22,1775,5,1228
2026-09-15 20:54:45.118+00,22,1775,4,1228
2026-09-15 20:55:45.483+00,22,1775,4,1228
2026-09-15 20:56:45.819+00,22,1775,2,1228
2026-09-15 20:57:46.140+00,22,1775,1,1228
2026-09-15 20:58:46.507+00,22,1775,1,1228
2026-09-15 20:59:47.037+00,22,1775,1,1228
2026-09-15 21:00:47.865+00,22,1775,-1,1228
2026-09-15 21:01:48.292+00,22,1775,-1,1228
2026-09-15 21:02:49.307+00,22,1775,-1,1228
2026-09-15 21:03:49.754+00,22,1775,-1,1228
2026-09-15 21:04:50.134+00,22,1775,-2,1228
2026-09-15 21:05:50.471+00,22,1775,-1,1228
2026-09-15 21:06:50.899+00,22,1775,-1,1228
2026-09-15 21:07:51.266+00,22,1775,-1,1228
2026-09-15 21:08:51.649+00,22,1775,-1,1228
2026-09-15 21:09:52.041+00,22,1775,-1,1228
2026-09-15 21:10:52.391+00,22,1775,-1,1228
2026-09-15 21:11:52.766+00,22,1775,-1,1228
2026-09-15 21:12:53.164+00,22,1775,-1,1228
2026-09-15 21:13:53.592+00,22,1775,-1,1228
2026-09-15 21:14:53.970+00,22,1775,-1,1228
2026-09-15 21:15:54.330+00,22,1775,-1,1228
2026-09-15 21:16:54.659+00,22,1775,-1,1228
2026-09-15 21:17:55.147+00,22,1775,-1,1228
2026-09-15 21:18:55.654+00,22,1775,-1,1228
2026-09-15 21:19:56.024+00,22,1775,-1,1228
2026-09-15 21:20:56.446+00,22,1775,-1,1228
2026-09-15 21:21:56.778+00,22,1775,-1,1228
2026-09-15 21:22:57.110+00,22,1775,-1,1228
2026-09-15 21:23:57.494+00,22,1775,-1,1228
2026-09-15 21:24:57.945+00,22,1775,-1,1228
2026-09-15 21:25:58.355+00,22,1775,-1,1228
2026-09-15 21:26:58.726+00,22,1775,-1,1228
2026-09-15 21:27:59.119+00,22,1775,-1,1228
2026-09-15 21:28:59.471+00,22,1775,-1,1228
2026-09-15 21:29:59.968+00,22,1775,-1,1228
2026-09-15 21:31:00.471+00,22,1775,-1,1228
2026-09-15 21:32:00.951+00,22,1775,-1,1228
2026-09-15 21:33:01.348+00,22,1775,-1,1228
2026-09-15 21:34:01.906+00,22,1775,-1,1228
2026-09-15 21:35:02.431+00,22,1775,-1,1228
2026-09-15 21:36:02.840+00,22,1775,-1,1228
2026-09-15 21:37:03.228+00,22,1775,-1,1228
2026-09-15 21:38:03.561+00,22,1775,-1,1228
2026-09-15 21:39:03.989+00,22,1775,-1,1228
2026-09-15 21:40:04.399+00,22,1775,-1,1228
2026-09-15 21:41:04.796+00,22,1775,-1,1228
2026-09-15 21:42:05.119+00,22,1775,-1,1228
2026-09-15 21:43:05.443+00,23,1775,-1,1228
2026-09-15 21:44:05.830+00,23,1775,-1,1228
2026-09-15 21:45:06.247+00,23,1775,-1,1228
2026-09-15 21:46:06.682+00,23,1775,-1,1228
2026-09-15 21:47:07.155+00,23,1775,-1,1228
2026-09-15 21:48:07.612+00,23,1775,-1,1228
2026-09-15 21:49:08.101+00,23,1775,-1,1228
2026-09-15 21:50:08.668+00,23,1775,-1,1228
2026-09-15 21:51:09.337+00,23,1775,-1,1228
2026-09-15 21:52:09.721+00,23,1775,-1,1228
2026-09-15 21:53:10.101+00,23,1775,-1,1228
2026-09-15 21:54:10.484+00,23,1775,-1,1228
2026-09-15 21:55:10.864+00,23,1775,-1,1228
2026-09-15 21:56:11.196+00,23,1775,-1,1228
2026-09-15 21:57:11.534+00,23,1775,-1,1228
2026-09-15 21:58:11.910+00,23,1775,-1,1228
2026-09-15 21:59:12.363+00,23,1775,-1,1228
2026-09-15 22:00:12.956+00,23,1775,-1,1228
2026-09-15 22:01:13.477+00,23,1775,-1,1228
2026-09-15 22:02:13.838+00,23,1775,-1,1228
2026-09-15 22:03:14.213+00,23,1775,-1,1228
2026-09-15 22:04:14.609+00,23,1775,-1,1228
2026-09-15 22:05:15.121+00,23,1775,-1,1228
2026-09-15 22:06:15.590+00,23,1775,-1,1228
2026-09-15 22:07:15.915+00,23,1775,-1,1228
2026-09-15 22:08:16.303+00,23,1775,-1,1228
2026-09-15 22:09:16.634+00,23,1775,-1,1228
2026-09-15 22:10:16.958+00,23,1775,-1,1228
2026-09-15 22:11:17.346+00,23,1775,-1,1228
2026-09-15 22:12:17.773+00,23,1775,-1,1228
2026-09-15 22:13:18.193+00,23,1775,-1,1228
2026-09-15 22:14:18.624+00,23,1775,-1,1228
2026-09-15 22:15:19.024+00,23,1775,-1,1228
2026-09-15 22:16:19.367+00,23,1775,-1,1228
2026-09-15 22:17:19.745+00,23,1775,-1,1228
2026-09-15 22:18:20.124+00,23,1775,-1,1228
2026-09-15 22:19:20.475+00,23,1775,-1,1228
2026-09-15 22:20:20.876+00,23,1775,-1,1228
2026-09-15 22:21:21.209+00,23,1775,-1,1228
2026-09-15 22:22:21.527+00,23,1775,-1,1228
2026-09-15 22:23:21.849+00,23,1775,-1,1228
2026-09-15 22:24:22.239+00,23,1775,-1,1228
2026-09-15 22:25:22.604+00,23,1775,-1,1228
2026-09-15 22:26:22.930+00,23,1775,-1,1228
2026-09-15 22:27:23.283+00,23,1775,-1,1228
2026-09-15 22:28:23.684+00,23,1775,-1,1228
2026-09-15 22:29:24.128+00,23,1775,-1,1228
2026-09-15 22:30:24.609+00,23,1775,-1,1228
2026-09-15 22:31:25.087+00,23,1775,-1,1228
2026-09-15 22:32:25.524+00,23,1775,-1,1228
2026-09-15 22:33:25.952+00,23,1775,-1,1228
2026-09-15 22:34:26.359+00,23,1775,-1,1228
2026-09-15 22:35:26.714+00,23,1775,-1,1228
2026-09-15 22:36:27.119+00,23,1775,-1,1228
2026-09-15 22:37:27.509+00,23,1775,-1,1228
2026-09-15 22:38:27.918+00,23,1775,-1,1228
2026-09-15 22:39:28.406+00,23,1775,-1,1228
2026-09-15 22:40:28.872+00,23,1775,-1,1228
2026-09-15 22:41:29.361+00,23,1775,-1,1228
2026-09-15 22:42:29.768+00,23,1775,-1,1228
2026-09-15 22:43:30.098+00,23,1775,-1,1228
2026-09-15 22:44:30.440+00,23,1775,-1,1228
2026-09-15 22:45:30.771+00,23,1775,-1,1228
2026-09-15 22:46:31.102+00,23,1775,-1,1228
2026-09-15 22:47:31.532+00,23,1775,-1,1228
2026-09-15 22:48:31.962+00,23,1775,-1,1228
2026-09-15 22:49:32.423+00,23,1775,-1,1228
2026-09-15 22:50:32.812+00,23,1775,-1,1228
2026-09-15 22:51:33.168+00,23,1775,-1,1228
2026-09-15 22:52:33.537+00,23,1775,-1,1228
2026-09-15 22:53:33.895+00,23,1775,-1,1228
2026-09-15 22:54:34.254+00,23,1775,-1,1228
2026-09-15 22:55:34.584+00,23,1775,-1,1228
2026-09-15 22:56:34.885+00,23,1775,-1,1228
2026-09-15 22:57:35.244+00,23,1775,-1,1228
2026-09-15 22:58:35.731+00,23,1775,-1,1228
2026-09-15 22:59:36.134+00,23,1775,-1,1228
2026-09-15 23:00:36.544+00,23,1775,-1,1228
2026-09-15 23:01:36.947+00,23,1775,-1,1228
2026-09-15 23:02:37.457+00,23,1775,-1,1228
2026-09-15 23:03:37.876+00,23,1775,-1,1228
2026-09-15 23:04:38.250+00,23,1775,-1,1228
2026-09-15 23:05:38.610+00,23,1775,-1,1228
2026-09-15 23:06:38.951+00,23,1775,-1,1228
2026-09-15 23:07:39.275+00,23,1775,-1,1228
2026-09-15 23:08:39.659+00,23,1775,-1,1228
2026-09-15 23:09:39.970+00,23,1775,-1,1228
2026-09-15 23:10:40.343+00,23,1775,-1,1228
2026-09-15 23:11:40.699+00,23,1775,-1,1228
2026-09-15 23:12:41.116+00,23,1775,-1,1228
2026-09-15 23:13:41.496+00,23,1775,-1,1228
2026-09-15 23:14:41.939+00,23,1775,-1,1228
2026-09-15 23:15:42.408+00,23,1775,-1,1228
2026-09-15 23:16:42.786+00,23,1775,-1,1228
2026-09-15 23:17:43.204+00,23,1775,-1,1228
2026-09-15 23:18:43.664+00,23,1775,-1,1228
2026-09-15 23:19:44.118+00,23,1775,-1,1228
2026-09-15 23:20:44.493+00,23,1775,-1,1228
2026-09-15 23:21:44.920+00,23,1775,-1,1228
2026-09-15 23:22:45.273+00,23,1775,-1,1228
2026-09-15 23:23:45.619+00,23,1775,-1,1228
2026-09-15 23:24:45.956+00,23,1775,-1,1228
2026-09-15 23:25:46.285+00,23,1775,-1,1228
2026-09-15 23:26:46.594+00,23,1775,-1,1228
2026-09-15 23:27:47.025+00,23,1775,-1,1228
2026-09-15 23:28:47.439+00,23,1775,-1,1228
2026-09-15 23:29:47.886+00,23,1775,-1,1228
2026-09-15 23:30:48.298+00,23,1775,-1,1228
2026-09-15 23:31:48.689+00,23,1775,-1,1228
2026-09-15 23:32:49.106+00,23,1775,-1,1228
2026-09-15 23:33:49.499+00,23,1775,-1,1228
2026-09-15 23:34:53.553+00,23,1775,-1,1228
2026-09-15 23:35:56.123+00,23,1775,-1,1228
2026-09-15 23:36:58.797+00,23,1775,-1,1228
2026-09-15 23:37:59.267+00,23,1775,-1,1228
2026-09-15 23:38:59.712+00,23,1775,-1,1228
2026-09-15 23:40:00.104+00,23,1775,-1,1228
2026-09-15 23:41:00.461+00,23,1775,-1,1228
2026-09-15 23:42:00.798+00,23,1775,-1,1228
2026-09-15 23:43:01.182+00,23,1775,-1,1228
2026-09-15 23:44:01.736+00,23,1775,-1,1228
2026-09-15 23:45:02.453+00,23,1775,-1,1228
2026-09-15 23:46:02.852+00,23,1775,-1,1228
2026-09-15 23:47:03.407+00,23,1775,-1,1228
2026-09-15 23:48:03.840+00,23,1775,-1,1228
2026-09-15 23:49:04.190+00,23,1775,-1,1228
2026-09-15 23:50:04.552+00,23,1775,-1,1228
2026-09-15 23:51:04.884+00,23,1775,-1,1228
2026-09-15 23:52:05.223+00,23,1775,-1,1228
2026-09-15 23:53:05.839+00,23,1775,-1,1228
2026-09-15 23:54:06.276+00,23,1775,-1,1228
2026-09-15 23:55:06.594+00,23,1775,-1,1228
2026-09-15 23:56:06.914+00,23,1775,-1,1228
2026-09-15 23:57:07.344+00,23,1775,-1,1228
2026-09-15 23:58:07.832+00,23,1775,-1,1228
2026-09-15 23:59:08.316+00,23,1775,-1,1228
2026-09-16 00:00:08.792+00,23,1775,-1,1228
2026-09-16 00:01:09.198+00,23,1775,-1,1228
2026-09-16 00:02:09.799+00,23,1775,-1,1228
2026-09-16 00:03:10.253+00,23,1775,-1,1228
2026-09-16 00:04:10.612+00,23,1775,-1,1228
2026-09-16 00:05:10.955+00,23,1775,-1,1228
2026-09-16 00:06:11.290+00,23,1775,-1,1228
2026-09-16 00:07:11.613+00,23,1775,-1,1228
2026-09-16 00:08:11.970+00,23,1775,-1,1228
2026-09-16 00:09:12.315+00,23,1775,-1,1228
2026-09-16 00:10:12.677+00,23,1775,-1,1228
2026-09-16 00:11:13.047+00,23,1775,-1,1228
2026-09-16 00:12:13.431+00,23,1775,-1,1228
2026-09-16 00:13:13.857+00,23,1775,-1,1228
2026-09-16 00:14:14.239+00,23,1775,-1,1228
2026-09-16 00:15:14.636+00,23,1775,-1,1228
2026-09-16 00:16:15.028+00,23,1775,-1,1228
2026-09-16 00:17:15.448+00,23,1775,-1,1228
2026-09-16 00:18:15.891+00,23,1775,-1,1228
2026-09-16 00:19:16.291+00,23,1775,-1,1228
2026-09-16 00:20:16.761+00,23,1775,-1,1228
2026-09-16 00:21:17.205+00,23,1775,-1,1228
2026-09-16 00:22:17.560+00,23,1775,-1,1228
2026-09-16 00:23:17.922+00,23,1775,-1,1228
2026-09-16 00:24:18.304+00,23,1775,-1,1228
2026-09-16 00:25:18.686+00,23,1775,-1,1228
2026-09-16 00:26:19.019+00,23,1775,-1,1228
2026-09-16 00:27:19.369+00,23,1775,-1,1228
2026-09-16 00:28:19.764+00,23,1775,-1,1228
2026-09-16 00:29:20.186+00,23,1775,-1,1228
2026-09-16 00:30:20.648+00,23,1775,-1,1228
2026-09-16 00:31:21.037+00,23,1775,-1,1228
2026-09-16 00:32:21.407+00,23,1775,-1,1228
2026-09-16 00:33:21.730+00,23,1775,-1,1228
2026-09-16 00:34:22.118+00,23,1775,-1,1228
2026-09-16 00:35:22.506+00,23,1775,-1,1228
2026-09-16 00:36:22.883+00,23,1775,-1,1228
2026-09-16 00:37:23.229+00,23,1775,-1,1228
2026-09-16 00:38:23.574+00,23,1775,-1,1228
2026-09-16 00:39:24.120+00,23,1775,-1,1228
2026-09-16 00:40:24.494+00,23,1775,-1,1228
2026-09-16 00:41:24.895+00,23,1775,-1,1228
2026-09-16 00:42:25.229+00,23,1775,-1,1228
2026-09-16 00:43:25.599+00,23,1775,-1,1228
2026-09-16 00:44:25.995+00,23,1775,-1,1228
2026-09-16 00:45:26.376+00,23,1775,-1,1228
2026-09-16 00:46:26.727+00,23,1775,-1,1228
2026-09-16 00:47:27.184+00,23,1775,-1,1228
2026-09-16 00:48:27.628+00,23,1775,-1,1228
2026-09-16 00:49:28.054+00,23,1775,-1,1228
2026-09-16 00:50:28.404+00,23,1775,-1,1228
2026-09-16 00:51:28.780+00,23,1775,-1,1228
2026-09-16 00:52:29.141+00,23,1775,-1,1228
2026-09-16 00:53:29.531+00,23,1775,-1,1228
2026-09-16 00:54:29.945+00,23,1775,-1,1228
2026-09-16 00:55:30.302+00,23,1775,-1,1228
2026-09-16 00:56:30.643+00,23,1775,-1,1228
2026-09-16 00:57:30.998+00,23,1775,-1,1228
2026-09-16 00:58:31.429+00,23,1775,-1,1228
2026-09-16 00:59:31.881+00,23,1775,-1,1228
2026-09-16 01:00:32.310+00,23,1775,-1,1228
2026-09-16 01:01:32.676+00,23,1775,-1,1228
2026-09-16 01:02:33.048+00,23,1775,-1,1228
2026-09-16 01:03:33.459+00,23,1775,-1,1228
2026-09-16 01:04:33.868+00,23,1775,-1,1228
2026-09-16 01:05:34.221+00,23,1775,-1,1228
2026-09-16 01:06:34.658+00,23,1775,-1,1228
2026-09-16 01:07:35.041+00,23,1775,-1,1228
2026-09-16 01:08:35.449+00,23,1775,-1,1228
2026-09-16 01:09:35.803+00,23,1775,-1,1228
2026-09-16 01:10:36.150+00,23,1775,-1,1228
2026-09-16 01:11:36.514+00,23,1775,-1,1228
2026-09-16 01:12:36.891+00,23,1775,-1,1228
2026-09-16 01:13:37.296+00,23,1775,-1,1228
2026-09-16 01:14:37.688+00,23,1775,-1,1228
2026-09-16 01:15:37.996+00,23,1775,-1,1228
2026-09-16 01:16:38.364+00,23,1775,-1,1228
2026-09-16 01:17:38.804+00,23,1775,-1,1228
2026-09-16 01:18:39.207+00,23,1775,-1,1228
2026-09-16 01:19:39.592+00,23,1775,-1,1228
2026-09-16 01:20:39.934+00,23,1775,-1,1228
2026-09-16 01:21:40.263+00,23,1775,-1,1228
2026-09-16 01:22:40.630+00,23,1775,-1,1228
2026-09-16 01:23:40.979+00,23,1775,-1,1228
2026-09-16 01:24:41.337+00,23,1775,-1,1228
2026-09-16 01:25:41.691+00,23,1775,-1,1228
2026-09-16 01:26:42.018+00,23,1775,-1,1228
2026-09-16 01:27:42.374+00,23,1775,-1,1228
2026-09-16 01:28:42.774+00,23,1775,-1,1228
2026-09-16 01:29:43.171+00,23,1775,-1,1228
2026-09-16 01:30:43.573+00,23,1775,-1,1228
2026-09-16 01:31:43.938+00,23,1775,-1,1228
2026-09-16 01:32:44.264+00,23,1775,-1,1228
2026-09-16 01:33:44.680+00,23,1775,-1,1228
2026-09-16 01:34:45.134+00,23,1775,-1,1228
2026-09-16 01:35:45.572+00,23,1775,-1,1228
2026-09-16 01:36:46.040+00,23,1775,-1,1228
2026-09-16 01:37:46.444+00,23,1775,-1,1228
2026-09-16 01:38:46.868+00,23,1775,-1,1228
2026-09-16 01:39:47.380+00,23,1775,-1,1228
2026-09-16 01:40:47.817+00,23,1775,-1,1228
2026-09-16 01:41:48.189+00,23,1775,-1,1228
2026-09-16 01:42:48.544+00,23,1775,-1,1228
2026-09-16 01:43:48.894+00,23,1775,-1,1228
2026-09-16 01:44:49.253+00,23,1775,-1,1228
2026-09-16 01:45:49.616+00,23,1775,-1,1228
2026-09-16 01:46:49.944+00,23,1775,-1,1228
2026-09-16 01:47:50.274+00,23,1775,-1,1228
2026-09-16 01:48:50.686+00,23,1775,-1,1228
2026-09-16 01:49:51.083+00,23,1775,-1,1228
2026-09-16 01:50:51.466+00,23,1775,-1,1228
2026-09-16 01:51:51.909+00,23,1775,-1,1228
2026-09-16 01:52:52.284+00,23,1775,-1,1228
2026-09-16 01:53:52.693+00,23,1775,-1,1228
2026-09-16 01:54:53.064+00,23,1775,-1,1228
2026-09-16 01:55:53.431+00,23,1775,-1,1228
2026-09-16 01:56:53.805+00,23,1775,-1,1228
2026-09-16 01:57:54.144+00,23,1775,-1,1228
2026-09-16 01:58:54.501+00,23,1775,-1,1228
2026-09-16 01:59:54.877+00,23,1775,-1,1228
2026-09-16 02:00:55.177+00,23,1775,-1,1228
2026-09-16 02:01:55.492+00,23,1775,-1,1228
2026-09-16 02:02:55.847+00,23,1775,-1,1228
2026-09-16 02:03:56.244+00,23,1775,-1,1228
2026-09-16 02:04:56.631+00,23,1775,-1,1228
2026-09-16 02:05:56.983+00,23,1775,-1,1228
2026-09-16 02:06:57.343+00,23,1775,-1,1228
2026-09-16 02:07:57.703+00,23,1775,-1,1228
2026-09-16 02:08:58.085+00,23,1775,-1,1228
2026-09-16 02:09:58.547+00,23,1775,-1,1228
2026-09-16 02:10:58.919+00,23,1775,-1,1228
2026-09-16 02:11:59.285+00,23,1775,-1,1228
2026-09-16 02:12:59.633+00,23,1775,-1,1228
2026-09-16 02:14:00.050+00,23,1775,-1,1228
2026-09-16 02:15:00.413+00,23,1775,-1,1228
2026-09-16 02:16:00.739+00,23,1775,-1,1228
2026-09-16 02:17:01.106+00,23,1775,-1,1228
2026-09-16 02:18:01.521+00,23,1775,-1,1228
2026-09-16 02:19:01.964+00,23,1775,-1,1228
2026-09-16 02:20:02.414+00,23,1775,-1,1228
2026-09-16 02:21:02.843+00,23,1775,-1,1228
2026-09-16 02:22:03.208+00,23,1775,-1,1228
2026-09-16 02:23:03.532+00,23,1775,-1,1228
2026-09-16 02:24:03.914+00,23,1775,-1,1228
2026-09-16 02:25:04.381+00,23,1775,-1,1228
2026-09-16 02:26:04.810+00,23,1775,-1,1228
2026-09-16 02:27:05.360+00,23,1775,-1,1228
2026-09-16 02:28:05.789+00,23,1775,-1,1228
2026-09-16 02:29:06.200+00,23,1775,-1,1228
2026-09-16 02:30:06.541+00,23,1775,-1,1228
2026-09-16 02:31:06.893+00,23,1775,-1,1228
2026-09-16 02:32:07.264+00,23,1775,-1,1228
2026-09-16 02:33:07.615+00,23,1775,-1,1228
2026-09-16 02:34:07.970+00,23,1775,-1,1228
2026-09-16 02:35:08.390+00,23,1775,-1,1228
2026-09-16 02:36:08.829+00,23,1775,-1,1228
2026-09-16 02:37:09.223+00,23,1775,-1,1228
2026-09-16 02:38:09.570+00,23,1775,-1,1228
2026-09-16 02:39:09.909+00,23,1775,-1,1228
2026-09-16 02:40:10.312+00,23,1775,-1,1228
2026-09-16 02:41:10.694+00,23,1775,-1,1228
2026-09-16 02:42:11.056+00,23,1775,-1,1228
2026-09-16 02:43:11.457+00,23,1775,-1,1228
2026-09-16 02:44:11.827+00,23,1775,-1,1228
2026-09-16 02:45:12.171+00,23,1775,-1,1228
2026-09-16 02:46:12.538+00,23,1775,-1,1228
2026-09-16 02:47:12.937+00,23,1775,-1,1228
2026-09-16 02:48:13.312+00,23,1775,-1,1228
2026-09-16 02:49:13.727+00,23,1775,-1,1228
2026-09-16 02:50:14.095+00,23,1775,-1,1228
2026-09-16 02:51:14.450+00,23,1775,-1,1228
2026-09-16 02:52:14.797+00,23,1775,-1,1228
2026-09-16 02:53:15.224+00,23,1775,-1,1228
2026-09-16 02:54:15.721+00,23,1775,-1,1228
2026-09-16 02:55:16.089+00,23,1775,-1,1228
2026-09-16 02:56:16.453+00,23,1775,-1,1228
2026-09-16 02:57:16.829+00,23,1775,-1,1228
2026-09-16 02:58:17.180+00,23,1775,-1,1228
2026-09-16 02:59:17.646+00,23,1775,-1,1228
2026-09-16 03:00:18.012+00,23,1775,-1,1228
2026-09-16 03:01:18.383+00,23,1775,-1,1228
2026-09-16 03:02:18.745+00,23,1775,-1,1228
2026-09-16 03:03:19.107+00,23,1775,-1,1228
2026-09-16 03:04:19.474+00,23,1775,-1,1228
2026-09-16 03:05:19.849+00,23,1775,-1,1228
2026-09-16 03:06:20.201+00,23,1775,-1,1228
2026-09-16 03:07:20.682+00,23,1775,-1,1228
2026-09-16 03:08:21.054+00,23,1775,-1,1228
2026-09-16 03:09:21.376+00,23,1775,-1,1228
2026-09-16 03:10:21.734+00,23,1775,-1,1228
2026-09-16 03:11:22.092+00,23,1775,-1,1228
2026-09-16 03:12:22.476+00,23,1775,-1,1228
2026-09-16 03:13:22.914+00,23,1775,-1,1228
2026-09-16 03:14:23.322+00,23,1775,-1,1228
2026-09-16 03:15:23.674+00,23,1775,-1,1228
2026-09-16 03:16:24.033+00,23,1775,-1,1228
2026-09-16 03:17:24.454+00,23,1775,-1,1228
2026-09-16 03:18:24.884+00,23,1775,-1,1228
2026-09-16 03:19:25.289+00,23,1775,-1,1228
2026-09-16 03:20:25.662+00,23,1775,-1,1228
2026-09-16 03:21:26.034+00,23,1775,-1,1228
2026-09-16 03:22:26.392+00,23,1775,-1,1228
2026-09-16 03:23:26.804+00,23,1775,-1,1228
2026-09-16 03:24:27.156+00,23,1775,-1,1228
2026-09-16 03:25:27.518+00,23,1775,-1,1228
2026-09-16 03:26:27.858+00,23,1775,-1,1228
2026-09-16 03:27:28.185+00,23,1775,-1,1228
2026-09-16 03:28:28.597+00,23,1775,-1,1228
2026-09-16 03:29:28.994+00,23,1775,-1,1228
2026-09-16 03:30:29.348+00,23,1775,-1,1228
2026-09-16 03:31:29.698+00,23,1775,-1,1228
2026-09-16 03:32:30.080+00,23,1775,-1,1228
2026-09-16 03:33:30.438+00,23,1775,-1,1228
2026-09-16 03:34:30.978+00,23,1775,-1,1228
2026-09-16 03:35:31.490+00,23,1775,-1,1228
2026-09-16 03:36:31.931+00,23,1775,-1,1228
2026-09-16 03:37:32.337+00,23,1775,-1,1228
2026-09-16 03:38:32.769+00,23,1775,-1,1228
2026-09-16 03:39:33.121+00,23,1775,-1,1228
2026-09-16 03:40:33.483+00,23,1775,-1,1228
2026-09-16 03:41:33.875+00,23,1775,-1,1228
2026-09-16 03:42:34.271+00,23,1775,-1,1228
2026-09-16 03:43:34.703+00,23,1775,-1,1228
2026-09-16 03:44:35.077+00,23,1775,-1,1228
2026-09-16 03:45:35.460+00,23,1775,-1,1228
2026-09-16 03:46:35.831+00,23,1775,-1,1228
2026-09-16 03:47:36.183+00,23,1775,-1,1228
2026-09-16 03:48:36.538+00,23,1775,-1,1228
2026-09-16 03:49:36.874+00,23,1775,-1,1228
2026-09-16 03:50:37.238+00,23,1775,-1,1228
2026-09-16 03:51:37.572+00,23,1775,-1,1228
2026-09-16 03:52:37.935+00,23,1775,-1,1228
2026-09-16 03:53:38.319+00,23,1775,-1,1228
2026-09-16 03:54:38.728+00,23,1775,-1,1228
2026-09-16 03:55:39.086+00,23,1775,-1,1228
2026-09-16 03:56:39.435+00,23,1775,-1,1228
2026-09-16 03:57:39.764+00,23,1775,-1,1228
2026-09-16 03:58:40.120+00,23,1775,-1,1228
2026-09-16 03:59:40.466+00,23,1775,-1,1228
2026-09-16 04:00:40.820+00,23,1775,-1,1228
2026-09-16 04:01:41.136+00,23,1775,-1,1228
2026-09-16 04:02:41.482+00,23,1775,-1,1228
2026-09-16 04:03:41.881+00,23,1775,-1,1228
2026-09-16 04:04:42.272+00,23,1775,-1,1228
2026-09-16 04:05:42.632+00,23,1775,-1,1228
2026-09-16 04:06:43.001+00,23,1775,-1,1228
2026-09-16 04:07:43.343+00,23,1775,-1,1228
2026-09-16 04:08:43.730+00,23,1775,-1,1228
2026-09-16 04:09:44.106+00,23,1775,-1,1228
2026-09-16 04:10:44.452+00,23,1775,-1,1228
2026-09-16 04:11:44.799+00,23,1775,-1,1228
2026-09-16 04:12:45.159+00,23,1775,-1,1228
2026-09-16 04:13:45.497+00,23,1775,-1,1228
2026-09-16 04:14:45.819+00,23,1775,-1,1228
2026-09-16 04:15:46.239+00,23,1775,-1,1228
2026-09-16 04:16:46.577+00,23,1775,-1,1228
2026-09-16 04:17:46.934+00,23,1775,-1,1228
2026-09-16 04:18:47.329+00,23,1775,-1,1228
2026-09-16 04:19:47.866+00,23,1775,-1,1228
2026-09-16 04:20:48.239+00,23,1775,-1,1228
2026-09-16 04:21:48.585+00,23,1775,-1,1228
2026-09-16 04:22:48.927+00,23,1775,-1,1228
2026-09-16 04:23:49.271+00,23,1775,-1,1228
2026-09-16 04:24:49.581+00,23,1775,-1,1228
2026-09-16 04:25:49.945+00,23,1775,-1,1228
2026-09-16 04:26:50.293+00,23,1775,-1,1228
2026-09-16 04:27:50.655+00,23,1775,-1,1228
2026-09-16 04:28:51.051+00,23,1775,-1,1228
2026-09-16 04:29:51.432+00,23,1775,-1,1228
2026-09-16 04:30:51.794+00,23,1775,-1,1228
2026-09-16 04:31:52.153+00,23,1775,-1,1228
2026-09-16 04:32:52.495+00,23,1775,-1,1228
2026-09-16 04:33:52.898+00,23,1775,-1,1228
2026-09-16 04:34:53.265+00,23,1775,-1,1228
2026-09-16 04:35:53.625+00,23,1775,-1,1228
2026-09-16 04:36:53.946+00,23,1775,-1,1228
2026-09-16 04:37:54.271+00,23,1775,-1,1228
2026-09-16 04:38:54.668+00,23,1775,-1,1228
2026-09-16 04:39:55.080+00,23,1775,-1,1228
2026-09-16 04:40:55.519+00,23,1775,-1,1228
2026-09-16 04:41:56.039+00,23,1775,-1,1228
2026-09-16 04:42:56.907+00,23,1775,-1,1228
2026-09-16 04:43:57.446+00,23,1775,-1,1228
2026-09-16 04:44:57.901+00,23,1775,-1,1228
2026-09-16 04:45:58.317+00,23,1775,-1,1228
2026-09-16 04:46:58.718+00,23,1775,-1,1228
2026-09-16 04:47:59.069+00,23,1775,-1,1228
2026-09-16 04:48:59.427+00,23,1775,-1,1228
2026-09-16 04:49:59.816+00,23,1775,-1,1228
2026-09-16 04:51:00.180+00,23,1775,-1,1228
2026-09-16 04:52:00.526+00,23,1775,-1,1228
2026-09-16 04:53:00.907+00,23,1775,-1,1228
2026-09-16 04:54:01.260+00,23,1775,-1,1228
2026-09-16 04:55:01.623+00,23,1775,-1,1228
2026-09-16 04:56:01.993+00,23,1775,-1,1228
2026-09-16 04:57:02.355+00,23,1775,-1,1228
2026-09-16 04:58:02.722+00,23,1775,-1,1228
2026-09-16 04:59:03.076+00,23,1775,-1,1228
2026-09-16 05:00:03.466+00,23,1775,-1,1228
2026-09-16 05:01:03.851+00,23,1775,-1,1228
2026-09-16 05:02:04.258+00,23,1775,-1,1228
2026-09-16 05:03:04.599+00,23,1775,-1,1228
2026-09-16 05:04:05.102+00,23,1775,-1,1228
2026-09-16 05:05:05.488+00,23,1775,-1,1228
2026-09-16 05:06:05.835+00,23,1775,-1,1228
2026-09-16 05:07:06.192+00,23,1775,-1,1228
2026-09-16 05:08:06.537+00,23,1775,-1,1228
2026-09-16 05:09:06.932+00,23,1775,-1,1228
2026-09-16 05:10:07.334+00,23,1775,-1,1228
2026-09-16 05:11:07.696+00,23,1775,-1,1228
2026-09-16 05:12:08.062+00,23,1775,-1,1228
2026-09-16 05:13:08.399+00,23,1775,-1,1228
2026-09-16 05:14:08.764+00,23,1775,-1,1228
2026-09-16 05:15:09.224+00,23,1775,-1,1228
2026-09-16 05:16:09.581+00,23,1775,-1,1228
2026-09-16 05:17:09.955+00,23,1775,-1,1228
2026-09-16 05:18:10.375+00,23,1775,-1,1228
2026-09-16 05:19:10.808+00,23,1775,-1,1228
2026-09-16 05:20:11.177+00,23,1775,-1,1228
2026-09-16 05:21:11.503+00,23,1775,-1,1228
2026-09-16 05:22:11.850+00,23,1775,-1,1228
2026-09-16 05:23:12.205+00,23,1775,-1,1228
2026-09-16 05:24:12.573+00,23,1775,-1,1228
2026-09-16 05:25:12.937+00,23,1775,-1,1228
2026-09-16 05:26:13.323+00,23,1775,-1,1228
2026-09-16 05:27:13.719+00,23,1775,-1,1228
2026-09-16 05:28:14.194+00,23,1775,-1,1228
2026-09-16 05:29:14.545+00,23,1775,-1,1228
2026-09-16 05:30:14.930+00,23,1775,-1,1228
2026-09-16 05:31:15.259+00,23,1775,-1,1228
2026-09-16 05:32:15.674+00,23,1775,-1,1228
2026-09-16 05:33:16.116+00,23,1775,-1,1228
2026-09-16 05:34:16.561+00,23,1775,-1,1228
2026-09-16 05:35:16.900+00,23,1775,-1,1228
2026-09-16 05:36:17.264+00,23,1775,-1,1228
2026-09-16 05:37:17.619+00,25,1775,-1,1228
2026-09-16 05:38:18.012+00,26,1775,-1,1228
2026-09-16 05:39:18.441+00,26,1775,-1,1228
2026-09-16 05:40:18.894+00,26,1775,-1,1228
2026-09-16 05:41:19.350+00,26,1775,-1,1228
2026-09-16 05:42:19.744+00,26,1775,-1,1228
2026-09-16 05:43:20.109+00,26,1775,-1,1228
2026-09-16 05:44:20.467+00,26,1775,-1,1228
2026-09-16 05:45:20.814+00,26,1775,-1,1228
2026-09-16 05:46:21.161+00,26,1775,-1,1228
2026-09-16 05:47:21.481+00,26,1775,-1,1228
2026-09-16 05:48:21.924+00,26,1775,-1,1228
2026-09-16 05:49:22.334+00,26,1775,-1,1228
2026-09-16 05:50:22.715+00,26,1775,-1,1228
2026-09-16 05:51:23.086+00,26,1775,-1,1228
2026-09-16 05:52:23.405+00,26,1775,-1,1228
2026-09-16 05:53:23.709+00,26,1775,-1,1228
2026-09-16 05:54:24.061+00,26,1775,-1,1228
2026-09-16 05:55:24.395+00,26,1775,-1,1228
2026-09-16 05:56:24.763+00,26,1775,-1,1228
2026-09-16 05:57:25.111+00,26,1775,-1,1228
2026-09-16 05:58:25.502+00,26,1775,-1,1228
2026-09-16 05:59:25.860+00,26,1775,-1,1228
2026-09-16 06:00:26.205+00,0,1775,-1,1228
2026-09-16 06:01:26.506+00,0,1775,-1,1228
2026-09-16 06:02:26.929+00,0,1775,-1,1228
2026-09-16 06:03:27.310+00,0,1775,-1,1228
2026-09-16 06:04:27.713+00,0,1775,-1,1228
2026-09-16 06:05:28.080+00,0,1775,0,1228
2026-09-16 06:06:28.422+00,0,1775,1,1228
2026-09-16 06:07:28.794+00,0,1775,1,1228
2026-09-16 06:08:29.160+00,0,1775,1,1228
2026-09-16 06:09:29.658+00,0,1775,1,1228
2026-09-16 06:10:30.113+00,0,1775,1,1228
2026-09-16 06:11:30.508+00,0,1775,1,1228
2026-09-16 06:12:30.861+00,0,1775,1,1228
2026-09-16 06:13:31.473+00,0,1775,1,1228
2026-09-16 06:14:31.886+00,0,1775,1,1228
2026-09-16 06:15:32.253+00,0,1775,1,1228
2026-09-16 06:16:32.649+00,0,1775,1,1228
2026-09-16 06:17:33.001+00,0,1775,1,1228
2026-09-16 06:18:33.469+00,0,1775,1,1228
2026-09-16 06:19:33.842+00,0,1775,1,1228
2026-09-16 06:20:34.256+00,0,1775,1,1228
2026-09-16 06:21:34.619+00,0,1775,1,1228
2026-09-16 06:22:34.973+00,0,1775,1,1228
2026-09-16 06:23:35.410+00,0,1775,1,1228
2026-09-16 06:24:35.836+00,0,1775,1,1228
2026-09-16 06:25:36.601+00,0,1775,1,1228
2026-09-16 06:26:36.956+00,0,1775,1,1228
2026-09-16 06:27:37.293+00,0,1775,1,1228
2026-09-16 06:28:37.757+00,0,1775,1,1228
2026-09-16 06:29:38.235+00,0,1775,1,1228
2026-09-16 06:30:38.674+00,0,1775,1,1228
2026-09-16 06:31:39.062+00,0,1775,1,1228
2026-09-16 06:32:39.413+00,0,1775,1,1228
2026-09-16 06:33:39.826+00,0,1775,1,1228
2026-09-16 06:34:40.184+00,1,1775,1,1228
2026-09-16 06:35:40.500+00,1,1775,1,1228
2026-09-16 06:36:40.832+00,1,1775,1,1228
2026-09-16 06:37:41.276+00,1,1775,1,1228
2026-09-16 06:38:41.737+00,1,1775,1,1228
2026-09-16 06:39:42.131+00,1,1775,1,1228
2026-09-16 06:40:42.555+00,1,1775,1,1228
2026-09-16 06:41:42.955+00,2,1775,1,1228
2026-09-16 06:42:43.348+00,2,1775,1,1228
2026-09-16 06:43:43.700+00,2,1775,1,1228
2026-09-16 06:44:44.041+00,2,1775,1,1228
2026-09-16 06:45:44.498+00,2,1775,1,1228
2026-09-16 06:46:44.859+00,2,1775,1,1228
2026-09-16 06:47:45.217+00,2,1775,1,1228
2026-09-16 06:48:45.539+00,2,1775,1,1228
2026-09-16 06:49:45.878+00,2,1775,1,1228
2026-09-16 06:50:46.223+00,3,1775,1,1228
2026-09-16 06:51:46.585+00,4,1775,1,1228
2026-09-16 06:52:46.946+00,4,1775,1,1228
2026-09-16 06:53:47.435+00,4,1775,1,1228
2026-09-16 06:54:47.933+00,4,1775,1,1228
2026-09-16 06:55:48.321+00,4,1775,1,1228
2026-09-16 06:56:48.744+00,4,1775,1,1228
2026-09-16 06:57:49.095+00,4,1775,1,1228
2026-09-16 06:58:49.455+00,4,1775,1,1228
2026-09-16 06:59:49.805+00,4,1775,1,1228
2026-09-16 07:00:50.158+00,4,1775,1,1228
2026-09-16 07:01:50.614+00,5,1775,1,1228
2026-09-16 07:02:50.964+00,5,1775,1,1228
2026-09-16 07:03:51.350+00,5,1775,1,1228
2026-09-16 07:04:51.728+00,5,1775,1,1228
2026-09-16 07:05:52.112+00,5,1775,1,1228
2026-09-16 07:06:52.478+00,5,1775,1,1228
2026-09-16 07:07:52.833+00,5,1775,1,1228
2026-09-16 07:08:53.226+00,5,1775,1,1228
2026-09-16 07:09:53.742+00,5,1775,1,1228
2026-09-16 07:10:54.167+00,5,1775,1,1228
2026-09-16 07:11:54.631+00,5,1775,1,1228
2026-09-16 07:12:54.984+00,5,1775,1,1228
2026-09-16 07:13:55.382+00,5,1775,1,1228
2026-09-16 07:14:55.754+00,6,1775,1,1228
2026-09-16 07:15:56.188+00,6,1775,1,1228
2026-09-16 07:16:56.522+00,6,1775,1,1228
2026-09-16 07:17:56.856+00,6,1775,1,1228
2026-09-16 07:18:57.330+00,6,1775,1,1228
2026-09-16 07:19:57.748+00,6,1775,1,1228
2026-09-16 07:20:58.196+00,6,1775,1,1228
2026-09-16 07:21:58.531+00,7,1775,1,1228
2026-09-16 07:22:58.909+00,7,1775,1,1228
2026-09-16 07:23:59.511+00,7,1775,1,1228
2026-09-16 07:24:59.880+00,7,1775,1,1228
2026-09-16 07:26:00.336+00,7,1775,1,1228
2026-09-16 07:27:00.677+00,8,1775,1,1228
2026-09-16 07:28:01.012+00,9,1775,1,1228
2026-09-16 07:29:01.483+00,9,1775,1,1228
2026-09-16 07:30:02.514+00,10,1775,1,1228
2026-09-16 07:31:02.870+00,10,1775,1,1228
2026-09-16 07:32:03.223+00,10,1775,1,1228
2026-09-16 07:33:03.584+00,10,1775,1,1228
2026-09-16 07:34:03.975+00,11,1775,1,1228
2026-09-16 07:35:04.406+00,11,1775,1,1228
2026-09-16 07:36:04.864+00,11,1775,1,1228
2026-09-16 07:37:05.376+00,11,1775,1,1228
2026-09-16 07:38:05.835+00,12,1775,1,1228
2026-09-16 07:39:06.221+00,12,1775,1,1228
2026-09-16 07:40:06.628+00,12,1775,1,1228
2026-09-16 07:41:07.028+00,12,1775,1,1228
2026-09-16 07:42:07.430+00,13,1775,1,1228
2026-09-16 07:43:07.830+00,14,1775,1,1228
2026-09-16 07:44:08.229+00,15,1775,1,1228
2026-09-16 07:45:08.613+00,15,1775,1,1228
2026-09-16 07:46:08.981+00,16,1775,1,1228
2026-09-16 07:47:09.307+00,16,1775,1,1228
2026-09-16 07:48:09.664+00,16,1775,1,1228
2026-09-16 07:49:10.060+00,16,1775,1,1228
2026-09-16 07:50:10.492+00,17,1775,1,1228
2026-09-16 07:51:10.907+00,18,1775,1,1228
2026-09-16 07:52:11.253+00,18,1775,1,1228
2026-09-16 07:53:11.606+00,20,1775,1,1228
2026-09-16 07:54:11.998+00,20,1775,1,1228
2026-09-16 07:55:12.421+00,20,1775,1,1228
2026-09-16 07:56:12.768+00,20,1775,1,1228
2026-09-16 07:57:13.108+00,20,1775,1,1228
2026-09-16 07:58:13.569+00,21,1775,1,1228
2026-09-16 07:59:13.998+00,22,1775,1,1228
2026-09-16 08:00:14.444+00,23,1775,1,1228
2026-09-16 08:01:15.035+00,23,1775,1,1228
2026-09-16 08:02:15.615+00,24,1775,1,1228
2026-09-16 08:03:16.024+00,23,1775,1,1228
2026-09-16 08:04:16.369+00,23,1775,1,1228
2026-09-16 08:05:16.744+00,23,1775,1,1228
2026-09-16 08:06:17.097+00,23,1775,1,1228
2026-09-16 08:07:17.445+00,23,1775,1,1228
2026-09-16 08:08:17.812+00,23,1775,1,1228
2026-09-16 08:09:18.307+00,23,1775,1,1228
2026-09-16 08:10:18.720+00,23,1775,1,1228
2026-09-16 08:11:19.149+00,24,1775,1,1228
2026-09-16 08:12:19.563+00,25,1775,1,1228
2026-09-16 08:13:19.915+00,28,1775,1,1228
2026-09-16 08:14:20.377+00,28,1775,1,1228
2026-09-16 08:15:20.799+00,28,1775,0,1228
2026-09-16 08:16:21.192+00,28,1775,1,1228
2026-09-16 08:17:21.690+00,28,1775,1,1228
2026-09-16 08:18:22.157+00,28,1775,1,1228
2026-09-16 08:19:22.598+00,28,1775,1,1228
2026-09-16 08:20:23.067+00,29,1775,1,1228
2026-09-16 08:21:23.394+00,29,1775,1,1228
2026-09-16 08:22:23.751+00,29,1775,1,1228
2026-09-16 08:23:24.165+00,29,1775,1,1228
2026-09-16 08:24:24.553+00,29,1775,1,1228
2026-09-16 08:25:24.945+00,29,1775,1,1228
2026-09-16 08:26:25.391+00,29,1775,1,1228
2026-09-16 08:27:25.736+00,29,1775,1,1228
2026-09-16 08:28:26.082+00,29,1775,1,1228
2026-09-16 08:29:26.483+00,29,1775,1,1228
2026-09-16 08:30:26.927+00,29,1775,1,1228
2026-09-16 08:31:27.356+00,30,1775,1,1228
2026-09-16 08:32:28.775+00,30,1775,1,1228
2026-09-16 08:33:29.166+00,31,1775,1,1228
2026-09-16 08:34:29.562+00,31,1775,1,1228
2026-09-16 08:35:29.952+00,31,1775,1,1228
2026-09-16 08:36:30.365+00,31,1775,1,1228
2026-09-16 08:37:30.730+00,32,1775,1,1228
2026-09-16 08:38:31.200+00,32,1775,1,1228
2026-09-16 08:39:31.596+00,32,1775,1,1228
2026-09-16 08:40:31.960+00,34,1775,1,1228
2026-09-16 08:41:32.278+00,34,1775,1,1228
2026-09-16 08:42:32.655+00,36,1775,1,1228
2026-09-16 08:43:33.242+00,36,1775,1,1228
2026-09-16 08:44:35.065+00,36,1775,1,1228
2026-09-16 08:45:36.758+00,37,1775,1,1228
2026-09-16 08:46:37.107+00,38,1775,1,1228
2026-09-16 08:47:37.571+00,38,1775,1,1228
2026-09-16 08:48:37.999+00,39,1775,1,1228
2026-09-16 08:49:38.429+00,39,1775,1,1228
2026-09-16 08:50:39.250+00,40,1775,1,1228
2026-09-16 08:51:39.651+00,41,1775,1,1228
2026-09-16 08:52:40.037+00,44,1775,1,1228
2026-09-16 08:53:40.432+00,44,1775,1,1228
2026-09-16 08:54:40.788+00,44,1775,1,1228
2026-09-16 08:55:41.130+00,44,1775,1,1228
2026-09-16 08:56:41.479+00,44,1775,1,1228
2026-09-16 08:57:41.802+00,44,1775,0,1228
2026-09-16 08:58:42.169+00,51,1775,4,1228
2026-09-16 08:59:42.518+00,58,1775,12,1228
2026-09-16 09:00:42.859+00,60,1775,14,1228
2026-09-16 09:01:43.314+00,60,1775,14,1228
2026-09-16 09:02:43.811+00,61,1775,13,1228
2026-09-16 09:03:44.340+00,63,1775,15,1228
2026-09-16 09:04:44.715+00,65,1775,14,1228
2026-09-16 09:05:45.070+00,67,1775,15,1228
2026-09-16 09:06:45.441+00,70,1775,15,1228
2026-09-16 09:07:45.787+00,70,1775,18,1228
2026-09-16 09:08:46.200+00,71,1775,18,1228
2026-09-16 09:09:46.589+00,71,1775,19,1228
2026-09-16 09:10:47.015+00,74,1775,19,1228
2026-09-16 09:11:47.382+00,75,1775,19,1228
2026-09-16 09:12:47.723+00,75,1775,20,1228
2026-09-16 09:13:48.141+00,79,1775,22,1228
2026-09-16 09:14:48.532+00,79,1775,22,1228
2026-09-16 09:15:48.907+00,80,1775,22,1228
2026-09-16 09:16:49.269+00,78,1775,22,1228
2026-09-16 09:17:49.790+00,78,1775,21,1228
2026-09-16 09:18:50.294+00,78,1775,21,1228
2026-09-16 09:19:50.715+00,76,1775,23,1228
2026-09-16 09:20:51.088+00,77,1775,23,1228
2026-09-16 09:21:51.479+00,77,1775,22,1228
2026-09-16 09:22:51.881+00,77,1775,25,1228
2026-09-16 09:23:52.316+00,76,1775,26,1228
2026-09-16 09:24:52.851+00,77,1775,23,1228
2026-09-16 09:25:53.307+00,79,1775,24,1228
2026-09-16 09:26:53.662+00,79,1775,25,1228
2026-09-16 09:27:54.038+00,78,1775,26,1228
2026-09-16 09:28:54.429+00,78,1775,27,1228
2026-09-16 09:29:54.863+00,79,1775,27,1228
2026-09-16 09:30:55.366+00,80,1775,27,1228
2026-09-16 09:31:55.830+00,81,1775,27,1228
2026-09-16 09:32:56.871+00,82,1775,27,1228
2026-09-16 09:33:57.414+00,78,1775,27,1228
2026-09-16 09:34:57.865+00,78,1775,28,1228
2026-09-16 09:35:58.307+00,80,1775,30,1228
2026-09-16 09:36:58.821+00,87,1775,30,1228
2026-09-16 09:37:59.277+00,88,1775,30,1228
2026-09-16 09:38:59.664+00,88,1775,30,1228
2026-09-16 09:40:00.093+00,89,1775,31,1228
2026-09-16 09:41:00.626+00,89,1775,31,1228
2026-09-16 09:42:01.027+00,91,1775,32,1228
2026-09-16 09:43:01.395+00,90,1775,32,1228
2026-09-16 09:44:03.094+00,91,1775,33,1228
2026-09-16 09:45:03.715+00,91,1775,33,1228
2026-09-16 09:46:04.298+00,90,1775,34,1228
2026-09-16 09:47:04.769+00,90,1775,34,1228
2026-09-16 09:48:05.494+00,91,1775,34,1228
2026-09-16 09:49:05.945+00,91,1775,37,1228
2026-09-16 09:50:06.333+00,91,1775,37,1228
2026-09-16 09:51:06.683+00,93,1775,39,1228
2026-09-16 09:52:07.002+00,93,1775,41,1228
2026-09-16 09:53:07.344+00,93,1775,46,1228
2026-09-16 09:54:07.694+00,94,1775,47,1228
2026-09-16 09:55:08.048+00,96,1775,50,1228
2026-09-16 09:56:08.410+00,96,1775,52,1228
2026-09-16 09:57:08.854+00,98,1775,53,1228
2026-09-16 09:58:09.505+00,98,1775,53,1228
2026-09-16 09:59:09.974+00,98,1775,56,1228
2026-09-16 10:00:10.429+00,98,1775,59,1228
2026-09-16 10:01:10.893+00,97,1775,61,1228
2026-09-16 10:02:11.292+00,98,1775,62,1228
2026-09-16 10:03:11.715+00,99,1775,61,1228
2026-09-16 10:04:12.124+00,98,1775,61,1228
2026-09-16 10:05:12.561+00,98,1775,60,1228
2026-09-16 10:06:13.088+00,98,1775,61,1228
2026-09-16 10:07:13.458+00,99,1775,64,1228
2026-09-16 10:08:13.989+00,101,1775,64,1228
2026-09-16 10:09:14.373+00,98,1775,64,1228
2026-09-16 10:10:14.766+00,99,1775,64,1228
2026-09-16 10:11:15.117+00,101,1775,64,1228
2026-09-16 10:12:15.691+00,101,1775,65,1228
2026-09-16 10:13:16.068+00,101,1775,66,1228
2026-09-16 10:14:16.697+00,95,1775,66,1228
2026-09-16 10:15:17.177+00,95,1775,66,1228
2026-09-16 10:16:17.533+00,94,1775,66,1228
2026-09-16 10:17:18.416+00,95,1775,68,1228
2026-09-16 10:18:18.941+00,98,1775,68,1228
2026-09-16 10:19:19.653+00,99,1775,67,1228
2026-09-16 10:20:20.108+00,98,1775,67,1228
2026-09-16 10:21:20.512+00,99,1775,66,1228
2026-09-16 10:22:20.939+00,100,1775,66,1228
2026-09-16 10:23:21.393+00,100,1775,66,1228
2026-09-16 10:24:21.945+00,100,1775,67,1228
2026-09-16 10:25:22.447+00,101,1775,67,1228
2026-09-16 10:26:22.905+00,101,1775,67,1228
2026-09-16 10:27:23.350+00,102,1775,65,1228
2026-09-16 10:28:23.744+00,102,1775,65,1228
2026-09-16 10:29:24.159+00,103,1775,65,1228
2026-09-16 10:30:24.563+00,103,1775,68,1228
2026-09-16 10:31:24.886+00,106,1775,72,1228
2026-09-16 10:32:25.319+00,106,1775,72,1228
2026-09-16 10:33:25.740+00,108,1775,72,1228
2026-09-16 10:34:26.168+00,106,1775,72,1228
2026-09-16 10:35:26.556+00,106,1775,71,1228
2026-09-16 10:36:26.907+00,107,1775,71,1228
2026-09-16 10:37:27.249+00,104,1775,66,1228
2026-09-16 10:38:28.128+00,103,1775,65,1228
2026-09-16 10:39:28.614+00,104,1775,69,1228
2026-09-16 10:40:29.030+00,104,1775,67,1228
2026-09-16 10:41:29.437+00,104,1775,68,1228
2026-09-16 10:42:29.817+00,104,1775,70,1228
2026-09-16 10:43:30.321+00,105,1775,67,1228
2026-09-16 10:44:30.902+00,108,1775,66,1228
2026-09-16 10:45:31.610+00,110,1775,65,1228
2026-09-16 10:46:32.123+00,112,1775,63,1228
2026-09-16 10:47:32.626+00,111,1775,63,1228
2026-09-16 10:48:33.096+00,111,1775,62,1228
2026-09-16 10:49:33.500+00,110,1775,60,1228
2026-09-16 10:50:33.913+00,111,1775,58,1228
2026-09-16 10:51:34.450+00,111,1775,54,1228
2026-09-16 10:52:35.182+00,113,1775,54,1228
2026-09-16 10:53:35.632+00,113,1775,52,1228
2026-09-16 10:54:36.017+00,115,1775,46,1228
2026-09-16 10:55:36.395+00,115,1775,45,1228
2026-09-16 10:56:36.750+00,115,1775,44,1228
2026-09-16 10:57:37.108+00,115,1775,43,1228
2026-09-16 10:58:37.513+00,115,1775,43,1228
2026-09-16 10:59:38.372+00,114,1775,45,1228
2026-09-16 11:00:38.812+00,114,1775,45,1228
2026-09-16 11:01:39.338+00,114,1775,46,1228
2026-09-16 11:02:39.700+00,114,1775,46,1228
2026-09-16 11:03:40.115+00,114,1775,49,1228
2026-09-16 11:04:40.546+00,114,1775,51,1228
2026-09-16 11:05:40.910+00,115,1775,51,1228
2026-09-16 11:06:41.730+00,113,1775,51,1228
2026-09-16 11:07:42.428+00,119,1775,51,1228
2026-09-16 11:08:42.957+00,120,1775,50,1228
2026-09-16 11:09:43.370+00,120,1775,50,1228
2026-09-16 11:10:43.885+00,123,1775,50,1228
2026-09-16 11:11:44.271+00,125,1775,49,1228
2026-09-16 11:12:44.665+00,125,1775,49,1228
2026-09-16 11:13:45.150+00,126,1775,49,1228
2026-09-16 11:14:45.609+00,129,1775,49,1228
2026-09-16 11:15:46.023+00,128,1775,48,1228
2026-09-16 11:16:46.410+00,129,1775,48,1228
2026-09-16 11:17:46.803+00,130,1775,48,1228
2026-09-16 11:18:47.343+00,132,1775,49,1228
2026-09-16 11:19:47.848+00,132,1775,49,1228
2026-09-16 11:20:48.292+00,132,1775,50,1228
2026-09-16 11:21:48.672+00,132,1775,50,1228
2026-09-16 11:22:49.011+00,136,1775,52,1228
2026-09-16 11:23:49.427+00,136,1775,51,1228
2026-09-16 11:24:49.810+00,136,1775,50,1228
2026-09-16 11:25:50.605+00,137,1775,50,1228
2026-09-16 11:26:51.195+00,138,1775,52,1228
2026-09-16 11:27:51.692+00,136,1775,52,1228
2026-09-16 11:28:52.117+00,137,1775,53,1228
2026-09-16 11:29:52.628+00,139,1775,53,1228
2026-09-16 11:30:52.990+00,140,1775,54,1228
2026-09-16 11:31:53.580+00,139,1775,54,1228
2026-09-16 11:32:54.070+00,138,1775,53,1228
2026-09-16 11:33:54.580+00,139,1775,53,1228
2026-09-16 11:34:55.068+00,139,1775,53,1228
2026-09-16 11:35:55.464+00,139,1775,53,1228
2026-09-16 11:36:55.939+00,140,1775,53,1228
2026-09-16 11:37:56.425+00,142,1775,52,1228
2026-09-16 11:38:56.936+00,143,1775,53,1228
2026-09-16 11:39:57.386+00,144,1775,54,1228
2026-09-16 11:40:57.731+00,144,1775,56,1228
2026-09-16 11:41:58.086+00,146,1775,57,1228
2026-09-16 11:42:58.460+00,145,1775,57,1228
2026-09-16 11:43:58.954+00,145,1775,58,1228
2026-09-16 11:44:59.363+00,146,1775,60,1228
2026-09-16 11:46:00.214+00,144,1775,61,1228
2026-09-16 11:47:00.604+00,143,1775,61,1228
2026-09-16 11:48:01.130+00,143,1775,62,1228
2026-09-16 11:49:01.523+00,143,1775,62,1228
2026-09-16 11:50:01.945+00,143,1775,63,1228
2026-09-16 11:51:02.317+00,143,1775,67,1228
2026-09-16 11:52:02.670+00,150,1775,67,1228
2026-09-16 11:53:03.019+00,152,1775,67,1228
2026-09-16 11:54:03.610+00,152,1775,67,1228
2026-09-16 11:55:04.476+00,153,1775,67,1228
2026-09-16 11:56:04.836+00,152,1775,68,1228
2026-09-16 11:57:05.276+00,145,1775,68,1228
2026-09-16 11:58:05.626+00,143,1775,68,1228
2026-09-16 11:59:06.353+00,143,1775,67,1228
2026-09-16 12:00:06.732+00,140,1775,54,1228
2026-09-16 12:01:07.118+00,140,1775,54,1228
2026-09-16 12:02:07.633+00,141,1775,56,1228
2026-09-16 12:03:08.107+00,138,1775,55,1228
2026-09-16 12:04:08.540+00,135,1775,53,1228
2026-09-16 12:05:08.943+00,136,1775,55,1228
2026-09-16 12:06:09.370+00,136,1775,55,1228
2026-09-16 12:07:09.726+00,136,1775,53,1228
2026-09-16 12:08:10.079+00,133,1775,52,1228
2026-09-16 12:09:10.755+00,133,1775,52,1228
2026-09-16 12:10:11.220+00,133,1775,52,1228
2026-09-16 12:11:11.605+00,133,1775,52,1228
2026-09-16 12:12:12.012+00,133,1775,52,1228
2026-09-16 12:13:12.608+00,132,1775,53,1228
2026-09-16 12:14:12.973+00,131,1775,55,1228
2026-09-16 12:15:13.378+00,131,1775,55,1228
2026-09-16 12:16:13.813+00,134,1775,56,1228
2026-09-16 12:17:14.163+00,134,1775,58,1228
2026-09-16 12:18:14.686+00,134,1775,58,1228
2026-09-16 12:19:15.137+00,134,1775,57,1228
2026-09-16 12:20:15.567+00,134,1775,57,1228
2026-09-16 12:21:16.007+00,134,1775,57,1228
2026-09-16 12:22:16.462+00,134,1775,60,1228
2026-09-16 12:23:16.925+00,134,1775,61,1228
2026-09-16 12:24:17.335+00,134,1775,59,1228
2026-09-16 12:25:17.717+00,134,1775,59,1228
2026-09-16 12:26:18.083+00,134,1775,60,1228
2026-09-16 12:27:18.440+00,134,1775,61,1228
2026-09-16 12:28:18.786+00,134,1775,65,1228
2026-09-16 12:29:19.114+00,134,1775,65,1228
2026-09-16 12:30:19.514+00,134,1775,66,1228
2026-09-16 12:31:20.238+00,134,1775,69,1228
2026-09-16 12:32:20.739+00,134,1775,73,1228
2026-09-16 12:33:21.152+00,134,1775,79,1228
2026-09-16 12:34:21.569+00,134,1775,84,1228
2026-09-16 12:35:22.007+00,134,1775,84,1228
2026-09-16 12:36:22.381+00,134,1775,85,1228
2026-09-16 12:37:22.748+00,134,1775,86,1228
2026-09-16 12:38:23.118+00,134,1775,90,1228
2026-09-16 12:39:23.486+00,134,1775,95,1228
2026-09-16 12:40:23.879+00,134,1775,97,1228
2026-09-16 12:41:24.237+00,134,1775,101,1228
2026-09-16 12:42:24.576+00,134,1775,101,1228
2026-09-16 12:43:24.929+00,134,1775,101,1228
2026-09-16 12:44:25.317+00,134,1775,101,1228
2026-09-16 12:45:25.707+00,134,1775,105,1228
2026-09-16 12:46:26.200+00,134,1775,105,1228
2026-09-16 12:47:26.742+00,134,1775,106,1228
2026-09-16 12:48:27.108+00,134,1775,103,1228
2026-09-16 12:49:27.567+00,134,1775,105,1228
2026-09-16 12:50:28.100+00,134,1775,114,1228
2026-09-16 12:51:28.634+00,134,1775,114,1228
2026-09-16 12:52:29.092+00,134,1775,119,1228
2026-09-16 12:53:29.562+00,134,1775,118,1228
2026-09-16 12:54:29.990+00,134,1775,123,1228
2026-09-16 12:55:30.486+00,134,1775,120,1228
2026-09-16 12:56:30.899+00,134,1775,120,1228
2026-09-16 12:57:31.251+00,134,1775,121,1228
2026-09-16 12:58:31.671+00,134,1775,122,1228
2026-09-16 12:59:32.068+00,134,1775,122,1228
2026-09-16 13:00:32.476+00,134,1775,122,1228
2026-09-16 13:01:32.932+00,134,1775,127,1228
2026-09-16 13:02:33.301+00,134,1775,126,1228
2026-09-16 13:03:33.693+00,134,1775,127,1228
2026-09-16 13:04:34.205+00,134,1775,126,1228
2026-09-16 13:05:34.618+00,134,1775,127,1228
2026-09-16 13:06:35.081+00,134,1775,128,1228
2026-09-16 13:07:35.472+00,136,1775,125,1228
2026-09-16 13:08:35.847+00,150,1775,125,1228
2026-09-16 13:09:36.484+00,151,1775,132,1228
2026-09-16 13:10:36.832+00,150,1775,134,1228
2026-09-16 13:11:37.199+00,151,1775,136,1228
2026-09-16 13:12:37.560+00,150,1775,139,1228
2026-09-16 13:13:38.073+00,153,1775,140,1228
2026-09-16 13:14:38.466+00,153,1775,138,1228
2026-09-16 13:15:38.853+00,156,1775,138,1228
2026-09-16 13:16:39.337+00,156,1775,137,1228
2026-09-16 13:17:39.700+00,158,1775,137,1228
2026-09-16 13:18:40.114+00,157,1775,137,1228
2026-09-16 13:19:40.588+00,160,1775,136,1228
2026-09-16 13:20:41.103+00,161,1775,137,1228
2026-09-16 13:21:41.581+00,161,1775,135,1228
2026-09-16 13:22:41.988+00,161,1775,136,1228
2026-09-16 13:23:42.386+00,161,1775,136,1228
2026-09-16 13:24:42.765+00,161,1775,136,1228
2026-09-16 13:25:43.135+00,161,1775,139,1228
2026-09-16 13:26:43.483+00,161,1775,140,1228
2026-09-16 13:27:43.831+00,161,1775,140,1228
2026-09-16 13:28:44.238+00,161,1775,140,1228
2026-09-16 13:29:44.631+00,161,1775,140,1228
2026-09-16 13:30:44.985+00,161,1775,140,1228
2026-09-16 13:31:45.367+00,161,1775,139,1228
2026-09-16 13:32:45.735+00,161,1775,138,1228
2026-09-16 13:33:46.085+00,161,1775,139,1228
2026-09-16 13:34:46.454+00,161,1775,139,1228
2026-09-16 13:35:46.813+00,161,1775,141,1228
2026-09-16 13:36:47.240+00,161,1775,140,1228
2026-09-16 13:37:47.652+00,161,1775,140,1228
2026-09-16 13:38:48.092+00,161,1775,139,1228
2026-09-16 13:39:48.460+00,161,1775,137,1228
2026-09-16 13:40:48.835+00,161,1775,138,1228
2026-09-16 13:41:49.224+00,158,1775,137,1228
2026-09-16 13:42:49.574+00,158,1775,139,1228
2026-09-16 13:43:49.986+00,158,1775,139,1228
2026-09-16 13:44:50.412+00,160,1775,140,1228
2026-09-16 13:45:50.806+00,158,1775,141,1228
2026-09-16 13:46:51.165+00,159,1775,141,1228
2026-09-16 13:47:51.527+00,159,1775,142,1228
2026-09-16 13:48:51.855+00,159,1775,142,1228
2026-09-16 13:49:52.277+00,146,1775,143,1228
2026-09-16 13:50:52.653+00,146,1775,143,1228
2026-09-16 13:51:52.982+00,146,1775,144,1228
2026-09-16 13:52:53.305+00,150,1775,144,1228
2026-09-16 13:53:53.684+00,151,1775,143,1228
2026-09-16 13:54:54.079+00,153,1775,142,1228
2026-09-16 13:55:54.476+00,150,1775,143,1228
2026-09-16 13:56:54.829+00,151,1775,141,1228
2026-09-16 13:57:55.192+00,150,1775,140,1228
2026-09-16 13:58:55.544+00,145,1775,139,1228
2026-09-16 13:59:55.925+00,144,1775,141,1228
2026-09-16 14:00:56.290+00,148,1775,141,1228
2026-09-16 14:01:56.683+00,149,1775,141,1228
2026-09-16 14:02:57.037+00,155,1775,139,1228
2026-09-16 14:03:57.447+00,150,1775,139,1228
2026-09-16 14:04:57.828+00,150,1775,137,1228
2026-09-16 14:05:58.286+00,150,1775,137,1228
2026-09-16 14:06:58.616+00,150,1775,139,1228
2026-09-16 14:07:58.988+00,154,1775,140,1228
2026-09-16 14:08:59.350+00,152,1775,137,1228
2026-09-16 14:09:59.730+00,154,1775,134,1228
2026-09-16 14:11:00.094+00,156,1775,133,1228
2026-09-16 14:12:00.445+00,155,1775,135,1228
2026-09-16 14:13:00.797+00,160,1775,134,1228
2026-09-16 14:14:01.206+00,161,1775,134,1228
2026-09-16 14:15:01.579+00,171,1775,133,1228
2026-09-16 14:16:01.912+00,174,1775,133,1228
2026-09-16 14:17:02.310+00,173,1775,130,1228
2026-09-16 14:18:02.752+00,172,1775,131,1228
2026-09-16 14:19:03.193+00,172,1775,136,1228
2026-09-16 14:20:03.602+00,163,1775,146,1228
2026-09-16 14:21:04.071+00,161,1775,149,1228
2026-09-16 14:22:04.482+00,173,1775,158,1228
2026-09-16 14:23:04.861+00,173,1775,156,1228
2026-09-16 14:24:05.274+00,173,1775,156,1228
2026-09-16 14:25:05.653+00,174,1775,158,1228
2026-09-16 14:26:06.012+00,174,1775,160,1228
2026-09-16 14:27:06.383+00,174,1775,163,1228
2026-09-16 14:28:06.754+00,174,1775,163,1228
2026-09-16 14:29:07.135+00,175,1775,158,1228
2026-09-16 14:30:07.503+00,175,1775,157,1228
2026-09-16 14:31:07.862+00,175,1775,158,1228
2026-09-16 14:32:08.231+00,175,1775,158,1228
2026-09-16 14:33:08.592+00,174,1775,159,1228
2026-09-16 14:34:08.984+00,175,1775,155,1228
2026-09-16 14:35:09.436+00,167,1775,157,1228
2026-09-16 14:36:09.828+00,163,1775,157,1228
2026-09-16 14:37:10.182+00,163,1775,159,1228
2026-09-16 14:38:10.559+00,165,1775,159,1228
2026-09-16 14:39:10.939+00,165,1775,159,1228
2026-09-16 14:40:11.331+00,162,1775,161,1228
2026-09-16 14:41:11.700+00,163,1775,162,1228
2026-09-16 14:42:12.310+00,163,1775,163,1228
2026-09-16 14:43:12.678+00,164,1775,163,1228
2026-09-16 14:44:13.071+00,162,1775,162,1228
2026-09-16 14:45:13.465+00,161,1775,164,1228
2026-09-16 14:46:13.820+00,162,1775,162,1228
2026-09-16 14:47:14.172+00,162,1775,162,1228
2026-09-16 14:48:14.530+00,159,1775,160,1228
2026-09-16 14:49:14.885+00,157,1775,160,1228
2026-09-16 14:50:15.246+00,162,1775,162,1228
2026-09-16 14:51:15.552+00,162,1775,159,1228
2026-09-16 14:52:15.901+00,162,1775,162,1228
2026-09-16 14:53:16.462+00,165,1775,163,1228
2026-09-16 14:54:16.862+00,165,1775,163,1228
2026-09-16 14:55:17.222+00,165,1775,163,1228
2026-09-16 14:56:17.589+00,163,1775,163,1228
2026-09-16 14:57:17.939+00,162,1775,163,1228
2026-09-16 14:58:18.300+00,162,1775,163,1228
2026-09-16 14:59:18.663+00,164,1775,162,1228
2026-09-16 15:00:19.045+00,160,1775,159,1228
2026-09-16 15:01:19.419+00,158,1775,154,1228
2026-09-16 15:02:19.778+00,155,1775,153,1228
2026-09-16 15:03:20.131+00,152,1775,152,1228
2026-09-16 15:04:20.539+00,148,1775,152,1228
2026-09-16 15:05:20.925+00,148,1775,152,1228
2026-09-16 15:06:21.259+00,149,1775,150,1228
2026-09-16 15:07:21.603+00,150,1775,150,1228
2026-09-16 15:08:21.970+00,149,1775,149,1228
2026-09-16 15:09:22.389+00,147,1775,151,1228
2026-09-16 15:10:22.739+00,147,1775,152,1228
2026-09-16 15:11:23.091+00,147,1775,151,1228
2026-09-16 15:12:23.458+00,147,1775,150,1228
2026-09-16 15:13:23.817+00,148,1775,150,1228
2026-09-16 15:14:24.195+00,147,1775,152,1228
2026-09-16 15:15:24.609+00,148,1775,149,1228
2026-09-16 15:16:24.999+00,148,1775,148,1228
2026-09-16 15:17:25.444+00,146,1775,149,1228
2026-09-16 15:18:25.811+00,146,1775,147,1228
2026-09-16 15:19:26.201+00,147,1775,147,1228
2026-09-16 15:20:26.571+00,145,1775,147,1228
2026-09-16 15:21:26.931+00,145,1775,147,1228
2026-09-16 15:22:27.308+00,145,1775,147,1228
2026-09-16 15:23:27.746+00,144,1775,148,1228
2026-09-16 15:24:28.327+00,144,1775,149,1228
2026-09-16 15:25:28.808+00,144,1775,148,1228
2026-09-16 15:26:29.243+00,145,1775,147,1228
2026-09-16 15:27:29.854+00,144,1775,141,1228
2026-09-16 15:28:30.214+00,141,1775,139,1228
2026-09-16 15:29:30.591+00,141,1775,134,1228
2026-09-16 15:30:30.994+00,140,1775,128,1228
2026-09-16 15:31:31.384+00,139,1775,125,1228
2026-09-16 15:32:31.728+00,139,1775,124,1228
2026-09-16 15:33:32.059+00,137,1775,125,1228
2026-09-16 15:34:32.463+00,137,1775,123,1228
2026-09-16 15:35:32.899+00,138,1775,123,1228
2026-09-16 15:36:33.282+00,138,1775,126,1228
2026-09-16 15:37:33.662+00,139,1775,126,1228
2026-09-16 15:38:34.025+00,139,1775,125,1228
2026-09-16 15:39:34.407+00,140,1775,125,1228
2026-09-16 15:40:34.785+00,143,1775,125,1228
2026-09-16 15:41:35.161+00,143,1775,124,1228
2026-09-16 15:42:35.506+00,142,1775,123,1228
2026-09-16 15:43:35.868+00,140,1775,125,1228
2026-09-16 15:44:36.221+00,140,1775,128,1228
2026-09-16 15:45:36.573+00,139,1775,130,1228
2026-09-16 15:46:36.922+00,141,1775,130,1228
2026-09-16 15:47:37.285+00,141,1775,124,1228
2026-09-16 15:48:37.659+00,140,1775,125,1228
2026-09-16 15:49:38.031+00,138,1775,126,1228
2026-09-16 15:50:38.434+00,137,1775,127,1228
2026-09-16 15:51:38.781+00,139,1775,125,1228
2026-09-16 15:52:39.129+00,136,1775,125,1228
2026-09-16 15:53:39.498+00,133,1775,124,1228
2026-09-16 15:54:39.967+00,133,1775,123,1228
2026-09-16 15:55:40.378+00,133,1775,122,1228
2026-09-16 15:56:40.763+00,133,1775,122,1228
2026-09-16 15:57:41.159+00,132,1775,124,1228
2026-09-16 15:58:41.533+00,133,1775,117,1228
2026-09-16 15:59:41.939+00,134,1775,117,1228
2026-09-16 16:00:42.393+00,131,1775,117,1228
2026-09-16 16:01:42.830+00,125,1775,116,1228
2026-09-16 16:02:43.153+00,126,1775,115,1228
2026-09-16 16:03:43.544+00,126,1775,110,1228
2026-09-16 16:04:43.954+00,128,1775,105,1228
2026-09-16 16:05:44.325+00,127,1775,106,1228
2026-09-16 16:06:44.682+00,126,1775,106,1228
2026-09-16 16:07:45.053+00,124,1775,105,1228
2026-09-16 16:08:45.400+00,124,1775,105,1228
2026-09-16 16:09:45.749+00,122,1775,105,1228
2026-09-16 16:10:46.165+00,122,1775,105,1228
2026-09-16 16:11:46.568+00,121,1775,105,1228
2026-09-16 16:12:46.947+00,121,1775,106,1228
2026-09-16 16:13:47.322+00,120,1775,104,1228
2026-09-16 16:14:47.698+00,117,1775,104,1228
2026-09-16 16:15:48.051+00,117,1775,103,1228
2026-09-16 16:16:48.431+00,118,1775,102,1228
2026-09-16 16:17:48.783+00,117,1775,103,1228
2026-09-16 16:18:49.295+00,117,1775,103,1228
2026-09-16 16:19:49.682+00,115,1775,104,1228
2026-09-16 16:20:50.068+00,115,1775,104,1228
2026-09-16 16:21:50.467+00,115,1775,104,1228
2026-09-16 16:22:50.861+00,115,1775,102,1228
2026-09-16 16:23:51.278+00,114,1775,103,1228
2026-09-16 16:24:51.765+00,114,1775,102,1228
2026-09-16 16:25:52.192+00,111,1775,102,1228
2026-09-16 16:26:52.506+00,112,1775,103,1228
2026-09-16 16:27:52.889+00,112,1775,103,1228
2026-09-16 16:28:53.257+00,112,1775,105,1228
2026-09-16 16:29:53.661+00,111,1775,104,1228
2026-09-16 16:30:54.024+00,112,1775,105,1228
2026-09-16 16:31:54.408+00,108,1775,104,1228
2026-09-16 16:32:54.833+00,105,1775,103,1228
2026-09-16 16:33:55.212+00,108,1775,103,1228
2026-09-16 16:34:55.590+00,111,1775,103,1228
2026-09-16 16:35:55.979+00,110,1775,102,1228
2026-09-16 16:36:56.364+00,110,1775,100,1228
2026-09-16 16:37:56.742+00,110,1775,100,1228
2026-09-16 16:38:57.156+00,109,1775,94,1228
2026-09-16 16:39:57.537+00,109,1775,94,1228
2026-09-16 16:40:57.902+00,108,1775,94,1228
2026-09-16 16:41:58.288+00,111,1775,93,1228
2026-09-16 16:42:58.641+00,110,1775,91,1228
2026-09-16 16:43:58.988+00,110,1775,91,1228
2026-09-16 16:44:59.398+00,107,1775,92,1228
2026-09-16 16:45:59.802+00,107,1775,90,1228
2026-09-16 16:47:00.161+00,109,1775,90,1228
2026-09-16 16:48:00.516+00,109,1775,89,1228
2026-09-16 16:49:00.874+00,109,1775,89,1228
2026-09-16 16:50:01.259+00,107,1775,91,1228
2026-09-16 16:51:01.648+00,105,1775,90,1228
2026-09-16 16:52:01.995+00,103,1775,90,1228
2026-09-16 16:53:02.350+00,103,1775,90,1228
2026-09-16 16:54:02.696+00,101,1775,89,1228
2026-09-16 16:55:03.067+00,99,1775,89,1228
2026-09-16 16:56:03.419+00,98,1775,90,1228
2026-09-16 16:57:03.775+00,96,1775,90,1228
2026-09-16 16:58:04.123+00,92,1775,89,1228
2026-09-16 16:59:04.483+00,90,1775,87,1228
2026-09-16 17:00:04.844+00,90,1775,87,1228
2026-09-16 17:01:05.211+00,88,1775,89,1228
2026-09-16 17:02:05.532+00,85,1775,90,1228
2026-09-16 17:03:05.880+00,86,1775,89,1228
2026-09-16 17:04:06.266+00,85,1775,87,1228
2026-09-16 17:05:06.690+00,84,1775,85,1228
2026-09-16 17:06:07.189+00,85,1775,86,1228
2026-09-16 17:07:07.613+00,84,1775,84,1228
2026-09-16 17:08:07.974+00,83,1775,84,1228
2026-09-16 17:09:08.371+00,81,1775,85,1228
2026-09-16 17:10:08.761+00,81,1775,84,1228
2026-09-16 17:11:09.109+00,77,1775,87,1228
2026-09-16 17:12:09.453+00,78,1775,89,1228
2026-09-16 17:13:09.798+00,78,1775,89,1228
2026-09-16 17:14:10.163+00,76,1775,89,1228
2026-09-16 17:15:10.489+00,76,1775,88,1228
2026-09-16 17:16:10.825+00,73,1775,88,1228
2026-09-16 17:17:11.186+00,72,1775,88,1228
2026-09-16 17:18:11.568+00,72,1775,87,1228
2026-09-16 17:19:11.981+00,71,1775,88,1228
2026-09-16 17:20:12.370+00,68,1775,89,1228
2026-09-16 17:21:12.763+00,68,1775,88,1228
2026-09-16 17:22:13.078+00,68,1775,87,1228
2026-09-16 17:23:13.443+00,68,1775,86,1228
2026-09-16 17:24:13.824+00,68,1775,85,1228
2026-09-16 17:25:14.206+00,66,1775,83,1228
2026-09-16 17:26:14.541+00,64,1775,84,1228
2026-09-16 17:27:14.882+00,63,1775,84,1228
2026-09-16 17:28:15.239+00,64,1775,82,1228
2026-09-16 17:29:15.624+00,61,1775,82,1228
2026-09-16 17:30:16.007+00,61,1775,82,1228
2026-09-16 17:31:16.364+00,61,1775,82,1228
2026-09-16 17:32:16.724+00,60,1775,82,1228
2026-09-16 17:33:17.133+00,61,1775,77,1228
2026-09-16 17:34:17.545+00,59,1775,71,1228
2026-09-16 17:35:18.005+00,55,1775,71,1228
2026-09-16 17:36:18.522+00,55,1775,72,1228
2026-09-16 17:37:18.933+00,54,1775,71,1228
2026-09-16 17:38:19.336+00,54,1775,71,1228
2026-09-16 17:39:19.753+00,53,1775,70,1228
2026-09-16 17:40:20.131+00,52,1775,69,1228
2026-09-16 17:41:20.490+00,55,1775,69,1228
2026-09-16 17:42:20.836+00,53,1775,70,1228
2026-09-16 17:43:21.201+00,53,1775,71,1228
2026-09-16 17:44:21.575+00,51,1775,71,1228
2026-09-16 17:45:21.965+00,49,1775,72,1228
2026-09-16 17:46:22.346+00,47,1775,73,1228
2026-09-16 17:47:22.705+00,44,1775,73,1228
2026-09-16 17:48:23.065+00,41,1775,72,1228
2026-09-16 17:49:23.388+00,38,1775,72,1228
2026-09-16 17:50:23.724+00,36,1775,73,1228
2026-09-16 17:51:24.105+00,36,1775,71,1228
2026-09-16 17:52:24.508+00,31,1775,71,1228
2026-09-16 17:53:24.850+00,26,1775,71,1228
2026-09-16 17:54:25.228+00,23,1775,71,1228
2026-09-16 17:55:25.567+00,20,1775,70,1228
2026-09-16 17:56:25.936+00,16,1775,70,1228
2026-09-16 17:57:26.289+00,13,1775,70,1228
2026-09-16 17:58:26.736+00,13,1775,70,1228
2026-09-16 17:59:27.128+00,12,1775,70,1228
2026-09-16 18:00:27.558+00,12,1775,71,1228
2026-09-16 18:01:27.926+00,11,1775,72,1228
2026-09-16 18:02:28.310+00,11,1775,69,1228
2026-09-16 18:03:28.663+00,12,1775,72,1228
2026-09-16 18:04:29.050+00,12,1775,75,1228
2026-09-16 18:05:29.438+00,12,1775,75,1228
2026-09-16 18:06:29.791+00,12,1775,75,1228
2026-09-16 18:07:30.126+00,12,1775,74,1228
2026-09-16 18:08:30.520+00,12,1775,72,1228
2026-09-16 18:09:30.986+00,12,1775,72,1228
2026-09-16 18:10:31.419+00,12,1775,72,1228
2026-09-16 18:11:31.816+00,12,1775,72,1228
2026-09-16 18:12:32.161+00,12,1775,75,1228
2026-09-16 18:13:32.487+00,12,1775,72,1228
2026-09-16 18:14:32.876+00,12,1775,71,1228
2026-09-16 18:15:33.248+00,12,1775,71,1228
2026-09-16 18:16:33.600+00,12,1775,71,1228
2026-09-16 18:17:34.268+00,12,1775,73,1228
2026-09-16 18:18:34.680+00,12,1775,75,1228
2026-09-16 18:19:35.134+00,12,1775,75,1228
2026-09-16 18:20:35.528+00,12,1775,74,1228
2026-09-16 18:21:35.877+00,12,1775,74,1228
2026-09-16 18:22:36.219+00,12,1775,74,1228
2026-09-16 18:23:36.578+00,12,1775,72,1228
2026-09-16 18:24:36.897+00,12,1775,72,1228
2026-09-16 18:25:37.284+00,12,1775,71,1228
2026-09-16 18:26:37.637+00,12,1775,71,1228
2026-09-16 18:27:37.990+00,12,1775,71,1228
2026-09-16 18:28:38.431+00,12,1775,71,1228
2026-09-16 18:29:38.795+00,12,1775,72,1228
2026-09-16 18:30:39.163+00,12,1775,72,1228
2026-09-16 18:31:39.514+00,12,1775,71,1228
2026-09-16 18:32:39.887+00,12,1775,70,1228
2026-09-16 18:33:40.289+00,12,1775,70,1228
2026-09-16 18:34:40.681+00,12,1775,69,1228
2026-09-16 18:35:41.054+00,12,1775,68,1228
2026-09-16 18:36:41.404+00,12,1775,68,1228
2026-09-16 18:37:41.736+00,12,1775,68,1228
2026-09-16 18:38:42.155+00,12,1775,69,1228
2026-09-16 18:39:42.637+00,12,1775,68,1228
2026-09-16 18:40:43.075+00,12,1775,66,1228
2026-09-16 18:41:43.448+00,12,1775,66,1228
2026-09-16 18:42:43.810+00,12,1775,66,1228
2026-09-16 18:43:44.171+00,12,1775,66,1228
2026-09-16 18:44:44.511+00,12,1775,64,1228
2026-09-16 18:45:44.897+00,12,1775,64,1228
2026-09-16 18:46:45.283+00,12,1775,64,1228
2026-09-16 18:47:45.631+00,12,1775,64,1228
2026-09-16 18:48:45.984+00,12,1775,64,1228
2026-09-16 18:49:46.352+00,12,1775,61,1228
2026-09-16 18:50:46.662+00,12,1775,61,1228
2026-09-16 18:51:47.026+00,12,1775,61,1228
2026-09-16 18:52:47.382+00,12,1775,59,1228
2026-09-16 18:53:47.780+00,12,1775,58,1228
2026-09-16 18:54:48.198+00,12,1775,58,1228
2026-09-16 18:55:48.696+00,12,1775,58,1228
2026-09-16 18:56:49.093+00,12,1775,59,1228
2026-09-16 18:57:49.444+00,12,1775,60,1228
2026-09-16 18:58:49.797+00,12,1775,59,1228
2026-09-16 18:59:50.211+00,12,1775,59,1228
2026-09-16 19:00:50.577+00,12,1775,59,1228
2026-09-16 19:01:50.924+00,12,1775,57,1228
2026-09-16 19:02:51.267+00,12,1775,57,1228
2026-09-16 19:03:51.779+00,12,1775,57,1228
2026-09-16 19:04:52.180+00,12,1775,57,1228
2026-09-16 19:05:52.549+00,12,1775,57,1228
2026-09-16 19:06:52.916+00,12,1775,56,1228
2026-09-16 19:07:53.273+00,12,1775,57,1228
2026-09-16 19:08:53.637+00,12,1775,57,1228
2026-09-16 19:09:54.093+00,12,1775,57,1228
2026-09-16 19:10:54.507+00,12,1775,57,1228
2026-09-16 19:11:54.913+00,12,1775,57,1228
2026-09-16 19:12:55.282+00,12,1775,56,1228
2026-09-16 19:13:55.658+00,12,1775,53,1228
2026-09-16 19:14:56.041+00,12,1775,53,1228
2026-09-16 19:15:56.564+00,12,1775,53,1228
2026-09-16 19:16:56.928+00,12,1775,52,1228
2026-09-16 19:17:57.323+00,12,1775,52,1228
2026-09-16 19:18:57.730+00,12,1775,52,1228
2026-09-16 19:19:58.110+00,12,1775,51,1228
2026-09-16 19:20:58.484+00,12,1775,50,1228
2026-09-16 19:21:58.836+00,12,1775,50,1228
2026-09-16 19:22:59.222+00,12,1775,50,1228
2026-09-16 19:23:59.704+00,12,1775,50,1228
2026-09-16 19:25:00.152+00,12,1775,52,1228
2026-09-16 19:26:00.625+00,12,1775,49,1228
2026-09-16 19:27:01.020+00,12,1775,49,1228
2026-09-16 19:28:01.448+00,12,1775,48,1228
2026-09-16 19:29:01.841+00,12,1775,47,1228
2026-09-16 19:30:02.197+00,12,1775,44,1228
2026-09-16 19:31:02.771+00,12,1775,44,1228
2026-09-16 19:32:03.248+00,12,1775,44,1228
2026-09-16 19:33:03.645+00,12,1775,44,1228
2026-09-16 19:34:04.033+00,12,1775,44,1228
2026-09-16 19:35:04.445+00,12,1775,46,1228
2026-09-16 19:36:04.788+00,12,1775,46,1228
2026-09-16 19:37:05.196+00,12,1775,45,1228
2026-09-16 19:38:05.580+00,12,1775,45,1228
2026-09-16 19:39:05.921+00,12,1775,44,1228
2026-09-16 19:40:06.332+00,12,1775,44,1228
2026-09-16 19:41:06.685+00,12,1775,44,1228
2026-09-16 19:42:07.037+00,12,1775,44,1228
2026-09-16 19:43:07.399+00,12,1775,44,1228
2026-09-16 19:44:07.810+00,12,1775,43,1228
2026-09-16 19:45:08.230+00,12,1775,44,1228
2026-09-16 19:46:08.583+00,12,1775,43,1228
2026-09-16 19:47:08.930+00,12,1775,41,1228
2026-09-16 19:48:09.286+00,12,1775,41,1228
2026-09-16 19:49:09.634+00,12,1775,41,1228
2026-09-16 19:50:09.959+00,12,1775,40,1228
2026-09-16 19:51:10.317+00,12,1775,40,1228
2026-09-16 19:52:10.703+00,12,1775,39,1228
2026-09-16 19:53:11.044+00,12,1775,39,1228
2026-09-16 19:54:11.381+00,12,1775,39,1228
2026-09-16 19:55:11.712+00,12,1775,39,1228
2026-09-16 19:56:12.061+00,12,1775,39,1228
2026-09-16 19:57:12.418+00,12,1775,37,1228
2026-09-16 19:58:12.784+00,12,1775,36,1228
2026-09-16 19:59:13.167+00,12,1775,36,1228
2026-09-16 20:00:13.535+00,12,1775,36,1228
2026-09-16 20:01:13.954+00,12,1775,36,1228
2026-09-16 20:02:14.342+00,12,1775,35,1228
2026-09-16 20:03:14.689+00,12,1775,36,1228
2026-09-16 20:04:15.078+00,12,1775,35,1228
2026-09-16 20:05:15.468+00,12,1775,35,1228
2026-09-16 20:06:15.804+00,12,1775,35,1228
2026-09-16 20:07:16.196+00,12,1775,34,1228
2026-09-16 20:08:16.641+00,12,1775,34,1228
2026-09-16 20:09:17.011+00,12,1775,34,1228
2026-09-16 20:10:17.405+00,12,1775,34,1228
2026-09-16 20:11:17.757+00,12,1775,36,1228
2026-09-16 20:12:18.117+00,12,1775,36,1228
2026-09-16 20:13:18.503+00,12,1775,36,1228
2026-09-16 20:14:18.879+00,12,1775,36,1228
2026-09-16 20:15:19.221+00,12,1775,35,1228
2026-09-16 20:16:19.572+00,12,1775,35,1228
2026-09-16 20:17:20.029+00,12,1775,35,1228
2026-09-16 20:18:20.431+00,12,1775,34,1228
2026-09-16 20:19:20.863+00,12,1775,34,1228
2026-09-16 20:20:21.268+00,12,1775,34,1228
2026-09-16 20:21:21.682+00,12,1775,34,1228
2026-09-16 20:22:22.226+00,12,1775,34,1228
2026-09-16 20:23:22.757+00,12,1775,33,1228
2026-09-16 20:24:23.319+00,12,1775,33,1228
2026-09-16 20:25:23.816+00,12,1775,34,1228
2026-09-16 20:26:24.286+00,12,1775,33,1228
2026-09-16 20:27:24.641+00,12,1775,32,1228
2026-09-16 20:28:24.993+00,12,1775,31,1228
2026-09-16 20:29:25.410+00,12,1775,31,1228
2026-09-16 20:30:25.839+00,12,1775,28,1228
2026-09-16 20:31:26.252+00,12,1775,27,1228
2026-09-16 20:32:26.764+00,12,1775,26,1228
2026-09-16 20:33:27.357+00,12,1775,26,1228
2026-09-16 20:34:27.784+00,12,1775,26,1228
2026-09-16 20:35:28.244+00,12,1775,26,1228
2026-09-16 20:36:28.636+00,12,1775,26,1228
2026-09-16 20:37:29.084+00,12,1775,25,1228
2026-09-16 20:38:29.506+00,12,1775,25,1228
2026-09-16 20:39:29.942+00,12,1775,25,1228
2026-09-16 20:40:30.378+00,12,1775,24,1228
2026-09-16 20:41:30.803+00,12,1775,23,1228
2026-09-16 20:42:31.187+00,12,1775,23,1228
2026-09-16 20:43:31.610+00,12,1775,22,1228
2026-09-16 20:44:32.076+00,12,1775,20,1228
2026-09-16 20:45:32.607+00,12,1775,19,1228
2026-09-16 20:46:33.029+00,12,1775,19,1228
2026-09-16 20:47:33.406+00,12,1775,18,1228
2026-09-16 20:48:33.762+00,12,1775,18,1228
2026-09-16 20:49:34.130+00,12,1775,17,1228
2026-09-16 20:50:34.520+00,12,1775,16,1228
2026-09-16 20:51:34.871+00,12,1775,13,1228
2026-09-16 20:52:35.291+00,12,1775,14,1228
2026-09-16 20:53:35.748+00,12,1775,12,1228
2026-09-16 20:54:36.210+00,12,1775,11,1228
2026-09-16 20:55:36.642+00,12,1775,11,1228
2026-09-16 20:56:37.008+00,12,1775,10,1228
2026-09-16 20:57:37.464+00,12,1775,10,1228
2026-09-16 20:58:38.144+00,12,1775,10,1228
2026-09-16 20:59:38.551+00,12,1775,10,1228
2026-09-16 21:00:38.939+00,12,1775,9,1228
2026-09-16 21:01:39.320+00,12,1775,8,1228
2026-09-16 21:02:39.670+00,12,1775,8,1228
2026-09-16 21:03:40.140+00,12,1775,8,1228
2026-09-16 21:04:40.558+00,12,1775,8,1228
2026-09-16 21:05:40.961+00,12,1775,8,1228
2026-09-16 21:06:41.387+00,12,1775,9,1228
2026-09-16 21:07:41.803+00,12,1775,9,1228
2026-09-16 21:08:42.179+00,12,1775,9,1228
2026-09-16 21:09:42.563+00,12,1775,9,1228
2026-09-16 21:10:42.920+00,12,1775,9,1228
2026-09-16 21:11:43.291+00,12,1775,9,1228
2026-09-16 21:12:43.653+00,12,1775,9,1228
2026-09-16 21:13:44.031+00,12,1775,9,1228
2026-09-16 21:14:44.517+00,12,1775,9,1228
2026-09-16 21:15:44.903+00,12,1775,9,1228
2026-09-16 21:16:45.246+00,12,1775,9,1228
2026-09-16 21:17:45.591+00,12,1775,9,1228
2026-09-16 21:18:46.061+00,12,1775,9,1228
2026-09-16 21:19:46.451+00,12,1775,9,1228
2026-09-16 21:20:46.791+00,12,1775,9,1228
2026-09-16 21:21:47.141+00,12,1775,9,1228
2026-09-16 21:22:47.513+00,12,1775,9,1228
2026-09-16 21:23:48.022+00,12,1775,9,1228
2026-09-16 21:24:48.474+00,12,1775,9,1228
2026-09-16 21:25:48.914+00,12,1775,9,1228
2026-09-16 21:26:49.270+00,12,1775,9,1228
2026-09-16 21:27:49.623+00,12,1775,9,1228
2026-09-16 21:28:50.015+00,12,1775,9,1228
2026-09-16 21:29:50.445+00,12,1775,9,1228
2026-09-16 21:30:50.850+00,12,1775,9,1228
2026-09-16 21:31:51.248+00,12,1775,9,1228
2026-09-16 21:32:51.600+00,12,1775,9,1228
2026-09-16 21:33:52.003+00,12,1775,9,1228
2026-09-16 21:34:52.420+00,12,1775,9,1228
2026-09-16 21:35:52.875+00,12,1775,9,1228
2026-09-16 21:36:53.247+00,12,1775,9,1228
2026-09-16 21:37:53.628+00,12,1775,9,1228
2026-09-16 21:38:54.134+00,12,1775,9,1228
2026-09-16 21:39:54.614+00,12,1775,9,1228
2026-09-16 21:40:55.043+00,12,1775,9,1228
2026-09-16 21:41:55.441+00,12,1775,9,1228
2026-09-16 21:42:55.829+00,12,1775,9,1228
2026-09-16 21:43:56.235+00,12,1775,9,1228
2026-09-16 21:44:56.599+00,12,1775,9,1228
2026-09-16 21:45:57.022+00,12,1775,9,1228
2026-09-16 21:46:57.408+00,12,1775,9,1228
2026-09-16 21:47:57.729+00,12,1775,9,1228
2026-09-16 21:48:58.097+00,12,1775,9,1228
2026-09-16 21:49:58.464+00,12,1775,9,1228
2026-09-16 21:50:58.822+00,12,1775,9,1228
2026-09-16 21:51:59.247+00,12,1775,9,1228
2026-09-16 21:52:59.636+00,12,1775,9,1228
2026-09-16 21:53:59.993+00,12,1775,9,1228
2026-09-16 21:55:00.503+00,12,1775,9,1228
2026-09-16 21:56:00.892+00,12,1775,9,1228
2026-09-16 21:57:01.259+00,12,1775,9,1228
2026-09-16 21:58:01.683+00,12,1775,9,1228
2026-09-16 21:59:02.091+00,12,1775,9,1228
2026-09-16 22:00:02.491+00,12,1775,9,1228
2026-09-16 22:01:02.911+00,12,1775,9,1228
2026-09-16 22:02:03.279+00,12,1775,9,1228
2026-09-16 22:03:03.656+00,12,1775,9,1228
2026-09-16 22:04:04.061+00,12,1775,9,1228
2026-09-16 22:05:04.540+00,12,1775,9,1228
2026-09-16 22:06:04.974+00,12,1775,9,1228
2026-09-16 22:07:05.391+00,12,1775,9,1228
2026-09-16 22:08:05.750+00,12,1775,9,1228
2026-09-16 22:09:06.136+00,12,1775,9,1228
2026-09-16 22:10:06.551+00,12,1775,9,1228
2026-09-16 22:11:06.923+00,12,1775,9,1228
2026-09-16 22:12:07.261+00,12,1775,9,1228
2026-09-16 22:13:07.617+00,12,1775,9,1228
2026-09-16 22:14:07.968+00,12,1775,9,1228
2026-09-16 22:15:08.367+00,12,1775,9,1228
2026-09-16 22:16:08.765+00,12,1775,9,1228
2026-09-16 22:17:09.126+00,12,1775,9,1228
2026-09-16 22:18:09.558+00,12,1775,9,1228
2026-09-16 22:19:09.989+00,12,1775,9,1228
2026-09-16 22:20:10.393+00,12,1775,9,1228
2026-09-16 22:21:10.780+00,12,1775,9,1228
2026-09-16 22:22:11.127+00,12,1775,9,1228
2026-09-16 22:23:11.451+00,12,1775,9,1228
2026-09-16 22:24:11.816+00,12,1775,9,1228
2026-09-16 22:25:12.233+00,12,1775,9,1228
2026-09-16 22:26:12.706+00,12,1775,9,1228
2026-09-16 22:27:13.404+00,12,1775,9,1228
2026-09-16 22:28:14.045+00,12,1775,9,1228
2026-09-16 22:29:14.600+00,12,1775,9,1228
2026-09-16 22:30:14.997+00,12,1775,9,1228
2026-09-16 22:31:15.375+00,12,1775,9,1228
2026-09-16 22:32:15.845+00,12,1775,9,1228
2026-09-16 22:33:16.325+00,12,1775,9,1228
2026-09-16 22:34:16.775+00,12,1775,9,1228
2026-09-16 22:35:17.209+00,12,1775,9,1228
2026-09-16 22:36:17.594+00,12,1775,9,1228
2026-09-16 22:37:18.006+00,12,1775,9,1228
2026-09-16 22:38:18.464+00,12,1775,9,1228
2026-09-16 22:39:18.878+00,12,1775,9,1228
2026-09-16 22:40:19.259+00,12,1775,9,1228
2026-09-16 22:41:19.646+00,12,1775,9,1228
2026-09-16 22:42:20.014+00,12,1775,9,1228
2026-09-16 22:43:20.411+00,12,1775,9,1228
2026-09-16 22:44:20.745+00,12,1775,9,1228
2026-09-16 22:45:21.133+00,12,1775,9,1228
2026-09-16 22:46:21.491+00,12,1775,9,1228
2026-09-16 22:47:21.825+00,12,1775,9,1228
2026-09-16 22:48:22.200+00,12,1775,9,1228
2026-09-16 22:49:22.720+00,12,1775,9,1228
2026-09-16 22:50:23.135+00,12,1775,9,1228
2026-09-16 22:51:23.482+00,12,1775,9,1228
2026-09-16 22:52:23.868+00,12,1775,9,1228
2026-09-16 22:53:24.330+00,12,1775,9,1228
2026-09-16 22:54:24.770+00,12,1775,9,1228
2026-09-16 22:55:25.207+00,12,1775,9,1228
2026-09-16 22:56:26.597+00,12,1775,9,1228
2026-09-16 22:57:26.953+00,12,1775,9,1228
2026-09-16 22:58:27.344+00,12,1775,9,1228
2026-09-16 22:59:27.756+00,12,1775,9,1228
2026-09-16 23:00:28.122+00,12,1775,9,1228
2026-09-16 23:01:28.489+00,12,1775,9,1228
2026-09-16 23:02:28.880+00,12,1775,9,1228
2026-09-16 23:03:29.274+00,12,1775,9,1228
2026-09-16 23:04:29.678+00,12,1775,9,1228
2026-09-16 23:05:30.614+00,12,1775,9,1228
2026-09-16 23:06:30.998+00,12,1775,9,1228
2026-09-16 23:07:31.366+00,12,1775,9,1228
2026-09-16 23:08:31.732+00,12,1775,9,1228
2026-09-16 23:09:32.785+00,12,1775,9,1228
2026-09-16 23:10:34.956+00,12,1775,9,1228
2026-09-16 23:11:37.418+00,12,1775,9,1228
2026-09-16 23:12:38.334+00,12,1775,9,1228
2026-09-16 23:13:39.458+00,12,1775,9,1228
2026-09-16 23:14:40.908+00,12,1775,9,1228
2026-09-16 23:15:45.103+00,12,1775,9,1228
2026-09-16 23:16:45.695+00,12,1775,9,1228
2026-09-16 23:17:46.978+00,12,1775,9,1228
2026-09-16 23:18:50.246+00,12,1775,9,1228
2026-09-16 23:19:50.965+00,12,1775,9,1228
2026-09-16 23:20:52.850+00,12,1775,9,1228
2026-09-16 23:21:53.286+00,12,1775,9,1228
2026-09-16 23:22:53.770+00,12,1775,9,1228
2026-09-16 23:23:54.217+00,12,1775,9,1228
2026-09-16 23:24:54.712+00,12,1775,9,1228
2026-09-16 23:25:55.178+00,12,1775,9,1228
2026-09-16 23:26:55.567+00,12,1775,9,1228
2026-09-16 23:27:55.940+00,12,1775,9,1228
2026-09-16 23:28:56.394+00,12,1775,9,1228
2026-09-16 23:29:56.878+00,12,1775,9,1228
2026-09-16 23:30:57.376+00,12,1775,9,1228
2026-09-16 23:31:57.944+00,12,1775,9,1228
2026-09-16 23:32:58.487+00,12,1775,9,1228
2026-09-16 23:33:58.990+00,12,1775,9,1228
2026-09-16 23:34:59.455+00,12,1775,9,1228
2026-09-16 23:35:59.873+00,12,1775,9,1228
2026-09-16 23:37:00.350+00,12,1775,9,1228
2026-09-16 23:38:00.803+00,12,1775,9,1228
2026-09-16 23:39:01.211+00,12,1775,9,1228
2026-09-16 23:40:01.657+00,12,1775,9,1228
2026-09-16 23:41:04.459+00,12,1775,9,1228
2026-09-16 23:42:05.076+00,12,1775,9,1228
2026-09-16 23:43:05.527+00,12,1775,9,1228
2026-09-16 23:44:05.948+00,12,1775,9,1228
2026-09-16 23:45:06.341+00,12,1775,9,1228
2026-09-16 23:46:06.722+00,12,1775,9,1228
2026-09-16 23:47:07.127+00,12,1775,9,1228
2026-09-16 23:48:07.513+00,12,1775,9,1228
2026-09-16 23:49:07.903+00,12,1775,9,1228
2026-09-16 23:50:08.286+00,12,1775,9,1228
2026-09-16 23:51:08.663+00,12,1775,9,1228
2026-09-16 23:52:09.034+00,12,1775,9,1228
2026-09-16 23:53:09.368+00,12,1775,9,1228
2026-09-16 23:54:09.773+00,12,1775,9,1228
2026-09-16 23:55:10.254+00,12,1775,9,1228
2026-09-16 23:56:10.656+00,12,1775,9,1228
2026-09-16 23:57:11.070+00,12,1775,9,1228
2026-09-16 23:58:11.482+00,12,1775,9,1228
2026-09-16 23:59:11.841+00,12,1775,9,1228
2026-09-17 00:00:12.249+00,12,1775,9,1228
2026-09-17 00:01:12.638+00,12,1775,9,1228
2026-09-17 00:02:13.021+00,12,1775,9,1228
2026-09-17 00:03:13.407+00,12,1775,9,1228
2026-09-17 00:04:13.750+00,12,1775,9,1228
2026-09-17 00:05:14.106+00,12,1775,9,1228
2026-09-17 00:06:14.517+00,12,1775,9,1228
2026-09-17 00:07:14.928+00,12,1775,9,1228
2026-09-17 00:08:15.262+00,12,1775,9,1228
2026-09-17 00:09:15.651+00,12,1775,9,1228
2026-09-17 00:10:16.036+00,12,1775,9,1228
2026-09-17 00:11:16.371+00,12,1775,9,1228
2026-09-17 00:12:16.700+00,12,1775,9,1228
2026-09-17 00:13:17.056+00,12,1775,9,1228
2026-09-17 00:14:17.429+00,12,1775,9,1228
2026-09-17 00:15:17.806+00,12,1775,9,1228
2026-09-17 00:16:18.163+00,12,1775,9,1228
2026-09-17 00:17:18.501+00,12,1775,9,1228
2026-09-17 00:18:18.865+00,12,1775,9,1228
2026-09-17 00:19:19.286+00,12,1775,9,1228
2026-09-17 00:20:19.723+00,12,1775,9,1228
2026-09-17 00:21:20.140+00,12,1775,9,1228
2026-09-17 00:22:20.483+00,12,1775,9,1228
2026-09-17 00:23:20.815+00,12,1775,9,1228
2026-09-17 00:24:21.197+00,12,1775,9,1228
2026-09-17 00:25:21.595+00,12,1775,9,1228
2026-09-17 00:26:21.986+00,12,1775,9,1228
2026-09-17 00:27:22.330+00,12,1775,9,1228
2026-09-17 00:28:22.728+00,12,1775,9,1228
2026-09-17 00:29:23.132+00,12,1775,9,1228
2026-09-17 00:30:23.531+00,12,1775,9,1228
2026-09-17 00:31:23.869+00,12,1775,9,1228
2026-09-17 00:32:24.243+00,12,1775,9,1228
2026-09-17 00:33:24.556+00,12,1775,9,1228
2026-09-17 00:34:24.906+00,12,1775,9,1228
2026-09-17 00:35:25.275+00,12,1775,9,1228
2026-09-17 00:36:25.634+00,12,1775,9,1228
2026-09-17 00:37:26.030+00,12,1775,9,1228
2026-09-17 00:38:26.386+00,12,1775,9,1228
2026-09-17 00:39:26.829+00,12,1775,9,1228
2026-09-17 00:40:27.245+00,12,1775,9,1228
2026-09-17 00:41:27.629+00,12,1775,9,1228
2026-09-17 00:42:28.018+00,12,1775,9,1228
2026-09-17 00:43:28.351+00,12,1775,9,1228
2026-09-17 00:44:28.705+00,12,1775,9,1228
2026-09-17 00:45:29.039+00,12,1775,9,1228
2026-09-17 00:46:29.384+00,12,1775,9,1228
2026-09-17 00:47:29.736+00,12,1775,9,1228
2026-09-17 00:48:30.076+00,12,1775,9,1228
2026-09-17 00:49:30.420+00,12,1775,9,1228
2026-09-17 00:50:30.778+00,12,1775,9,1228
2026-09-17 00:51:31.147+00,12,1775,9,1228
2026-09-17 00:52:31.559+00,12,1775,9,1228
2026-09-17 00:53:31.961+00,12,1775,9,1228
2026-09-17 00:54:32.425+00,12,1775,9,1228
2026-09-17 00:55:32.832+00,12,1775,9,1228
2026-09-17 00:56:33.205+00,12,1775,9,1228
2026-09-17 00:57:33.541+00,12,1775,9,1228
2026-09-17 00:58:33.887+00,12,1775,9,1228
2026-09-17 00:59:34.249+00,12,1775,9,1228
2026-09-17 01:00:34.788+00,12,1775,9,1228
2026-09-17 01:01:35.135+00,12,1775,9,1228
2026-09-17 01:02:35.500+00,12,1775,9,1228
2026-09-17 01:03:35.936+00,12,1775,9,1228
2026-09-17 01:04:36.359+00,12,1775,9,1228
2026-09-17 01:05:36.751+00,12,1775,9,1228
2026-09-17 01:06:37.102+00,12,1775,9,1228
2026-09-17 01:07:37.452+00,12,1775,9,1228
2026-09-17 01:08:37.799+00,12,1775,9,1228
2026-09-17 01:09:38.205+00,12,1775,9,1228
2026-09-17 01:10:38.635+00,12,1775,9,1228
2026-09-17 01:11:39.029+00,12,1775,9,1228
2026-09-17 01:12:39.368+00,12,1775,9,1228
2026-09-17 01:13:39.743+00,12,1775,9,1228
2026-09-17 01:14:40.096+00,12,1775,9,1228
2026-09-17 01:15:40.453+00,12,1775,9,1228
2026-09-17 01:16:40.806+00,12,1775,9,1228
2026-09-17 01:17:41.158+00,12,1775,9,1228
2026-09-17 01:18:41.492+00,12,1775,9,1228
2026-09-17 01:19:41.884+00,12,1775,9,1228
2026-09-17 01:20:42.263+00,12,1775,9,1228
2026-09-17 01:21:42.647+00,12,1775,9,1228
2026-09-17 01:22:42.993+00,12,1775,9,1228
2026-09-17 01:23:43.393+00,12,1775,9,1228
2026-09-17 01:24:43.856+00,12,1775,9,1228
2026-09-17 01:25:44.247+00,12,1775,9,1228
2026-09-17 01:26:44.667+00,12,1775,9,1228
2026-09-17 01:27:45.025+00,12,1775,9,1228
2026-09-17 01:28:45.367+00,12,1775,9,1228
2026-09-17 01:29:45.721+00,12,1775,9,1228
2026-09-17 01:30:46.084+00,12,1775,9,1228
2026-09-17 01:31:46.492+00,12,1775,9,1228
2026-09-17 01:32:46.875+00,12,1775,9,1228
2026-09-17 01:33:47.221+00,12,1775,9,1228
2026-09-17 01:34:47.577+00,12,1775,9,1228
2026-09-17 01:35:47.936+00,12,1775,9,1228
2026-09-17 01:36:48.337+00,12,1775,9,1228
2026-09-17 01:37:48.673+00,12,1775,9,1228
2026-09-17 01:38:49.126+00,12,1775,9,1228
2026-09-17 01:39:49.637+00,12,1775,9,1228
2026-09-17 01:40:50.152+00,12,1775,9,1228
2026-09-17 01:41:50.613+00,12,1775,9,1228
2026-09-17 01:42:51.077+00,12,1775,9,1228
2026-09-17 01:43:51.551+00,12,1775,9,1228
2026-09-17 01:44:51.971+00,12,1775,9,1228
2026-09-17 01:45:52.368+00,12,1775,9,1228
2026-09-17 01:46:52.731+00,12,1775,9,1228
2026-09-17 01:47:53.074+00,12,1775,9,1228
2026-09-17 01:48:53.505+00,12,1775,9,1228
2026-09-17 01:49:53.868+00,12,1775,9,1228
2026-09-17 01:50:54.229+00,12,1775,9,1228
2026-09-17 01:51:54.597+00,12,1775,9,1228
2026-09-17 01:52:54.947+00,12,1775,9,1228
2026-09-17 01:53:55.335+00,12,1775,9,1228
2026-09-17 01:54:55.711+00,12,1775,9,1228
2026-09-17 01:55:56.123+00,12,1775,9,1228
2026-09-17 01:56:56.490+00,12,1775,9,1228
2026-09-17 01:57:56.851+00,12,1775,9,1228
2026-09-17 01:58:57.194+00,12,1775,9,1228
2026-09-17 01:59:57.546+00,12,1775,9,1228
2026-09-17 02:00:57.894+00,12,1775,9,1228
2026-09-17 02:01:58.274+00,12,1775,9,1228
2026-09-17 02:02:58.652+00,12,1775,9,1228
2026-09-17 02:03:59.111+00,12,1775,9,1228
2026-09-17 02:04:59.489+00,12,1775,9,1228
2026-09-17 02:05:59.851+00,12,1775,9,1228
2026-09-17 02:07:00.214+00,12,1775,9,1228
2026-09-17 02:08:00.559+00,12,1775,9,1228
2026-09-17 02:09:00.968+00,12,1775,9,1228
2026-09-17 02:10:01.351+00,12,1775,9,1228
2026-09-17 02:11:01.706+00,12,1775,9,1228
2026-09-17 02:12:02.079+00,12,1775,9,1228
2026-09-17 02:13:02.405+00,12,1775,9,1228
2026-09-17 02:14:02.771+00,12,1775,9,1228
2026-09-17 02:15:03.136+00,12,1775,9,1228
2026-09-17 02:16:03.469+00,12,1775,9,1228
2026-09-17 02:17:03.915+00,12,1775,9,1228
2026-09-17 02:18:04.317+00,12,1775,9,1228
2026-09-17 02:19:04.715+00,12,1775,9,1228
2026-09-17 02:20:05.204+00,12,1775,9,1228
2026-09-17 02:21:05.653+00,12,1775,9,1228
2026-09-17 02:22:06.068+00,12,1775,9,1228
2026-09-17 02:23:06.511+00,12,1775,9,1228
2026-09-17 02:24:06.965+00,12,1775,9,1228
2026-09-17 02:25:07.403+00,12,1775,9,1228
2026-09-17 02:26:07.828+00,12,1775,9,1228
2026-09-17 02:27:08.239+00,12,1775,9,1228
2026-09-17 02:28:08.655+00,12,1775,9,1228
2026-09-17 02:29:09.198+00,12,1775,9,1228
2026-09-17 02:30:09.693+00,12,1775,9,1228
2026-09-17 02:31:10.103+00,12,1775,9,1228
2026-09-17 02:32:10.531+00,12,1775,9,1228
2026-09-17 02:33:11.016+00,12,1775,9,1228
2026-09-17 02:34:11.429+00,12,1775,9,1228
2026-09-17 02:35:11.835+00,12,1775,9,1228
2026-09-17 02:36:12.284+00,12,1775,9,1228
2026-09-17 02:37:12.710+00,12,1775,9,1228
2026-09-17 02:38:13.144+00,12,1775,9,1228
2026-09-17 02:39:13.541+00,12,1775,9,1228
2026-09-17 02:40:13.927+00,12,1775,9,1228
2026-09-17 02:41:14.370+00,12,1775,9,1228
2026-09-17 02:42:14.737+00,12,1775,9,1228
2026-09-17 02:43:15.114+00,12,1775,9,1228
2026-09-17 02:44:15.460+00,12,1775,9,1228
2026-09-17 02:45:15.836+00,12,1775,9,1228
2026-09-17 02:46:16.237+00,12,1775,9,1228
2026-09-17 02:47:16.587+00,12,1775,9,1228
2026-09-17 02:48:16.925+00,12,1775,9,1228
2026-09-17 02:49:17.303+00,12,1775,9,1228
2026-09-17 02:50:17.668+00,12,1775,9,1228
2026-09-17 02:51:18.025+00,12,1775,9,1228
2026-09-17 02:52:18.294+00,12,1775,9,1228
2026-09-17 02:53:18.755+00,12,1775,9,1228
2026-09-17 02:54:19.221+00,12,1775,9,1228
2026-09-17 02:55:19.707+00,12,1775,9,1228
2026-09-17 02:56:20.103+00,12,1775,9,1228
2026-09-17 02:57:20.448+00,12,1775,9,1228
2026-09-17 02:58:20.807+00,12,1775,9,1228
2026-09-17 02:59:21.191+00,12,1775,9,1228
2026-09-17 03:00:21.567+00,12,1775,9,1228
2026-09-17 03:01:21.970+00,12,1775,9,1228
2026-09-17 03:02:22.359+00,12,1775,9,1228
2026-09-17 03:03:22.711+00,12,1775,9,1228
2026-09-17 03:04:23.079+00,12,1775,9,1228
2026-09-17 03:05:23.454+00,12,1775,9,1228
2026-09-17 03:06:23.858+00,12,1775,9,1228
2026-09-17 03:07:24.264+00,12,1775,9,1228
2026-09-17 03:08:24.680+00,12,1775,9,1228
2026-09-17 03:09:25.012+00,12,1775,9,1228
2026-09-17 03:10:25.355+00,12,1775,9,1228
2026-09-17 03:11:25.751+00,12,1775,9,1228
2026-09-17 03:12:26.110+00,12,1775,9,1228
2026-09-17 03:13:26.454+00,12,1775,9,1228
2026-09-17 03:14:26.797+00,12,1775,9,1228
2026-09-17 03:15:27.143+00,12,1775,9,1228
2026-09-17 03:16:27.520+00,12,1775,9,1228
2026-09-17 03:17:27.887+00,12,1775,9,1228
2026-09-17 03:18:28.279+00,12,1775,9,1228
2026-09-17 03:19:28.687+00,12,1775,9,1228
2026-09-17 03:20:29.123+00,12,1775,9,1228
2026-09-17 03:21:29.560+00,12,1775,9,1228
2026-09-17 03:22:29.956+00,12,1775,9,1228
2026-09-17 03:23:30.378+00,12,1775,9,1228
2026-09-17 03:24:30.793+00,12,1775,9,1228
2026-09-17 03:25:31.219+00,12,1775,9,1228
2026-09-17 03:26:31.598+00,12,1775,9,1228
2026-09-17 03:27:31.943+00,12,1775,9,1228
2026-09-17 03:28:32.313+00,12,1775,9,1228
2026-09-17 03:29:32.709+00,12,1775,9,1228
2026-09-17 03:30:33.084+00,12,1775,9,1228
2026-09-17 03:31:33.443+00,12,1775,9,1228
2026-09-17 03:32:33.778+00,12,1775,9,1228
2026-09-17 03:33:34.160+00,12,1775,9,1228
2026-09-17 03:34:34.508+00,12,1775,9,1228
2026-09-17 03:35:34.910+00,12,1775,9,1228
2026-09-17 03:36:35.525+00,12,1775,9,1228
2026-09-17 03:37:36.117+00,12,1775,9,1228
2026-09-17 03:38:36.617+00,12,1775,9,1228
2026-09-17 03:39:37.118+00,12,1775,9,1228
2026-09-17 03:40:37.616+00,12,1775,9,1228
2026-09-17 03:41:38.096+00,12,1775,9,1228
2026-09-17 03:42:38.533+00,12,1775,9,1228
2026-09-17 03:43:38.987+00,12,1775,9,1228
2026-09-17 03:44:39.450+00,12,1775,9,1228
2026-09-17 03:45:39.848+00,12,1775,9,1228
2026-09-17 03:46:40.197+00,12,1775,9,1228
2026-09-17 03:47:40.527+00,12,1775,9,1228
2026-09-17 03:48:40.889+00,12,1775,9,1228
2026-09-17 03:49:41.290+00,12,1775,9,1228
2026-09-17 03:50:41.636+00,12,1775,9,1228
2026-09-17 03:51:41.979+00,12,1775,9,1228
2026-09-17 03:52:42.327+00,12,1775,9,1228
2026-09-17 03:53:42.724+00,12,1775,9,1228
2026-09-17 03:54:43.165+00,12,1775,9,1228
2026-09-17 03:55:43.668+00,12,1775,9,1228
2026-09-17 03:56:44.060+00,12,1775,9,1228
2026-09-17 03:57:44.412+00,12,1775,9,1228
2026-09-17 03:58:44.802+00,12,1775,9,1228
2026-09-17 03:59:45.261+00,12,1775,9,1228
2026-09-17 04:00:45.663+00,12,1775,9,1228
2026-09-17 04:01:46.052+00,12,1775,9,1228
2026-09-17 04:02:46.398+00,12,1775,9,1228
2026-09-17 04:03:46.755+00,12,1775,9,1228
2026-09-17 04:04:47.080+00,12,1775,9,1228
2026-09-17 04:05:47.432+00,12,1775,9,1228
2026-09-17 04:06:47.782+00,12,1775,9,1228
2026-09-17 04:07:48.124+00,12,1775,9,1228
2026-09-17 04:08:48.515+00,12,1775,9,1228
2026-09-17 04:09:48.895+00,12,1775,9,1228
2026-09-17 04:10:49.232+00,12,1775,9,1228
2026-09-17 04:11:49.572+00,12,1775,9,1228
2026-09-17 04:12:49.913+00,12,1775,9,1228
2026-09-17 04:13:50.278+00,12,1775,9,1228
2026-09-17 04:14:50.640+00,12,1775,9,1228
2026-09-17 04:15:50.977+00,12,1775,9,1228
2026-09-17 04:16:51.357+00,12,1775,9,1228
2026-09-17 04:17:51.711+00,12,1775,9,1228
2026-09-17 04:18:52.121+00,12,1775,9,1228
2026-09-17 04:19:52.538+00,12,1775,9,1228
2026-09-17 04:20:52.911+00,12,1775,9,1228
2026-09-17 04:21:53.270+00,12,1775,9,1228
2026-09-17 04:22:53.650+00,12,1775,9,1228
2026-09-17 04:23:54.110+00,12,1775,9,1228
2026-09-17 04:24:54.537+00,12,1775,9,1228
2026-09-17 04:25:54.966+00,12,1775,9,1228
2026-09-17 04:26:55.410+00,12,1775,9,1228
2026-09-17 04:27:55.813+00,12,1775,9,1228
2026-09-17 04:28:56.245+00,12,1775,9,1228
2026-09-17 04:29:56.635+00,12,1775,9,1228
2026-09-17 04:30:56.975+00,12,1775,9,1228
2026-09-17 04:31:57.339+00,12,1775,9,1228
2026-09-17 04:32:57.690+00,12,1775,9,1228
2026-09-17 04:33:58.047+00,12,1775,9,1228
2026-09-17 04:34:58.410+00,12,1775,9,1228
2026-09-17 04:35:58.757+00,12,1775,9,1228
2026-09-17 04:36:59.123+00,12,1775,9,1228
2026-09-17 04:37:59.473+00,12,1775,9,1228
2026-09-17 04:38:59.794+00,12,1775,9,1228
2026-09-17 04:40:00.157+00,12,1775,9,1228
2026-09-17 04:41:00.509+00,12,1775,9,1228
2026-09-17 04:42:00.853+00,12,1775,9,1228
2026-09-17 04:43:01.209+00,12,1775,9,1228
2026-09-17 04:44:01.569+00,12,1775,9,1228
2026-09-17 04:45:01.911+00,12,1775,9,1228
2026-09-17 04:46:02.267+00,12,1775,9,1228
2026-09-17 04:47:02.619+00,12,1775,9,1228
2026-09-17 04:48:02.987+00,12,1775,9,1228
2026-09-17 04:49:03.381+00,12,1775,9,1228
2026-09-17 04:50:03.790+00,12,1775,9,1228
2026-09-17 04:51:04.142+00,12,1775,9,1228
2026-09-17 04:52:04.491+00,12,1775,9,1228
2026-09-17 04:53:04.875+00,12,1775,9,1228
2026-09-17 04:54:05.319+00,12,1775,9,1228
2026-09-17 04:55:05.810+00,12,1775,9,1228
2026-09-17 04:56:06.230+00,12,1775,9,1228
2026-09-17 04:57:06.585+00,12,1775,9,1228
2026-09-17 04:58:06.938+00,12,1775,9,1228
2026-09-17 04:59:07.321+00,12,1775,9,1228
2026-09-17 05:00:07.717+00,12,1775,9,1228
2026-09-17 05:01:08.097+00,12,1775,9,1228
2026-09-17 05:02:08.481+00,12,1775,9,1228
2026-09-17 05:03:08.924+00,12,1775,9,1228
2026-09-17 05:04:09.339+00,12,1775,9,1228
2026-09-17 05:05:09.710+00,12,1775,9,1228
2026-09-17 05:06:10.073+00,12,1775,9,1228
2026-09-17 05:07:10.423+00,12,1775,9,1228
2026-09-17 05:08:10.782+00,12,1775,9,1228
2026-09-17 05:09:11.184+00,12,1775,9,1228
2026-09-17 05:10:11.582+00,12,1775,9,1228
2026-09-17 05:11:11.951+00,12,1775,9,1228
2026-09-17 05:12:12.296+00,12,1775,9,1228
2026-09-17 05:13:12.661+00,12,1775,9,1228
2026-09-17 05:14:13.060+00,12,1775,9,1228
2026-09-17 05:15:13.453+00,12,1775,9,1228
2026-09-17 05:16:13.810+00,12,1775,9,1228
2026-09-17 05:17:14.324+00,12,1775,9,1228
2026-09-17 05:18:14.738+00,12,1775,9,1228
2026-09-17 05:19:15.139+00,12,1775,9,1228
2026-09-17 05:20:15.522+00,12,1775,9,1228
2026-09-17 05:21:15.939+00,12,1775,9,1228
2026-09-17 05:22:16.287+00,12,1775,9,1228
2026-09-17 05:23:16.643+00,12,1775,9,1228
2026-09-17 05:24:16.992+00,12,1775,9,1228
2026-09-17 05:25:17.375+00,12,1775,9,1228
2026-09-17 05:26:17.728+00,12,1775,9,1228
2026-09-17 05:27:18.117+00,12,1775,9,1228
2026-09-17 05:28:18.531+00,12,1775,9,1228
2026-09-17 05:29:18.922+00,12,1775,9,1228
2026-09-17 05:30:19.311+00,12,1775,9,1228
2026-09-17 05:31:19.655+00,12,1775,9,1228
2026-09-17 05:32:20.009+00,12,1775,9,1228
2026-09-17 05:33:20.363+00,12,1775,9,1228
2026-09-17 05:34:20.750+00,12,1775,9,1228
2026-09-17 05:35:21.142+00,12,1775,9,1228
2026-09-17 05:36:21.447+00,12,1775,9,1228
2026-09-17 05:37:21.799+00,14,1775,9,1228
2026-09-17 05:38:22.328+00,14,1775,9,1228
2026-09-17 05:39:22.833+00,14,1775,9,1228
2026-09-17 05:40:23.290+00,14,1775,9,1228
2026-09-17 05:41:23.790+00,14,1775,9,1228
2026-09-17 05:42:24.251+00,14,1775,9,1228
2026-09-17 05:43:24.676+00,14,1775,9,1228
2026-09-17 05:44:25.081+00,14,1775,9,1228
2026-09-17 05:45:25.506+00,14,1775,9,1228
2026-09-17 05:46:25.899+00,14,1775,9,1228
2026-09-17 05:47:26.339+00,14,1775,9,1228
2026-09-17 05:48:26.776+00,14,1775,9,1228
2026-09-17 05:49:27.242+00,14,1775,9,1228
2026-09-17 05:50:27.658+00,14,1775,9,1228
2026-09-17 05:51:28.025+00,14,1775,9,1228
2026-09-17 05:52:28.382+00,14,1775,9,1228
2026-09-17 05:53:28.720+00,14,1775,9,1228
2026-09-17 05:54:29.089+00,14,1775,9,1228
2026-09-17 05:55:29.421+00,14,1775,9,1228
2026-09-17 05:56:29.760+00,14,1775,9,1228
2026-09-17 05:57:30.116+00,14,1775,9,1228
2026-09-17 05:58:30.472+00,14,1775,9,1228
2026-09-17 05:59:30.878+00,14,1775,9,1228
2026-09-17 06:00:31.291+00,0,1775,9,1228
2026-09-17 06:01:31.652+00,0,1775,9,1228
2026-09-17 06:02:32.054+00,0,1775,9,1228
2026-09-17 06:03:32.436+00,0,1775,9,1228
2026-09-17 06:04:32.800+00,0,1775,9,1228
2026-09-17 06:05:33.146+00,0,1775,1,1228
2026-09-17 06:06:33.520+00,0,1775,1,1228
2026-09-17 06:07:33.866+00,0,1775,1,1228
2026-09-17 06:08:34.218+00,0,1775,1,1228
2026-09-17 06:09:34.586+00,0,1775,1,1228
2026-09-17 06:10:34.998+00,0,1775,1,1228
2026-09-17 06:11:35.411+00,0,1775,1,1228
2026-09-17 06:12:35.750+00,0,1775,1,1228
2026-09-17 06:13:36.100+00,0,1775,1,1228
2026-09-17 06:14:36.454+00,0,1775,1,1228
2026-09-17 06:15:36.870+00,0,1775,1,1228
2026-09-17 06:16:37.421+00,0,1775,1,1228
2026-09-17 06:17:37.841+00,0,1775,1,1228
2026-09-17 06:18:38.270+00,0,1775,1,1228
2026-09-17 06:19:38.838+00,0,1775,1,1228
2026-09-17 06:20:39.265+00,0,1775,1,1228
2026-09-17 06:21:39.622+00,0,1775,1,1228
2026-09-17 06:22:39.961+00,0,1775,1,1228
2026-09-17 06:23:40.298+00,0,1775,1,1228
2026-09-17 06:24:40.732+00,0,1775,1,1228
2026-09-17 06:25:41.133+00,0,1775,1,1228
2026-09-17 06:26:41.553+00,0,1775,1,1228
2026-09-17 06:27:42.075+00,0,1775,1,1228
2026-09-17 06:28:42.530+00,0,1775,1,1228
2026-09-17 06:29:43.124+00,0,1775,1,1228
2026-09-17 06:30:43.558+00,0,1775,1,1228
2026-09-17 06:31:43.981+00,0,1775,1,1228
2026-09-17 06:32:44.420+00,0,1775,1,1228
2026-09-17 06:33:44.840+00,0,1775,1,1228
2026-09-17 06:34:45.272+00,0,1775,1,1228
2026-09-17 06:35:45.662+00,0,1775,1,1228
2026-09-17 06:36:46.015+00,0,1775,1,1228
2026-09-17 06:37:46.404+00,0,1775,1,1228
2026-09-17 06:38:46.826+00,0,1775,1,1228
2026-09-17 06:39:47.238+00,0,1775,1,1228
2026-09-17 06:40:47.638+00,1,1775,1,1228
2026-09-17 06:41:47.992+00,1,1775,1,1228
2026-09-17 06:42:48.365+00,1,1775,1,1228
2026-09-17 06:43:48.722+00,1,1775,1,1228
2026-09-17 06:44:49.117+00,1,1775,1,1228
2026-09-17 06:45:49.471+00,1,1775,1,1228
2026-09-17 06:46:49.827+00,1,1775,1,1228
2026-09-17 06:47:50.186+00,2,1775,1,1228
2026-09-17 06:48:50.591+00,2,1775,1,1228
2026-09-17 06:49:51.001+00,2,1775,1,1228
2026-09-17 06:50:51.387+00,2,1775,1,1228
2026-09-17 06:51:51.740+00,2,1775,1,1228
2026-09-17 06:52:52.099+00,2,1775,1,1228
2026-09-17 06:53:52.464+00,2,1775,1,1228
2026-09-17 06:54:52.865+00,1,1775,1,1228
2026-09-17 06:55:53.188+00,1,1775,1,1228
2026-09-17 06:56:53.529+00,1,1775,1,1228
2026-09-17 06:57:53.913+00,1,1775,1,1228
2026-09-17 06:58:54.304+00,1,1775,1,1228
2026-09-17 06:59:54.668+00,1,1775,1,1228
2026-09-17 07:00:55.019+00,1,1775,1,1228
2026-09-17 07:01:55.427+00,1,1775,1,1228
2026-09-17 07:02:55.823+00,1,1775,1,1228
2026-09-17 07:03:56.223+00,1,1775,1,1228
2026-09-17 07:04:56.617+00,1,1775,1,1228
2026-09-17 07:05:56.970+00,1,1775,1,1228
2026-09-17 07:06:57.354+00,1,1775,1,1228
2026-09-17 07:07:57.718+00,1,1775,1,1228
2026-09-17 07:08:58.088+00,1,1775,1,1228
2026-09-17 07:09:58.447+00,1,1775,1,1228
2026-09-17 07:10:58.801+00,1,1775,1,1228
2026-09-17 07:11:59.169+00,1,1775,1,1228
2026-09-17 07:12:59.509+00,2,1775,1,1228
2026-09-17 07:13:59.863+00,3,1775,1,1228
2026-09-17 07:15:00.229+00,3,1775,1,1228
2026-09-17 07:16:00.598+00,3,1775,1,1228
2026-09-17 07:17:00.956+00,3,1775,1,1228
2026-09-17 07:18:01.348+00,3,1775,1,1228
2026-09-17 07:19:01.825+00,3,1775,1,1228
2026-09-17 07:20:02.216+00,4,1775,1,1228
2026-09-17 07:21:02.603+00,4,1775,1,1228
2026-09-17 07:22:02.968+00,4,1775,1,1228
2026-09-17 07:23:03.308+00,5,1775,1,1228
2026-09-17 07:24:03.706+00,5,1775,1,1228
2026-09-17 07:25:04.150+00,5,1775,1,1228
2026-09-17 07:26:04.632+00,5,1775,1,1228
2026-09-17 07:27:05.025+00,5,1775,1,1228
2026-09-17 07:28:05.393+00,5,1775,1,1228
2026-09-17 07:29:05.742+00,5,1775,1,1228
2026-09-17 07:30:06.125+00,5,1775,1,1228
2026-09-17 07:31:06.549+00,5,1775,1,1228
2026-09-17 07:32:10.348+00,6,1775,1,1228
2026-09-17 07:33:10.858+00,6,1775,1,1228
2026-09-17 07:34:11.246+00,7,1775,1,1228
2026-09-17 07:35:11.626+00,7,1775,1,1228
2026-09-17 07:36:13.169+00,7,1775,1,1228
2026-09-17 07:37:13.559+00,7,1775,1,1228
2026-09-17 07:38:14.162+00,7,1775,1,1228
2026-09-17 07:39:14.644+00,7,1775,1,1228
2026-09-17 07:40:15.092+00,7,1775,1,1228
2026-09-17 07:41:15.507+00,7,1775,1,1228
2026-09-17 07:42:16.051+00,7,1775,1,1228
2026-09-17 07:43:16.644+00,7,1775,1,1228
2026-09-17 07:44:17.148+00,7,1775,1,1228
2026-09-17 07:45:17.641+00,7,1775,1,1228
2026-09-17 07:46:18.120+00,7,1775,1,1228
2026-09-17 07:47:18.500+00,7,1775,1,1228
2026-09-17 07:48:18.921+00,9,1775,1,1228
2026-09-17 07:49:19.304+00,9,1775,1,1228
2026-09-17 07:50:19.672+00,9,1775,1,1228
2026-09-17 07:51:20.093+00,9,1775,1,1228
2026-09-17 07:52:20.515+00,9,1775,1,1228
2026-09-17 07:53:20.890+00,9,1775,1,1228
2026-09-17 07:54:21.250+00,9,1775,1,1228
2026-09-17 07:55:21.631+00,9,1775,1,1228
2026-09-17 07:56:21.983+00,9,1775,1,1228
2026-09-17 07:57:22.330+00,9,1775,1,1228
2026-09-17 07:58:22.715+00,10,1775,1,1228
2026-09-17 07:59:23.067+00,10,1775,1,1228
2026-09-17 08:00:23.518+00,10,1775,1,1228
2026-09-17 08:01:24.049+00,11,1775,1,1228
2026-09-17 08:02:24.542+00,11,1775,1,1228
2026-09-17 08:03:25.007+00,12,1775,1,1228
2026-09-17 08:04:25.394+00,12,1775,1,1228
2026-09-17 08:05:25.823+00,13,1775,1,1228
2026-09-17 08:06:26.279+00,14,1775,1,1228
2026-09-17 08:07:26.718+00,14,1775,1,1228
2026-09-17 08:08:27.166+00,14,1775,1,1228
2026-09-17 08:09:27.576+00,14,1775,1,1228
2026-09-17 08:10:27.957+00,15,1775,1,1228
2026-09-17 08:11:28.337+00,15,1775,1,1228
2026-09-17 08:12:28.734+00,15,1775,1,1228
2026-09-17 08:13:29.080+00,15,1775,1,1228
2026-09-17 08:14:29.443+00,15,1775,1,1228
2026-09-17 08:15:29.867+00,15,1775,1,1228
2026-09-17 08:16:30.242+00,16,1775,1,1228
2026-09-17 08:17:30.593+00,18,1775,1,1228
2026-09-17 08:18:31.012+00,18,1775,1,1228
2026-09-17 08:19:31.471+00,18,1775,1,1228
2026-09-17 08:20:31.841+00,18,1775,1,1228
2026-09-17 08:21:32.245+00,18,1775,1,1228
2026-09-17 08:22:32.636+00,18,1775,1,1228
2026-09-17 08:23:33.022+00,20,1775,1,1228
2026-09-17 08:24:33.423+00,20,1775,1,1228
2026-09-17 08:25:33.864+00,21,1775,1,1228
2026-09-17 08:26:34.280+00,22,1775,1,1228
2026-09-17 08:27:34.657+00,22,1775,1,1228
2026-09-17 08:28:35.024+00,23,1775,1,1228
2026-09-17 08:29:35.443+00,23,1775,1,1228
2026-09-17 08:30:35.864+00,23,1775,1,1228
2026-09-17 08:31:36.291+00,24,1775,1,1228
2026-09-17 08:32:36.660+00,24,1775,1,1228
2026-09-17 08:33:37.009+00,24,1775,1,1228
2026-09-17 08:34:37.370+00,24,1775,1,1228
2026-09-17 08:35:37.829+00,24,1775,1,1228
2026-09-17 08:36:38.234+00,24,1775,1,1228
2026-09-17 08:37:38.614+00,24,1775,1,1228
2026-09-17 08:38:39.041+00,26,1775,1,1228
2026-09-17 08:39:39.413+00,26,1775,1,1228
2026-09-17 08:40:39.788+00,26,1775,1,1228
2026-09-17 08:41:40.166+00,27,1775,1,1228
2026-09-17 08:42:40.543+00,27,1775,1,1228
2026-09-17 08:43:40.960+00,27,1775,1,1228
2026-09-17 08:44:41.463+00,28,1775,1,1228
2026-09-17 08:45:41.852+00,29,1775,1,1228
2026-09-17 08:46:42.259+00,29,1775,1,1228
2026-09-17 08:47:42.577+00,29,1775,1,1228
2026-09-17 08:48:42.917+00,29,1775,1,1228
2026-09-17 08:49:43.490+00,29,1775,1,1228
2026-09-17 08:50:43.896+00,33,1775,1,1228
2026-09-17 08:51:44.246+00,34,1775,1,1228
2026-09-17 08:52:44.570+00,36,1775,1,1228
2026-09-17 08:53:44.891+00,36,1775,1,1228
2026-09-17 08:54:45.287+00,37,1775,1,1228
2026-09-17 08:55:45.724+00,38,1775,0,1228
2026-09-17 08:56:46.115+00,39,1775,1,1228
2026-09-17 08:57:46.486+00,41,1775,1,1228
2026-09-17 08:58:46.895+00,43,1775,2,1228
2026-09-17 08:59:47.270+00,43,1775,5,1228
2026-09-17 09:00:47.657+00,46,1775,6,1228
2026-09-17 09:01:48.008+00,49,1775,6,1228
2026-09-17 09:02:48.374+00,51,1775,7,1228
2026-09-17 09:03:48.774+00,52,1775,7,1228
2026-09-17 09:04:49.157+00,52,1775,9,1228
2026-09-17 09:05:49.496+00,53,1775,10,1228
2026-09-17 09:06:49.845+00,59,1775,10,1228
2026-09-17 09:07:50.235+00,62,1775,10,1228
2026-09-17 09:08:50.618+00,63,1775,10,1228
2026-09-17 09:09:51.006+00,64,1775,10,1228
2026-09-17 09:10:51.464+00,67,1775,11,1228
2026-09-17 09:11:51.919+00,69,1775,12,1228
2026-09-17 09:12:52.767+00,71,1775,12,1228
2026-09-17 09:13:53.456+00,70,1775,13,1228
2026-09-17 09:14:53.910+00,70,1775,13,1228
2026-09-17 09:15:54.472+00,71,1775,16,1228
2026-09-17 09:16:55.115+00,72,1775,18,1228
2026-09-17 09:17:55.489+00,72,1775,20,1228
2026-09-17 09:18:55.924+00,74,1775,20,1228
2026-09-17 09:19:56.535+00,79,1775,20,1228
2026-09-17 09:20:57.077+00,76,1775,20,1228
2026-09-17 09:21:57.458+00,77,1775,22,1228
2026-09-17 09:22:57.821+00,78,1775,22,1228
2026-09-17 09:23:58.235+00,78,1775,20,1228
2026-09-17 09:24:58.658+00,79,1775,21,1228
2026-09-17 09:25:59.099+00,79,1775,21,1228
2026-09-17 09:26:59.531+00,79,1775,19,1228
2026-09-17 09:27:59.977+00,79,1775,19,1228
2026-09-17 09:29:00.507+00,80,1775,20,1228
2026-09-17 09:30:00.915+00,79,1775,21,1228
2026-09-17 09:31:01.255+00,79,1775,19,1228
2026-09-17 09:32:01.603+00,82,1775,20,1228
2026-09-17 09:33:01.971+00,82,1775,20,1228
2026-09-17 09:34:02.354+00,82,1775,20,1228
2026-09-17 09:35:02.789+00,82,1775,20,1228
2026-09-17 09:36:03.489+00,82,1775,21,1228
2026-09-17 09:37:03.938+00,83,1775,20,1228
2026-09-17 09:38:04.339+00,84,1775,20,1228
2026-09-17 09:39:04.765+00,85,1775,20,1228
2026-09-17 09:40:05.287+00,89,1775,20,1228
2026-09-17 09:41:05.774+00,89,1775,21,1228
2026-09-17 09:42:06.140+00,90,1775,23,1228
2026-09-17 09:43:06.485+00,88,1775,22,1228
2026-09-17 09:44:08.595+00,88,1775,22,1228
2026-09-17 09:45:10.513+00,88,1775,22,1228
2026-09-17 09:46:13.242+00,88,1775,24,1228
2026-09-17 09:47:16.095+00,90,1775,22,1228
2026-09-17 09:48:16.565+00,92,1775,22,1228
2026-09-17 09:49:17.000+00,92,1775,23,1228
2026-09-17 09:50:17.465+00,93,1775,23,1228
2026-09-17 09:51:17.907+00,96,1775,23,1228
2026-09-17 09:52:18.260+00,98,1775,26,1228
2026-09-17 09:53:18.610+00,101,1775,26,1228
2026-09-17 09:54:19.018+00,104,1775,26,1228
2026-09-17 09:55:19.464+00,105,1775,26,1228
2026-09-17 09:56:20.039+00,107,1775,27,1228
2026-09-17 09:57:20.560+00,108,1775,28,1228
2026-09-17 09:58:21.091+00,106,1775,29,1228
2026-09-17 09:59:21.669+00,107,1775,30,1228
2026-09-17 10:00:22.121+00,105,1775,30,1228
2026-09-17 10:01:22.531+00,104,1775,31,1228
2026-09-17 10:02:22.945+00,104,1775,31,1228
2026-09-17 10:03:23.335+00,104,1775,33,1228
2026-09-17 10:04:23.779+00,104,1775,33,1228
2026-09-17 10:05:24.188+00,104,1775,33,1228
2026-09-17 10:06:24.621+00,106,1775,34,1228
2026-09-17 10:07:24.985+00,105,1775,34,1228
2026-09-17 10:08:25.335+00,104,1775,34,1228
2026-09-17 10:09:25.756+00,104,1775,33,1228
2026-09-17 10:10:26.173+00,104,1775,32,1228
2026-09-17 10:11:26.741+00,103,1775,33,1228
2026-09-17 10:12:27.146+00,103,1775,30,1228
2026-09-17 10:13:27.587+00,103,1775,32,1228
2026-09-17 10:14:27.989+00,103,1775,32,1228
2026-09-17 10:15:28.390+00,103,1775,32,1228
2026-09-17 10:16:28.853+00,107,1775,32,1228
2026-09-17 10:17:29.411+00,107,1775,34,1228
2026-09-17 10:18:29.913+00,109,1775,37,1228
2026-09-17 10:19:30.332+00,109,1775,37,1228
2026-09-17 10:20:30.799+00,108,1775,37,1228
2026-09-17 10:21:31.216+00,108,1775,38,1228
2026-09-17 10:22:31.554+00,109,1775,38,1228
2026-09-17 10:23:31.894+00,109,1775,39,1228
2026-09-17 10:24:32.275+00,112,1775,39,1228
2026-09-17 10:25:32.755+00,114,1775,40,1228
2026-09-17 10:26:33.352+00,114,1775,40,1228
2026-09-17 10:27:33.857+00,115,1775,40,1228
2026-09-17 10:28:37.805+00,114,1775,39,1228
2026-09-17 10:29:38.204+00,114,1775,40,1228
2026-09-17 10:30:38.637+00,110,1775,40,1228
2026-09-17 10:31:39.031+00,109,1775,40,1228
2026-09-17 10:32:39.415+00,107,1775,40,1228
2026-09-17 10:33:39.811+00,106,1775,40,1228
2026-09-17 10:34:40.212+00,107,1775,39,1228
2026-09-17 10:35:40.596+00,107,1775,38,1228
2026-09-17 10:36:41.883+00,107,1775,40,1228
2026-09-17 10:37:42.248+00,111,1775,41,1228
2026-09-17 10:38:42.712+00,111,1775,42,1228
2026-09-17 10:39:43.127+00,111,1775,44,1228
2026-09-17 10:40:43.579+00,111,1775,45,1228
2026-09-17 10:41:43.990+00,110,1775,47,1228
2026-09-17 10:42:44.368+00,109,1775,48,1228
2026-09-17 10:43:44.723+00,109,1775,49,1228
2026-09-17 10:44:45.097+00,110,1775,49,1228
2026-09-17 10:45:45.489+00,110,1775,51,1228
2026-09-17 10:46:45.971+00,110,1775,51,1228
2026-09-17 10:47:46.809+00,111,1775,51,1228
2026-09-17 10:48:47.224+00,115,1775,51,1228
2026-09-17 10:49:47.612+00,116,1775,51,1228
2026-09-17 10:50:48.017+00,116,1775,51,1228
2026-09-17 10:51:48.391+00,116,1775,54,1228
2026-09-17 10:52:48.751+00,118,1775,54,1228
2026-09-17 10:53:49.229+00,119,1775,54,1228
2026-09-17 10:54:49.724+00,119,1775,54,1228
2026-09-17 10:55:50.245+00,119,1775,56,1228
2026-09-17 10:56:50.851+00,119,1775,59,1228
2026-09-17 10:57:51.327+00,119,1775,66,1228
2026-09-17 10:58:51.735+00,120,1775,66,1228
2026-09-17 10:59:52.142+00,120,1775,66,1228
2026-09-17 11:00:52.533+00,121,1775,72,1228
2026-09-17 11:01:53.312+00,129,1775,71,1228
2026-09-17 11:02:53.742+00,129,1775,72,1228
2026-09-17 11:03:54.168+00,131,1775,73,1228
2026-09-17 11:04:54.770+00,133,1775,78,1228
2026-09-17 11:05:55.210+00,133,1775,78,1228
2026-09-17 11:06:55.634+00,134,1775,78,1228
2026-09-17 11:07:56.020+00,135,1775,82,1228
2026-09-17 11:08:56.386+00,133,1775,83,1228
2026-09-17 11:09:56.788+00,133,1775,85,1228
2026-09-17 11:10:57.242+00,133,1775,85,1228
2026-09-17 11:11:57.610+00,134,1775,85,1228
2026-09-17 11:12:57.968+00,134,1775,85,1228
2026-09-17 11:13:58.352+00,132,1775,84,1228
2026-09-17 11:14:58.750+00,132,1775,85,1228
2026-09-17 11:15:59.127+00,133,1775,85,1228
2026-09-17 11:16:59.529+00,133,1775,84,1228
2026-09-17 11:17:59.995+00,132,1775,83,1228
2026-09-17 11:19:00.420+00,132,1775,83,1228
2026-09-17 11:20:00.868+00,133,1775,82,1228
2026-09-17 11:21:01.330+00,133,1775,83,1228
2026-09-17 11:22:01.803+00,133,1775,83,1228
2026-09-17 11:23:02.215+00,133,1775,86,1228
2026-09-17 11:24:02.700+00,135,1775,86,1228
2026-09-17 11:25:03.144+00,137,1775,88,1228
2026-09-17 11:26:03.563+00,137,1775,88,1228
2026-09-17 11:27:04.028+00,136,1775,88,1228
2026-09-17 11:28:04.467+00,136,1775,88,1228
2026-09-17 11:29:04.890+00,142,1775,88,1228
2026-09-17 11:30:05.349+00,136,1775,86,1228
2026-09-17 11:31:05.700+00,137,1775,87,1228
2026-09-17 11:32:06.089+00,136,1775,88,1228
2026-09-17 11:33:06.486+00,138,1775,88,1228
2026-09-17 11:34:06.919+00,139,1775,90,1228
2026-09-17 11:35:07.353+00,140,1775,91,1228
2026-09-17 11:36:07.876+00,139,1775,91,1228
2026-09-17 11:37:08.428+00,140,1775,92,1228
2026-09-17 11:38:08.941+00,141,1775,92,1228
2026-09-17 11:39:09.433+00,145,1775,94,1228
2026-09-17 11:40:09.898+00,149,1775,94,1228
2026-09-17 11:41:10.312+00,149,1775,94,1228
2026-09-17 11:42:10.716+00,151,1775,94,1228
2026-09-17 11:43:11.126+00,149,1775,92,1228
2026-09-17 11:44:11.741+00,147,1775,91,1228
2026-09-17 11:45:12.224+00,149,1775,92,1228
2026-09-17 11:46:12.608+00,150,1775,94,1228
2026-09-17 11:47:13.025+00,151,1775,94,1228
2026-09-17 11:48:13.440+00,150,1775,93,1228
2026-09-17 11:49:13.850+00,151,1775,94,1228
2026-09-17 11:50:14.286+00,151,1775,95,1228
2026-09-17 11:51:14.705+00,151,1775,95,1228
2026-09-17 11:52:15.189+00,152,1775,95,1228
2026-09-17 11:53:15.592+00,151,1775,94,1228
2026-09-17 11:54:15.966+00,151,1775,95,1228
2026-09-17 11:55:16.326+00,151,1775,96,1228
2026-09-17 11:56:16.702+00,152,1775,95,1228
2026-09-17 11:57:17.084+00,154,1775,95,1228
2026-09-17 11:58:17.439+00,154,1775,94,1228
2026-09-17 11:59:17.833+00,154,1775,95,1228
2026-09-17 12:00:18.283+00,154,1775,91,1228
2026-09-17 12:01:18.632+00,152,1775,92,1228
2026-09-17 12:02:18.976+00,151,1775,93,1228
2026-09-17 12:03:19.344+00,149,1775,92,1228
2026-09-17 12:04:19.702+00,146,1775,92,1228
2026-09-17 12:05:20.142+00,145,1775,92,1228
2026-09-17 12:06:20.565+00,143,1775,92,1228
2026-09-17 12:07:20.978+00,144,1775,93,1228
2026-09-17 12:08:21.473+00,143,1775,95,1228
2026-09-17 12:09:21.903+00,144,1775,96,1228
2026-09-17 12:10:22.337+00,144,1775,94,1228
2026-09-17 12:11:22.839+00,144,1775,94,1228
2026-09-17 12:12:23.240+00,144,1775,94,1228
2026-09-17 12:13:24.129+00,143,1775,96,1228
2026-09-17 12:14:24.542+00,144,1775,97,1228
2026-09-17 12:15:25.002+00,146,1775,97,1228
2026-09-17 12:16:25.416+00,145,1775,95,1228
2026-09-17 12:17:25.898+00,146,1775,96,1228
2026-09-17 12:18:26.671+00,146,1775,97,1228
2026-09-17 12:19:27.142+00,144,1775,95,1228
2026-09-17 12:20:27.675+00,145,1775,96,1228
2026-09-17 12:21:28.110+00,146,1775,96,1228
2026-09-17 12:22:28.511+00,147,1775,96,1228
2026-09-17 12:23:28.889+00,146,1775,96,1228
2026-09-17 12:24:29.335+00,147,1775,95,1228
2026-09-17 12:25:29.783+00,145,1775,98,1228
2026-09-17 12:26:30.145+00,146,1775,102,1228
2026-09-17 12:27:30.608+00,145,1775,103,1228
2026-09-17 12:28:30.956+00,141,1775,102,1228
2026-09-17 12:29:31.342+00,144,1775,105,1228
2026-09-17 12:30:31.713+00,143,1775,107,1228
2026-09-17 12:31:32.104+00,144,1775,108,1228
2026-09-17 12:32:32.523+00,143,1775,111,1228
2026-09-17 12:33:32.917+00,142,1775,113,1228
2026-09-17 12:34:33.312+00,146,1775,115,1228
2026-09-17 12:35:33.873+00,149,1775,114,1228
2026-09-17 12:36:34.263+00,147,1775,111,1228
2026-09-17 12:37:34.649+00,145,1775,109,1228
2026-09-17 12:38:35.073+00,147,1775,110,1228
2026-09-17 12:39:35.518+00,145,1775,110,1228
2026-09-17 12:40:35.912+00,143,1775,113,1228
2026-09-17 12:41:36.616+00,145,1775,113,1228
2026-09-17 12:42:36.958+00,145,1775,110,1228
2026-09-17 12:43:37.313+00,144,1775,116,1228
2026-09-17 12:44:37.705+00,146,1775,115,1228
2026-09-17 12:45:38.235+00,146,1775,116,1228
2026-09-17 12:46:38.761+00,145,1775,118,1228
2026-09-17 12:47:39.215+00,145,1775,119,1228
2026-09-17 12:48:39.633+00,145,1775,120,1228
2026-09-17 12:49:40.022+00,146,1775,122,1228
2026-09-17 12:50:40.473+00,145,1775,122,1228
2026-09-17 12:51:40.903+00,145,1775,122,1228
2026-09-17 12:52:41.296+00,148,1775,121,1228
2026-09-17 12:53:41.660+00,151,1775,120,1228
2026-09-17 12:54:42.148+00,147,1775,119,1228
2026-09-17 12:55:42.564+00,148,1775,121,1228
2026-09-17 12:56:42.955+00,150,1775,122,1228
2026-09-17 12:57:43.347+00,149,1775,121,1228
2026-09-17 12:58:43.720+00,150,1775,125,1228
2026-09-17 12:59:44.106+00,151,1775,126,1228
2026-09-17 13:00:44.527+00,149,1775,127,1228
2026-09-17 13:01:44.922+00,149,1775,126,1228
2026-09-17 13:02:45.284+00,149,1775,122,1228
2026-09-17 13:03:45.783+00,153,1775,123,1228
2026-09-17 13:04:46.217+00,152,1775,124,1228
2026-09-17 13:05:46.617+00,152,1775,124,1228
2026-09-17 13:06:47.044+00,150,1775,125,1228
2026-09-17 13:07:47.410+00,148,1775,122,1228
2026-09-17 13:08:47.833+00,146,1775,125,1228
2026-09-17 13:09:48.359+00,146,1775,124,1228
2026-09-17 13:10:48.827+00,147,1775,126,1228
2026-09-17 13:11:49.210+00,148,1775,120,1228
2026-09-17 13:12:49.549+00,148,1775,121,1228
2026-09-17 13:13:49.939+00,147,1775,119,1228
2026-09-17 13:14:50.359+00,147,1775,120,1228
2026-09-17 13:15:50.742+00,146,1775,118,1228
2026-09-17 13:16:51.091+00,147,1775,117,1228
2026-09-17 13:17:51.452+00,148,1775,118,1228
2026-09-17 13:18:51.905+00,146,1775,115,1228
2026-09-17 13:19:52.294+00,148,1775,117,1228
2026-09-17 13:20:52.745+00,143,1775,117,1228
2026-09-17 13:21:53.227+00,144,1775,116,1228
2026-09-17 13:22:53.662+00,139,1775,114,1228
2026-09-17 13:23:54.104+00,142,1775,113,1228
2026-09-17 13:24:54.714+00,141,1775,117,1228
2026-09-17 13:25:55.128+00,142,1775,118,1228
2026-09-17 13:26:55.520+00,142,1775,117,1228
2026-09-17 13:27:55.934+00,143,1775,114,1228
2026-09-17 13:28:56.338+00,145,1775,114,1228
2026-09-17 13:29:56.724+00,145,1775,114,1228
2026-09-17 13:30:57.067+00,144,1775,112,1228
2026-09-17 13:31:57.502+00,151,1775,113,1228
2026-09-17 13:32:58.039+00,157,1775,118,1228
2026-09-17 13:33:58.509+00,154,1775,119,1228
2026-09-17 13:34:59.300+00,155,1775,120,1228
2026-09-17 13:35:59.719+00,155,1775,121,1228
2026-09-17 13:37:00.088+00,159,1775,121,1228
2026-09-17 13:38:00.471+00,161,1775,121,1228
2026-09-17 13:39:00.881+00,158,1775,120,1228
2026-09-17 13:40:01.267+00,158,1775,119,1228
2026-09-17 13:41:01.656+00,158,1775,117,1228
2026-09-17 13:42:02.053+00,158,1775,116,1228
2026-09-17 13:43:02.443+00,161,1775,115,1228
2026-09-17 13:44:02.883+00,159,1775,112,1228
2026-09-17 13:45:11.106+00,159,1775,112,1228
2026-09-17 13:46:11.472+00,160,1775,111,1228
2026-09-17 13:47:15.103+00,158,1775,111,1228
2026-09-17 13:48:15.550+00,157,1775,108,1228
2026-09-17 13:49:16.045+00,158,1775,109,1228
2026-09-17 13:50:16.428+00,158,1775,110,1228
2026-09-17 13:51:16.810+00,160,1775,111,1228
2026-09-17 13:52:17.213+00,160,1775,108,1228
2026-09-17 13:53:17.600+00,161,1775,107,1228
2026-09-17 13:54:17.976+00,163,1775,106,1228
2026-09-17 13:55:18.378+00,163,1775,107,1228
2026-09-17 13:56:18.742+00,163,1775,109,1228
2026-09-17 13:57:20.208+00,164,1775,111,1228
2026-09-17 13:58:20.562+00,163,1775,112,1228
2026-09-17 13:59:20.928+00,163,1775,114,1228
2026-09-17 14:00:21.398+00,164,1775,115,1228
2026-09-17 14:01:21.858+00,162,1775,116,1228
2026-09-17 14:02:22.284+00,157,1775,118,1228
2026-09-30 13:29:03.258+00,577,1775,385,1228
2026-09-30 13:30:03.596+00,576,1775,390,1228
2026-09-30 13:31:03.926+00,578,1775,386,1228
2026-09-30 13:32:04.253+00,581,1775,384,1228
2026-09-30 13:33:04.620+00,576,1775,385,1228
2026-09-30 13:34:05.023+00,575,1775,380,1228
2026-09-30 13:35:05.397+00,577,1775,384,1228
2026-09-30 13:36:05.786+00,574,1775,379,1228
2026-09-30 13:37:06.185+00,577,1775,378,1228
2026-09-30 13:38:06.586+00,580,1775,380,1228
2026-09-30 13:39:06.940+00,578,1775,384,1228
2026-09-30 13:40:07.282+00,585,1775,379,1228
2026-09-30 13:41:07.672+00,582,1775,371,1228
2026-09-30 13:42:08.000+00,571,1775,369,1228
2026-09-30 13:43:08.324+00,573,1775,364,1228
2026-09-30 13:44:08.735+00,567,1775,369,1228
2026-09-30 13:45:09.090+00,571,1775,366,1228
2026-09-30 13:46:11.584+00,569,1775,369,1228
2026-09-30 13:47:11.948+00,568,1775,369,1228
2026-09-30 13:48:12.308+00,560,1775,367,1228
2026-10-02 12:26:24.833+00,591,1775,477,1228
2026-10-02 12:27:25.309+00,599,1775,473,1228
2026-10-02 12:28:25.725+00,599,1775,476,1228
2026-10-02 12:29:26.209+00,609,1775,477,1228
2026-10-02 12:30:26.497+00,611,1775,475,1228
2026-10-02 12:31:26.794+00,607,1775,473,1228
2026-10-02 12:32:27.087+00,611,1775,472,1228
2026-10-02 12:33:27.379+00,605,1775,474,1228
2026-10-02 12:34:27.684+00,601,1775,471,1228
2026-10-02 12:35:27.968+00,597,1775,464,1228
2026-10-02 12:36:28.269+00,594,1775,472,1228
2026-10-02 12:37:28.752+00,594,1775,465,1228
2026-10-02 12:38:29.216+00,590,1775,462,1228
2026-10-02 12:39:29.617+00,587,1775,463,1228
2026-10-02 12:40:30.002+00,587,1775,463,1228
2026-10-02 12:41:30.441+00,573,1775,460,1228
2026-10-02 12:42:30.755+00,567,1775,454,1228
2026-10-02 12:43:31.139+00,557,1775,447,1228
2026-10-02 12:44:31.517+00,551,1775,440,1228
2026-10-02 12:45:31.754+00,550,1775,426,1228
2026-10-02 12:46:31.960+00,541,1775,414,1228
2026-10-02 12:47:32.170+00,528,1775,408,1228
2026-10-02 12:48:32.442+00,518,1775,403,1228
2026-10-02 12:49:32.712+00,527,1775,391,1228
2026-10-02 12:50:32.926+00,511,1775,379,1228
2026-10-02 12:51:33.165+00,501,1775,376,1228
2026-10-02 12:52:33.414+00,494,1775,368,1228
2026-10-02 12:53:33.647+00,497,1775,348,1228
2026-10-02 12:54:33.871+00,492,1775,348,1228
2026-10-02 12:55:34.081+00,490,1775,345,1228
2026-10-02 12:56:34.314+00,504,1775,332,1228
2026-10-02 12:57:34.590+00,511,1775,348,1228
2026-10-02 12:58:34.829+00,536,1775,353,1228
2026-10-02 12:59:35.133+00,562,1775,350,1228
2026-10-02 13:00:35.391+00,579,1775,365,1228
2026-10-02 13:01:35.537+00,585,1775,370,1228
2026-10-02 13:02:35.728+00,585,1775,370,1228
2026-10-02 13:03:35.992+00,595,1775,381,1228
2026-10-02 13:04:36.230+00,604,1775,371,1228
2026-10-02 13:05:36.529+00,613,1775,377,1228
2026-10-02 13:06:36.798+00,628,1775,376,1228
2026-10-02 13:07:37.063+00,649,1775,379,1228
2026-10-02 13:08:37.567+00,661,1775,377,1228
2026-10-02 13:09:37.864+00,675,1775,381,1228
2026-10-02 13:10:38.141+00,692,1775,381,1228
2026-10-02 13:11:38.401+00,705,1775,382,1228
2026-10-02 13:12:38.590+00,716,1775,383,1228
2026-10-02 13:13:39.000+00,723,1775,381,1228
2026-10-02 13:14:39.478+00,728,1775,383,1228
2026-10-02 13:15:40.133+00,737,1775,377,1228
2026-10-02 13:16:40.680+00,728,1775,379,1228
2026-10-02 13:17:40.868+00,741,1775,377,1228
2026-10-02 13:18:41.142+00,742,1775,378,1228
2026-10-02 13:19:41.427+00,741,1775,384,1228
2026-10-02 13:20:41.717+00,743,1775,383,1228
2026-10-02 13:21:41.972+00,746,1775,375,1228
2026-10-02 13:22:42.215+00,750,1775,377,1228
2026-10-02 13:23:42.471+00,754,1775,376,1228
2026-10-02 13:24:42.729+00,750,1775,378,1228
2026-10-02 13:25:43.066+00,762,1775,384,1228
2026-10-02 13:26:43.392+00,761,1775,384,1228
2026-10-02 13:27:43.712+00,766,1775,387,1228
2026-10-02 13:28:43.990+00,768,1775,387,1228
2026-10-02 13:29:44.255+00,770,1775,386,1228
2026-10-02 13:30:44.552+00,769,1775,388,1228
2026-10-02 13:31:44.872+00,762,1775,386,1228
2026-10-02 13:32:45.135+00,747,1775,390,1228
2026-10-02 13:33:45.427+00,738,1775,388,1228
2026-10-02 13:34:45.730+00,718,1775,399,1228
2026-10-02 13:35:46.052+00,694,1775,403,1228
2026-10-02 13:36:46.438+00,679,1775,404,1228
2026-10-02 13:37:46.741+00,660,1775,403,1228
2026-10-02 13:38:47.036+00,644,1775,403,1228
2026-10-02 13:39:47.318+00,636,1775,392,1228
2026-10-02 13:40:47.558+00,642,1775,395,1228
2026-10-02 13:41:47.822+00,639,1775,394,1228
2026-10-02 13:42:48.085+00,630,1775,394,1228
2026-10-02 13:43:48.388+00,629,1775,389,1228
2026-10-02 13:44:48.583+00,615,1775,376,1228
2026-10-02 13:45:48.800+00,607,1775,372,1228
2026-10-02 13:46:48.996+00,593,1775,372,1228
2026-10-02 13:47:49.382+00,588,1775,369,1228
2026-10-02 13:54:22.154+00,559,1775,351,1228
2026-10-02 13:55:22.369+00,561,1775,351,1228
2026-10-02 13:56:23.597+00,561,1775,355,1228
2026-10-02 13:57:23.821+00,563,1775,358,1228
2026-10-02 13:58:24.114+00,571,1775,359,1228
2026-10-02 13:59:24.426+00,578,1775,369,1228
2026-10-02 14:00:24.721+00,584,1775,374,1228
2026-10-02 14:01:25.021+00,596,1775,380,1228
2026-10-02 14:02:25.319+00,606,1775,377,1228
2026-10-02 14:03:25.591+00,615,1775,369,1228
2026-10-02 14:04:25.895+00,617,1775,372,1228
2026-10-02 14:05:26.192+00,618,1775,371,1228
2026-10-02 14:06:26.509+00,619,1775,374,1228
2026-10-02 14:07:26.745+00,620,1775,377,1228
2026-10-02 14:08:27.089+00,621,1775,380,1228
2026-10-02 14:09:27.347+00,624,1775,383,1228
2026-10-02 14:10:27.618+00,624,1775,382,1228
2026-10-02 14:11:27.878+00,626,1775,389,1228
2026-10-02 14:12:28.143+00,625,1775,389,1228
2026-10-02 14:13:28.454+00,634,1775,391,1228
2026-10-02 14:14:28.766+00,641,1775,395,1228
2026-10-02 14:15:29.076+00,633,1775,403,1228
2026-10-02 14:16:29.317+00,640,1775,400,1228
2026-10-02 14:17:29.597+00,639,1775,399,1228
2026-10-02 14:18:29.891+00,647,1775,403,1228
2026-10-02 14:19:30.219+00,642,1775,404,1228
2026-10-02 14:20:30.488+00,639,1775,406,1228
2026-10-02 14:21:30.766+00,623,1775,406,1228
2026-10-02 14:22:31.062+00,609,1775,409,1228
2026-10-02 14:23:31.373+00,601,1775,410,1228
2026-10-02 14:24:31.649+00,591,1775,416,1228
2026-10-02 14:25:31.940+00,587,1775,412,1228
2026-10-02 14:26:32.232+00,584,1775,412,1228
2026-10-02 14:27:32.614+00,576,1775,411,1228
2026-10-02 14:28:32.934+00,566,1775,411,1228
2026-10-02 14:29:33.202+00,563,1775,412,1228
2026-10-02 14:30:33.487+00,558,1775,411,1228
2026-10-02 14:31:34.391+00,551,1775,415,1228
2026-10-02 14:32:24.728+00,549,1775,420,1228
2026-10-02 14:33:24.928+00,546,1775,421,1228
2026-10-02 14:34:25.216+00,541,1775,423,1228
2026-10-02 14:35:28.561+00,543,1775,420,1228
2026-10-02 14:36:28.884+00,536,1775,419,1228
2026-10-02 14:37:29.143+00,532,1775,421,1228
2026-10-02 14:38:29.381+00,535,1775,421,1228
2026-10-02 14:39:29.562+00,535,1775,421,1228
2026-10-02 14:40:29.728+00,531,1775,426,1228
2026-10-02 14:41:29.973+00,534,1775,420,1228
2026-10-02 14:42:30.234+00,528,1775,413,1228
2026-10-02 14:43:33.720+00,523,1775,417,1228
2026-10-02 14:44:33.900+00,515,1775,412,1228
2026-10-02 14:45:34.180+00,509,1775,403,1228
2026-10-02 14:46:34.479+00,494,1775,396,1228
2026-10-02 14:47:37.469+00,483,1775,383,1228
2026-10-02 14:48:37.671+00,477,1775,385,1228
2026-10-02 14:49:37.945+00,464,1775,379,1228
2026-10-02 14:50:38.204+00,446,1775,379,1228
2026-10-02 14:51:45.253+00,441,1775,367,1228
2026-10-02 14:52:45.864+00,443,1775,354,1228
2026-10-02 14:53:46.259+00,445,1775,354,1228
2026-10-02 14:54:54.992+00,449,1775,347,1228
2026-10-02 14:55:55.365+00,447,1775,333,1228
2026-10-02 14:56:55.810+00,452,1775,331,1228
2026-10-02 14:57:56.408+00,445,1775,335,1228
2026-10-02 14:58:56.642+00,451,1775,340,1228
2026-10-02 14:59:58.647+00,449,1775,337,1228
2026-10-02 15:01:00.856+00,444,1775,341,1228
2026-10-02 15:02:01.226+00,443,1775,343,1228
2026-10-02 15:03:01.816+00,438,1775,339,1228
2026-10-02 15:04:02.146+00,435,1775,337,1228
2026-10-02 15:05:02.599+00,437,1775,340,1228
2026-10-02 15:06:07.546+00,450,1775,338,1228
2026-10-02 15:07:11.995+00,452,1775,337,1228
2026-10-02 15:08:12.343+00,450,1775,338,1228
2026-10-02 15:09:12.619+00,453,1775,335,1228
2026-10-02 15:10:12.999+00,464,1775,334,1228
2026-10-02 15:11:13.243+00,459,1775,336,1228
2026-10-02 15:12:13.512+00,464,1775,335,1228
2026-10-02 15:13:17.028+00,466,1775,336,1228
2026-10-02 15:14:17.287+00,464,1775,340,1228
2026-10-02 15:15:17.435+00,463,1775,342,1228
2026-10-02 15:16:17.594+00,462,1775,342,1228
2026-10-02 15:17:17.793+00,463,1775,339,1228
2026-10-02 15:18:20.189+00,466,1775,340,1228
2026-10-02 15:19:20.415+00,464,1775,339,1228
2026-10-02 15:20:20.732+00,460,1775,338,1228
2026-10-02 15:21:21.010+00,452,1775,337,1228
2026-10-02 15:22:21.290+00,446,1775,336,1228
2026-10-02 15:23:21.526+00,447,1775,331,1228
2026-10-02 15:24:21.820+00,443,1775,330,1228
2026-10-02 15:25:27.652+00,434,1775,330,1228
2026-10-02 15:26:27.936+00,431,1775,326,1228
2026-10-02 15:27:28.118+00,428,1775,325,1228
2026-10-02 15:28:28.306+00,425,1775,321,1228
2026-10-02 15:29:28.535+00,424,1775,321,1228
2026-10-02 15:30:28.795+00,423,1775,322,1228
2026-10-02 15:31:30.773+00,424,1775,318,1228
2026-10-02 15:32:31.064+00,416,1775,315,1228
2026-10-02 15:33:31.394+00,412,1775,311,1228
2026-10-02 15:34:31.668+00,414,1775,310,1228
2026-10-02 15:35:31.959+00,418,1775,308,1228
2026-10-02 15:36:37.758+00,419,1775,310,1228
2026-10-02 15:37:38.548+00,415,1775,308,1228
2026-10-02 15:38:38.746+00,413,1775,307,1228
2026-10-02 15:39:39.039+00,408,1775,301,1228
2026-10-02 15:40:39.227+00,410,1775,300,1228
2026-10-02 15:41:39.507+00,408,1775,299,1228
2026-10-02 15:42:39.839+00,411,1775,294,1228
2026-10-02 15:43:40.122+00,409,1775,290,1228
2026-10-02 15:44:40.399+00,402,1775,287,1228
2026-10-02 15:45:40.621+00,396,1775,286,1228
2026-10-02 15:46:40.880+00,394,1775,282,1228
2026-10-02 15:47:46.017+00,391,1775,276,1228
2026-10-02 15:48:46.221+00,387,1775,270,1228
2026-10-02 15:49:46.507+00,383,1775,264,1228
2026-10-02 15:50:46.775+00,377,1775,251,1228
2026-10-02 15:51:47.070+00,371,1775,237,1228
2026-10-02 15:52:47.275+00,364,1775,231,1228
2026-10-02 15:53:49.157+00,361,1775,211,1228
2026-10-02 15:54:49.356+00,355,1775,205,1228
2026-10-02 15:55:49.640+00,354,1775,207,1228
2026-10-02 15:56:50.087+00,351,1775,205,1228
2026-10-02 15:57:50.269+00,351,1775,198,1228
2026-10-02 15:58:50.487+00,350,1775,195,1228
2026-10-02 15:59:52.641+00,348,1775,197,1228
2026-10-02 16:00:52.826+00,346,1775,198,1228
2026-10-02 16:01:53.023+00,347,1775,204,1228
2026-10-02 16:02:53.279+00,344,1775,199,1228
2026-10-02 16:03:53.567+00,338,1775,201,1228
2026-10-02 16:04:53.867+00,328,1775,205,1228
2026-10-02 16:05:57.935+00,328,1775,199,1228
2026-10-02 16:06:58.118+00,331,1775,202,1228
2026-10-02 16:07:58.385+00,329,1775,206,1228
2026-10-02 16:08:58.625+00,328,1775,206,1228
2026-10-02 16:09:58.864+00,331,1775,207,1228
2026-10-02 16:11:06.598+00,330,1775,208,1228
2026-10-02 16:12:06.873+00,331,1775,211,1228
2026-10-02 16:13:07.118+00,329,1775,214,1228
2026-10-02 16:14:07.387+00,326,1775,211,1228
2026-10-02 16:15:07.636+00,328,1775,209,1228
2026-10-02 16:16:07.844+00,326,1775,208,1228
2026-10-02 16:17:09.496+00,319,1775,203,1228
2026-10-02 16:18:09.727+00,314,1775,202,1228
2026-10-02 16:19:10.023+00,314,1775,204,1228
2026-10-02 16:20:10.305+00,314,1775,204,1228
2026-10-02 16:21:10.572+00,311,1775,205,1228
2026-10-02 16:22:10.817+00,308,1775,205,1228
2026-10-02 16:23:12.695+00,307,1775,205,1228
2026-10-02 16:24:12.974+00,306,1775,208,1228
2026-10-02 16:25:13.215+00,304,1775,207,1228
2026-10-02 16:26:13.401+00,304,1775,203,1228
2026-10-02 16:27:13.600+00,301,1775,202,1228
2026-10-02 16:28:13.804+00,296,1775,199,1228
2026-10-02 16:29:14.009+00,291,1775,200,1228
2026-10-02 16:30:14.284+00,291,1775,197,1228
2026-10-02 16:31:14.516+00,291,1775,194,1228
2026-10-02 16:32:16.504+00,287,1775,189,1228
2026-10-02 16:33:16.775+00,287,1775,187,1228
2026-10-02 16:34:17.050+00,285,1775,184,1228
2026-10-02 16:35:17.340+00,281,1775,181,1228
2026-10-02 16:36:17.629+00,281,1775,181,1228
2026-10-02 16:37:19.259+00,283,1775,179,1228
2026-10-02 16:38:20.961+00,280,1775,179,1228
2026-10-02 16:39:21.173+00,277,1775,179,1228
2026-10-02 16:40:21.397+00,273,1775,182,1228
2026-10-02 16:41:21.659+00,272,1775,189,1228
2026-10-02 16:42:21.918+00,269,1775,182,1228
2026-10-02 16:43:25.475+00,268,1775,185,1228
2026-10-02 16:44:25.714+00,267,1775,190,1228
2026-10-02 16:45:25.985+00,266,1775,186,1228
2026-10-02 16:46:26.246+00,260,1775,185,1228
2026-10-02 16:47:26.449+00,257,1775,184,1228
2026-10-02 16:48:26.644+00,257,1775,181,1228
2026-10-02 16:49:32.546+00,256,1775,181,1228
2026-10-02 16:50:32.734+00,257,1775,186,1228
2026-10-02 16:51:32.909+00,257,1775,186,1228
2026-10-02 16:52:33.218+00,255,1775,184,1228
2026-10-02 16:53:33.460+00,254,1775,176,1228
2026-10-02 16:54:35.729+00,256,1775,174,1228
2026-10-02 16:55:36.057+00,256,1775,173,1228
2026-10-02 16:56:36.355+00,257,1775,174,1228
2026-10-02 16:57:36.616+00,254,1775,176,1228
2026-10-02 16:58:36.905+00,246,1775,185,1228
2026-10-02 16:59:37.072+00,244,1775,178,1228
2026-10-02 17:00:38.832+00,241,1775,181,1228
2026-10-02 17:01:39.002+00,231,1775,179,1228
2026-10-02 17:02:39.177+00,234,1775,177,1228
2026-10-02 17:03:39.433+00,232,1775,176,1228
2026-10-02 17:04:39.687+00,226,1775,181,1228
2026-10-02 17:05:44.308+00,219,1775,180,1228
2026-10-02 17:06:44.515+00,215,1775,176,1228
2026-10-02 17:07:44.695+00,217,1775,171,1228
2026-10-02 17:08:44.923+00,214,1775,170,1228
2026-10-02 17:09:45.199+00,209,1775,169,1228
2026-10-02 17:10:45.442+00,204,1775,165,1228
2026-10-02 17:11:45.713+00,203,1775,164,1228
2026-10-02 17:12:49.917+00,199,1775,166,1228
2026-10-02 17:13:50.098+00,198,1775,168,1228
2026-10-02 17:14:50.379+00,192,1775,168,1228
2026-10-02 17:15:50.580+00,189,1775,168,1228
2026-10-02 17:16:50.848+00,187,1775,169,1228
2026-10-02 17:17:51.108+00,183,1775,168,1228
2026-10-02 17:18:51.302+00,181,1775,163,1228
2026-10-02 17:19:51.477+00,178,1775,158,1228
2026-10-02 17:20:51.661+00,176,1775,157,1228
2026-10-02 17:21:51.894+00,179,1775,158,1228
2026-10-02 17:22:52.079+00,177,1775,159,1228
2026-10-02 17:23:54.271+00,173,1775,159,1228
2026-10-02 17:24:54.532+00,168,1775,160,1228
2026-10-02 17:25:54.714+00,165,1775,157,1228
2026-10-02 17:26:54.904+00,160,1775,157,1228
2026-10-02 17:27:55.100+00,159,1775,156,1228
2026-10-02 17:28:57.867+00,158,1775,154,1228
2026-10-02 17:29:58.069+00,159,1775,150,1228
2026-10-02 17:30:58.256+00,159,1775,149,1228
2026-10-02 17:31:58.437+00,156,1775,152,1228
2026-10-02 17:32:58.688+00,153,1775,153,1228
2026-10-02 17:33:58.939+00,154,1775,153,1228
2026-10-02 17:34:59.212+00,154,1775,152,1228
2026-10-02 17:36:01.072+00,152,1775,152,1228
2026-10-02 17:37:01.319+00,154,1775,152,1228
2026-10-02 17:38:01.597+00,153,1775,151,1228
2026-10-02 17:39:01.872+00,151,1775,148,1228
2026-10-02 17:40:02.137+00,149,1775,145,1228
2026-10-02 17:41:02.385+00,150,1775,142,1228
2026-10-02 17:42:04.069+00,149,1775,141,1228
2026-10-02 17:43:04.253+00,147,1775,139,1228
2026-10-02 17:44:04.463+00,147,1775,139,1228
2026-10-02 17:45:04.732+00,145,1775,138,1228
2026-10-02 17:46:04.976+00,145,1775,139,1228
2026-10-02 17:47:08.939+00,142,1775,138,1228
2026-10-02 17:48:09.201+00,145,1775,138,1228
2026-10-02 17:49:09.465+00,144,1775,137,1228
2026-10-02 17:50:09.677+00,139,1775,134,1228
2026-10-02 17:51:09.883+00,133,1775,131,1228
2026-10-02 17:52:10.079+00,132,1775,129,1228
2026-10-02 17:53:14.651+00,131,1775,128,1228
2026-10-02 17:54:14.878+00,131,1775,128,1228
2026-10-02 17:55:15.073+00,131,1775,125,1228
2026-10-02 17:56:15.297+00,127,1775,123,1228
2026-10-02 17:57:15.564+00,124,1775,120,1228
2026-10-02 17:58:15.824+00,125,1775,118,1228
2026-10-02 17:59:17.568+00,122,1775,118,1228
2026-10-02 18:00:17.744+00,131,1775,118,1228
2026-10-02 18:01:17.951+00,131,1775,114,1228
2026-10-02 18:02:18.188+00,130,1775,112,1228
2026-10-02 18:03:18.420+00,129,1775,112,1228
2026-10-02 18:04:20.911+00,128,1775,108,1228
2026-10-02 18:05:21.139+00,126,1775,106,1228
2026-10-02 18:06:21.375+00,123,1775,105,1228
2026-10-02 18:07:21.625+00,121,1775,105,1228
2026-10-02 18:08:21.887+00,120,1775,105,1228
2026-10-02 18:09:22.151+00,118,1775,103,1228
2026-10-02 18:10:34.941+00,119,1775,103,1228
2026-10-02 18:11:35.255+00,117,1775,101,1228
2026-10-02 18:12:35.555+00,118,1775,97,1228
2026-10-02 18:13:35.789+00,119,1775,96,1228
2026-10-02 18:14:35.972+00,116,1775,96,1228
2026-10-02 18:15:39.777+00,116,1775,96,1228
2026-10-02 18:16:39.957+00,115,1775,96,1228
2026-10-02 18:17:40.146+00,114,1775,96,1228
2026-10-02 18:18:40.339+00,114,1775,95,1228
2026-10-02 18:19:40.551+00,108,1775,95,1228
2026-10-02 18:20:40.743+00,107,1775,95,1228
2026-10-02 18:21:40.966+00,106,1775,95,1228
2026-10-02 18:22:42.623+00,102,1775,94,1228
2026-10-02 18:23:42.807+00,101,1775,91,1228
2026-10-02 18:24:42.997+00,98,1775,92,1228
2026-10-02 18:25:43.220+00,99,1775,94,1228
2026-10-02 18:26:43.444+00,100,1775,92,1228
2026-10-02 18:27:45.122+00,97,1775,92,1228
2026-10-02 18:28:45.326+00,98,1775,93,1228
2026-10-02 18:29:45.605+00,99,1775,90,1228
2026-10-02 18:30:45.897+00,98,1775,88,1228
2026-10-02 18:31:46.156+00,96,1775,88,1228
2026-10-02 18:32:46.333+00,95,1775,88,1228
2026-10-02 18:33:48.040+00,94,1775,87,1228
2026-10-02 18:34:48.238+00,89,1775,87,1228
2026-10-02 18:35:48.506+00,88,1775,87,1228
2026-10-02 18:36:48.753+00,88,1775,88,1228
2026-10-02 18:37:49.017+00,83,1775,90,1228
2026-10-02 18:38:51.627+00,82,1775,90,1228
2026-10-02 18:39:51.834+00,83,1775,89,1228
2026-10-02 18:40:52.119+00,84,1775,88,1228
2026-10-02 18:41:52.393+00,84,1775,87,1228
2026-10-02 18:42:52.623+00,80,1775,87,1228
2026-10-02 18:43:57.199+00,82,1775,86,1228
2026-10-02 18:44:57.395+00,83,1775,85,1228
2026-10-02 18:45:57.600+00,85,1775,86,1228
2026-10-02 18:46:57.797+00,84,1775,84,1228
2026-10-02 18:47:58.020+00,86,1775,81,1228
2026-10-02 18:48:58.322+00,86,1775,81,1228
2026-10-02 18:49:59.972+00,84,1775,79,1228
2026-10-02 18:51:00.136+00,83,1775,79,1228
2026-10-02 18:52:03.997+00,83,1775,78,1228
2026-10-02 18:53:04.274+00,80,1775,78,1228
2026-10-02 18:54:04.503+00,79,1775,78,1228
2026-10-02 18:55:04.704+00,79,1775,76,1228
2026-10-02 18:56:04.955+00,79,1775,76,1228
2026-10-02 18:57:05.198+00,80,1775,75,1228
2026-10-02 18:58:07.017+00,79,1775,75,1228
2026-10-02 18:59:07.273+00,75,1775,73,1228
2026-10-02 19:00:07.447+00,78,1775,73,1228
2026-10-02 19:01:09.258+00,74,1775,76,1228
2026-10-02 19:02:09.451+00,73,1775,75,1228
2026-10-02 19:03:09.645+00,69,1775,75,1228
2026-10-02 19:04:09.922+00,69,1775,74,1228
2026-10-02 19:05:10.167+00,66,1775,70,1228
2026-10-02 19:06:10.447+00,66,1775,69,1228
2026-10-02 19:07:12.414+00,66,1775,68,1228
2026-10-02 19:08:12.661+00,64,1775,69,1228
2026-10-02 19:09:12.913+00,62,1775,69,1228
2026-10-02 19:10:13.096+00,61,1775,69,1228
2026-10-02 19:11:13.269+00,60,1775,69,1228
2026-10-02 19:12:14.994+00,57,1775,69,1228
2026-10-02 19:13:15.265+00,57,1775,68,1228
2026-10-02 19:14:15.518+00,53,1775,68,1228
2026-10-02 19:15:15.807+00,52,1775,68,1228
2026-10-02 19:16:16.071+00,51,1775,68,1228
2026-10-02 19:17:16.337+00,52,1775,68,1228
2026-10-02 19:18:18.983+00,52,1775,68,1228
2026-10-02 19:19:19.165+00,52,1775,68,1228
2026-10-02 19:20:19.441+00,51,1775,68,1228
2026-10-02 19:21:19.698+00,49,1775,68,1228
2026-10-02 19:22:19.948+00,48,1775,67,1228
2026-10-02 19:23:20.258+00,49,1775,68,1228
2026-10-02 19:24:22.707+00,46,1775,68,1228
2026-10-02 19:25:23.022+00,44,1775,68,1228
2026-10-02 19:26:23.272+00,44,1775,68,1228
2026-10-02 19:27:25.208+00,44,1775,69,1228
2026-10-02 19:28:25.456+00,44,1775,69,1228
2026-10-02 19:29:25.716+00,43,1775,70,1228
2026-10-02 19:30:25.970+00,43,1775,70,1228
2026-10-02 19:31:26.233+00,43,1775,70,1228
2026-10-02 19:32:26.443+00,40,1775,66,1228
2026-10-02 19:33:26.729+00,40,1775,66,1228
2026-10-02 19:34:29.047+00,41,1775,66,1228
2026-10-02 19:35:29.307+00,40,1775,66,1228
2026-10-02 19:36:29.574+00,39,1775,66,1228
2026-10-02 19:37:29.768+00,39,1775,67,1228
2026-10-02 19:38:29.975+00,37,1775,66,1228
2026-10-02 19:39:31.859+00,36,1775,66,1228
2026-10-02 19:40:32.078+00,35,1775,64,1228
2026-10-02 19:41:32.254+00,35,1775,64,1228
2026-10-02 19:42:32.504+00,38,1775,63,1228
2026-10-02 19:43:32.742+00,38,1775,63,1228
2026-10-02 19:44:33.019+00,38,1775,64,1228
2026-10-02 19:45:34.974+00,38,1775,61,1228
2026-10-02 19:46:35.208+00,38,1775,60,1228
2026-10-02 19:47:35.483+00,37,1775,60,1228
2026-10-02 19:48:35.804+00,37,1775,60,1228
2026-10-02 19:49:36.059+00,34,1775,60,1228
2026-10-02 19:50:37.715+00,33,1775,65,1228
2026-10-02 19:51:37.894+00,33,1775,64,1228
2026-10-02 19:52:38.090+00,32,1775,64,1228
2026-10-02 19:53:38.306+00,32,1775,65,1228
2026-10-02 19:54:38.568+00,30,1775,60,1228
2026-10-02 19:55:38.828+00,30,1775,60,1228
2026-10-02 19:56:40.810+00,28,1775,60,1228
2026-10-02 19:57:41.064+00,28,1775,60,1228
2026-10-02 19:58:41.323+00,28,1775,60,1228
2026-10-02 19:59:41.584+00,29,1775,60,1228
2026-10-02 20:00:41.753+00,26,1775,59,1228
2026-10-02 20:01:43.533+00,25,1775,61,1228
2026-10-02 20:02:43.756+00,24,1775,61,1228
2026-10-02 20:03:44.045+00,17,1775,59,1228
2026-10-02 20:04:44.312+00,14,1775,61,1228
2026-10-02 20:05:44.572+00,13,1775,61,1228
2026-10-02 20:06:44.776+00,13,1775,60,1228
2026-10-02 20:07:46.412+00,12,1775,60,1228
2026-10-02 20:08:46.654+00,12,1775,61,1228
2026-10-02 20:09:46.919+00,12,1775,60,1228
2026-10-02 20:10:47.162+00,12,1775,60,1228
2026-10-02 20:11:47.428+00,13,1775,59,1228
2026-10-02 20:12:49.421+00,15,1775,60,1228
2026-10-02 20:13:49.691+00,18,1775,58,1228
2026-10-02 20:14:49.909+00,18,1775,58,1228
2026-10-02 20:15:50.207+00,19,1775,58,1228
2026-10-02 20:16:50.424+00,17,1775,57,1228
2026-10-02 20:17:50.722+00,15,1775,58,1228
2026-10-02 20:18:52.557+00,15,1775,58,1228
2026-10-02 20:19:52.839+00,15,1775,58,1228
2026-10-02 20:20:53.142+00,14,1775,59,1228
2026-10-02 20:21:53.319+00,16,1775,59,1228
2026-10-02 20:22:53.493+00,16,1775,59,1228
2026-10-02 20:23:53.752+00,18,1775,58,1228
2026-10-02 20:24:55.741+00,19,1775,58,1228
2026-10-02 20:25:55.964+00,16,1775,58,1228
2026-10-02 20:26:56.147+00,13,1775,57,1228
2026-10-02 20:27:56.387+00,13,1775,56,1228
2026-10-02 20:28:56.699+00,13,1775,55,1228
2026-10-02 20:29:56.882+00,11,1775,55,1228
2026-10-02 20:30:59.160+00,13,1775,54,1228
2026-10-02 20:31:59.360+00,12,1775,54,1228
2026-10-02 20:32:59.592+00,12,1775,54,1228
2026-10-02 20:33:59.877+00,11,1775,54,1228
2026-10-02 20:35:00.099+00,11,1775,54,1228
2026-10-02 20:36:03.251+00,12,1775,53,1228
2026-10-02 20:37:03.436+00,12,1775,53,1228
2026-10-02 20:38:03.681+00,12,1775,53,1228
2026-10-02 20:39:03.976+00,12,1775,54,1228
2026-10-02 20:40:04.262+00,10,1775,54,1228
2026-10-02 20:41:04.484+00,10,1775,54,1228
2026-10-02 20:42:06.354+00,9,1775,53,1228
2026-10-02 20:43:06.628+00,9,1775,52,1228
2026-10-02 20:44:06.965+00,9,1775,50,1228
2026-10-02 20:45:07.250+00,9,1775,50,1228
2026-10-02 20:46:07.529+00,9,1775,50,1228
2026-10-02 20:47:07.801+00,9,1775,50,1228
2026-10-02 20:48:07.990+00,9,1775,49,1228
2026-10-02 20:49:08.205+00,7,1775,48,1228
2026-10-02 20:50:08.504+00,7,1775,48,1228
2026-10-02 20:51:08.765+00,7,1775,47,1228
2026-10-02 20:52:09.020+00,7,1775,47,1228
2026-10-02 20:53:10.818+00,6,1775,47,1228
2026-10-02 20:54:11.108+00,6,1775,47,1228
2026-10-02 20:55:11.409+00,7,1775,47,1228
2026-10-02 20:56:12.949+00,7,1775,47,1228
2026-10-02 20:57:13.178+00,7,1775,45,1228
2026-10-02 20:58:13.456+00,7,1775,45,1228
2026-10-02 20:59:13.696+00,7,1775,50,1228
2026-10-02 21:00:13.983+00,7,1775,48,1228
2026-10-02 21:01:14.291+00,6,1775,48,1228
2026-10-02 21:02:16.233+00,5,1775,48,1228
2026-10-02 21:03:16.444+00,5,1775,48,1228
2026-10-02 21:04:16.721+00,5,1775,49,1228
2026-10-02 21:05:16.970+00,5,1775,49,1228
2026-10-02 21:06:17.270+00,5,1775,49,1228
2026-10-02 21:07:17.559+00,3,1775,49,1228
2026-10-02 21:08:19.279+00,3,1775,49,1228
2026-10-02 21:09:19.548+00,3,1775,50,1228
2026-10-02 21:10:19.769+00,2,1775,50,1228
2026-10-02 21:11:20.079+00,2,1775,48,1228
2026-10-02 21:12:20.367+00,2,1775,46,1228
2026-10-02 21:13:20.631+00,2,1775,43,1228
2026-10-02 21:14:20.964+00,2,1775,44,1228
2026-10-02 21:15:21.208+00,2,1775,44,1228
2026-10-02 21:16:21.461+00,2,1775,44,1228
2026-10-02 21:17:21.697+00,2,1775,45,1228
2026-10-02 21:18:21.981+00,0,1775,44,1228
2026-10-02 21:19:22.251+00,0,1775,41,1228
2026-10-02 21:20:24.644+00,0,1775,43,1228
2026-10-02 21:21:24.899+00,0,1775,42,1228
2026-10-02 21:22:25.097+00,0,1775,41,1228
2026-10-02 21:23:25.326+00,0,1775,41,1228
2026-10-02 21:24:25.514+00,-1,1775,42,1228
2026-10-02 21:25:25.762+00,-1,1775,43,1228
2026-10-02 21:26:27.856+00,-3,1775,42,1228
2026-10-02 21:27:28.117+00,-3,1775,41,1228
2026-10-02 21:28:28.317+00,-1,1775,41,1228
2026-10-02 21:29:28.538+00,-1,1775,40,1228
2026-10-02 21:30:28.765+00,-1,1775,40,1228
2026-10-02 21:31:31.307+00,-1,1775,40,1228
2026-10-02 21:32:31.550+00,-1,1775,40,1228
2026-10-02 21:33:31.879+00,-1,1775,40,1228
2026-10-02 21:34:32.127+00,-1,1775,37,1228
2026-10-02 21:35:32.394+00,-1,1775,36,1228
2026-10-02 21:36:32.635+00,-1,1775,36,1228
2026-10-02 21:37:34.591+00,-3,1775,36,1228
2026-10-02 21:38:34.854+00,-3,1775,36,1228
2026-10-02 21:39:35.091+00,-4,1775,36,1228
2026-10-02 21:40:35.364+00,-5,1775,36,1228
2026-10-02 21:41:35.616+00,-5,1775,36,1228
2026-10-02 21:42:35.805+00,-5,1775,36,1228
2026-10-02 21:43:37.659+00,-5,1775,36,1228
2026-10-02 21:44:37.892+00,-5,1775,36,1228
2026-10-02 21:45:38.119+00,-5,1775,36,1228
2026-10-02 21:46:38.293+00,-5,1775,36,1228
2026-10-02 21:47:38.589+00,-5,1775,36,1228
2026-10-02 21:48:41.533+00,-5,1775,40,1228
2026-10-02 21:49:41.840+00,-5,1775,40,1228
2026-10-02 21:50:42.105+00,-10,1775,41,1228
2026-10-02 21:51:42.377+00,-10,1775,40,1228
2026-10-02 21:52:42.586+00,-10,1775,38,1228
2026-10-02 21:53:42.819+00,-10,1775,35,1228
2026-10-02 21:54:44.698+00,-10,1775,35,1228
2026-10-02 21:55:44.887+00,-10,1775,36,1228
2026-10-02 21:56:45.054+00,-10,1775,35,1228
2026-10-02 21:57:45.240+00,-10,1775,35,1228
2026-10-02 21:58:45.502+00,-10,1775,34,1228
2026-10-02 21:59:45.729+00,-10,1775,34,1228
2026-10-02 22:00:47.262+00,-10,1775,34,1228
2026-10-02 22:01:47.532+00,-9,1775,27,1228
2026-10-02 22:02:47.732+00,-9,1775,27,1228
2026-10-02 22:03:48.009+00,-9,1775,27,1228
2026-10-02 22:04:48.249+00,-9,1775,27,1228
2026-10-02 22:05:48.482+00,-9,1775,28,1228
2026-10-02 22:06:51.184+00,-9,1775,28,1228
2026-10-02 22:07:51.380+00,-9,1775,28,1228
2026-10-02 22:08:51.598+00,-9,1775,28,1228
2026-10-02 22:09:51.888+00,-9,1775,28,1228
2026-10-02 22:10:52.124+00,-9,1775,28,1228
2026-10-02 22:11:54.343+00,-9,1775,28,1228
2026-10-02 22:12:54.546+00,-9,1775,28,1228
2026-10-02 22:13:54.723+00,-9,1775,29,1228
2026-10-02 22:14:54.946+00,-9,1775,27,1228
2026-10-02 22:15:55.210+00,-9,1775,27,1228
2026-10-02 22:16:55.460+00,-9,1775,27,1228
2026-10-02 22:17:55.729+00,-9,1775,27,1228
2026-10-02 22:18:55.901+00,-9,1775,27,1228
2026-10-02 22:19:56.064+00,-9,1775,27,1228
2026-10-02 22:20:57.913+00,-9,1775,27,1228
2026-10-02 22:21:58.099+00,-9,1775,27,1228
2026-10-02 22:22:58.259+00,-9,1775,27,1228
2026-10-02 22:23:58.450+00,-9,1775,27,1228
2026-10-02 22:24:58.735+00,-9,1775,26,1228
2026-10-02 22:25:59.004+00,-9,1775,26,1228
2026-10-02 22:27:00.951+00,-9,1775,26,1228
2026-10-02 22:28:01.178+00,-9,1775,26,1228
2026-10-02 22:29:01.455+00,-9,1775,26,1228
2026-10-02 22:30:01.717+00,-9,1775,26,1228
2026-10-02 22:31:01.966+00,-9,1775,26,1228
2026-10-02 22:32:02.257+00,-9,1775,26,1228
2026-10-02 22:33:02.550+00,-9,1775,25,1228
2026-10-02 22:34:04.144+00,-9,1775,25,1228
2026-10-02 22:35:04.323+00,-9,1775,25,1228
2026-10-02 22:36:04.571+00,-9,1775,25,1228
2026-10-02 22:37:04.783+00,-9,1775,25,1228
2026-10-02 22:38:05.056+00,-9,1775,24,1228
2026-10-02 22:39:06.632+00,-9,1775,25,1228
2026-10-02 22:40:06.823+00,-9,1775,25,1228
2026-10-02 22:41:07.077+00,-9,1775,25,1228
2026-10-02 22:42:07.308+00,-9,1775,24,1228
2026-10-02 22:43:07.568+00,-9,1775,25,1228
2026-10-02 22:44:07.829+00,-9,1775,25,1228
2026-10-02 22:45:09.543+00,-9,1775,24,1228
2026-10-02 22:46:09.740+00,-9,1775,24,1228
2026-10-02 22:47:12.775+00,-9,1775,23,1228
2026-10-02 22:48:12.965+00,-9,1775,23,1228
2026-10-02 22:49:13.205+00,-9,1775,23,1228
2026-10-02 22:50:14.926+00,-9,1775,25,1228
2026-10-02 22:51:15.261+00,-9,1775,25,1228
2026-10-02 22:52:15.516+00,-9,1775,25,1228
2026-10-02 22:53:15.795+00,-9,1775,24,1228
2026-10-02 22:54:16.065+00,-9,1775,24,1228
2026-10-02 22:55:16.223+00,-9,1775,23,1228
2026-10-02 22:56:18.052+00,-9,1775,25,1228
2026-10-02 22:57:18.225+00,-9,1775,25,1228
2026-10-02 22:58:18.460+00,-9,1775,25,1228
2026-10-02 22:59:18.731+00,-9,1775,24,1228
2026-10-02 23:00:18.978+00,-9,1775,23,1228
2026-10-02 23:01:19.194+00,-9,1775,21,1228
2026-10-02 23:02:20.935+00,-9,1775,20,1228
2026-10-02 23:03:21.158+00,-9,1775,21,1228
2026-10-02 23:04:21.340+00,-9,1775,21,1228
2026-10-02 23:05:21.564+00,-9,1775,21,1228
2026-10-02 23:06:21.837+00,-9,1775,20,1228
2026-10-02 23:07:22.078+00,-9,1775,20,1228
2026-10-02 23:08:23.644+00,-9,1775,21,1228
2026-10-02 23:09:23.832+00,-9,1775,21,1228
2026-10-02 23:10:24.087+00,-9,1775,21,1228
2026-10-02 23:11:24.307+00,-9,1775,21,1228
2026-10-02 23:12:24.581+00,-9,1775,21,1228
2026-10-02 23:13:26.280+00,-9,1775,22,1228
2026-10-02 23:14:26.467+00,-9,1775,22,1228
2026-10-02 23:15:26.648+00,-9,1775,22,1228
2026-10-02 23:16:26.827+00,-9,1775,20,1228
2026-10-02 23:17:27.076+00,-9,1775,21,1228
2026-10-02 23:18:27.303+00,-9,1775,21,1228
2026-10-02 23:19:29.349+00,-9,1775,21,1228
2026-10-02 23:20:29.542+00,-9,1775,21,1228
2026-10-02 23:21:29.836+00,-9,1775,20,1228
2026-10-02 23:22:30.100+00,-9,1775,20,1228
2026-10-02 23:23:30.276+00,-9,1775,20,1228
2026-10-02 23:24:30.481+00,-9,1775,20,1228
2026-10-02 23:25:32.150+00,-9,1775,20,1228
2026-10-02 23:26:32.421+00,-9,1775,20,1228
2026-10-02 23:27:32.678+00,-9,1775,20,1228
2026-10-02 23:28:32.853+00,-9,1775,20,1228
2026-10-02 23:29:33.046+00,-9,1775,19,1228
2026-10-02 23:30:34.856+00,-9,1775,19,1228
2026-10-02 23:31:35.070+00,-9,1775,19,1228
2026-10-02 23:32:35.324+00,-9,1775,19,1228
2026-10-02 23:33:35.572+00,-9,1775,19,1228
2026-10-02 23:34:35.843+00,-9,1775,19,1228
2026-10-02 23:35:36.017+00,-9,1775,20,1228
2026-10-02 23:36:37.951+00,-9,1775,20,1228
2026-10-02 23:37:38.127+00,-9,1775,20,1228
2026-10-02 23:38:38.336+00,-9,1775,21,1228
2026-10-02 23:39:38.514+00,-9,1775,20,1228
2026-10-02 23:40:38.698+00,-9,1775,21,1228
2026-10-02 23:41:38.917+00,-9,1775,20,1228
2026-10-02 23:42:40.498+00,-9,1775,20,1228
2026-10-02 23:43:40.641+00,-9,1775,19,1228
2026-10-02 23:44:40.853+00,-9,1775,20,1228
2026-10-02 23:45:41.081+00,-9,1775,20,1228
2026-10-02 23:46:41.298+00,-9,1775,20,1228
2026-10-02 23:47:42.860+00,-9,1775,19,1228
2026-10-02 23:48:43.078+00,-9,1775,20,1228
2026-10-02 23:49:43.502+00,-9,1775,20,1228
2026-10-02 23:50:43.675+00,-9,1775,19,1228
2026-10-02 23:51:43.901+00,-9,1775,16,1228
2026-10-02 23:52:44.122+00,-9,1775,16,1228
2026-10-02 23:53:44.386+00,-9,1775,17,1228
2026-10-02 23:54:44.646+00,-9,1775,17,1228
2026-10-02 23:55:44.807+00,-9,1775,17,1228
2026-10-02 23:56:46.808+00,-9,1775,16,1228
2026-10-02 23:57:46.992+00,-9,1775,16,1228
2026-10-02 23:58:47.178+00,-9,1775,16,1228
2026-10-02 23:59:47.430+00,-9,1775,16,1228
2026-10-03 00:00:47.608+00,-9,1775,16,1228
2026-10-03 00:01:49.968+00,-9,1775,16,1228
2026-10-03 00:02:50.219+00,-9,1775,16,1228
2026-10-03 00:03:50.446+00,-9,1775,16,1228
2026-10-03 00:04:50.779+00,-9,1775,16,1228
2026-10-03 00:05:51.025+00,-9,1775,16,1228
2026-10-03 00:06:51.312+00,-9,1775,16,1228
2026-10-03 00:07:53.159+00,-9,1775,16,1228
2026-10-03 00:08:53.416+00,-9,1775,16,1228
2026-10-03 00:09:53.606+00,-9,1775,16,1228
2026-10-03 00:10:53.788+00,-9,1775,17,1228
2026-10-03 00:11:54.024+00,-9,1775,17,1228
2026-10-03 00:12:54.276+00,-9,1775,17,1228
2026-10-03 00:13:54.540+00,-9,1775,17,1228
2026-10-03 00:14:54.708+00,-9,1775,17,1228
2026-10-03 00:15:54.932+00,-9,1775,17,1228
2026-10-03 00:16:55.111+00,-9,1775,17,1228
2026-10-03 00:17:55.567+00,-9,1775,17,1228
2026-10-03 00:18:55.979+00,-9,1775,17,1228
2026-10-03 00:19:56.155+00,-9,1775,17,1228
2026-10-03 00:20:57.952+00,-9,1775,17,1228
2026-10-03 00:21:58.201+00,-9,1775,17,1228
2026-10-03 00:22:58.398+00,-9,1775,17,1228
2026-10-03 00:23:58.581+00,-9,1775,17,1228
2026-10-03 00:24:58.794+00,-9,1775,17,1228
2026-10-03 00:26:00.644+00,-9,1775,17,1228
2026-10-03 00:27:00.926+00,-9,1775,17,1228
2026-10-03 00:28:01.164+00,-9,1775,17,1228
2026-10-03 00:29:01.419+00,-9,1775,17,1228
2026-10-03 00:30:01.676+00,-9,1775,17,1228
2026-10-03 00:31:01.861+00,-9,1775,17,1228
2026-10-03 00:32:03.689+00,-9,1775,17,1228
2026-10-03 00:33:03.881+00,-9,1775,17,1228
2026-10-03 00:34:04.057+00,-9,1775,17,1228
2026-10-03 00:35:04.389+00,-9,1775,17,1228
2026-10-03 00:36:04.663+00,-9,1775,17,1228
2026-10-03 00:37:06.555+00,-9,1775,17,1228
2026-10-03 00:38:06.861+00,-9,1775,17,1228
2026-10-03 00:39:07.169+00,-9,1775,17,1228
2026-10-03 00:40:07.432+00,-9,1775,17,1228
2026-10-03 00:41:07.652+00,-9,1775,16,1228
2026-10-03 00:42:07.838+00,-9,1775,17,1228
2026-10-03 00:43:10.796+00,-9,1775,17,1228
2026-10-03 00:44:11.051+00,-9,1775,17,1228
2026-10-03 00:45:11.277+00,-9,1775,16,1228
2026-10-03 00:46:11.534+00,-9,1775,16,1228
2026-10-03 00:47:11.772+00,-9,1775,16,1228
2026-10-03 00:48:12.056+00,-9,1775,16,1228
2026-10-03 00:49:15.108+00,-9,1775,16,1228
2026-10-03 00:50:15.334+00,-9,1775,16,1228
2026-10-03 00:51:15.559+00,-9,1775,16,1228
2026-10-03 00:52:15.834+00,-9,1775,16,1228
2026-10-03 00:53:16.119+00,-9,1775,15,1228
2026-10-03 00:54:20.254+00,-9,1775,15,1228
2026-10-03 00:55:20.479+00,-9,1775,15,1228
2026-10-03 00:56:20.702+00,-9,1775,14,1228
2026-10-03 00:57:20.968+00,-9,1775,14,1228
2026-10-03 00:58:21.231+00,-9,1775,14,1228
2026-10-03 00:59:21.425+00,-9,1775,14,1228
2026-10-03 01:00:23.454+00,-9,1775,14,1228
2026-10-03 01:01:23.707+00,-9,1775,14,1228
2026-10-03 01:02:23.945+00,-9,1775,14,1228
2026-10-03 01:03:24.122+00,-9,1775,14,1228
2026-10-03 01:04:24.311+00,-9,1775,14,1228
2026-10-03 01:05:24.488+00,-9,1775,14,1228
2026-10-03 01:06:26.182+00,-9,1775,14,1228
2026-10-03 01:07:26.354+00,-9,1775,14,1228
2026-10-03 01:08:26.550+00,-9,1775,14,1228
2026-10-03 01:09:26.728+00,-9,1775,14,1228
2026-10-03 01:10:26.905+00,-9,1775,14,1228
2026-10-03 01:11:28.698+00,-9,1775,14,1228
2026-10-03 01:12:28.882+00,-9,1775,14,1228
2026-10-03 01:13:29.090+00,-9,1775,14,1228
2026-10-03 01:14:29.315+00,-9,1775,14,1228
2026-10-03 01:15:29.598+00,-9,1775,14,1228
2026-10-03 01:16:29.872+00,-9,1775,14,1228
2026-10-03 01:17:31.747+00,-9,1775,14,1228
2026-10-03 01:18:32.003+00,-9,1775,14,1228
2026-10-03 01:19:32.206+00,-9,1775,14,1228
2026-10-03 01:20:32.387+00,-9,1775,14,1228
2026-10-03 01:21:32.580+00,-9,1775,14,1228
2026-10-03 01:22:34.227+00,-9,1775,14,1228
2026-10-03 01:23:34.419+00,-9,1775,14,1228
2026-10-03 01:24:34.603+00,-9,1775,14,1228
2026-10-03 01:25:34.787+00,-9,1775,14,1228
2026-10-03 01:26:35.051+00,-9,1775,14,1228
2026-10-03 01:27:35.260+00,-9,1775,14,1228
2026-10-03 01:28:35.542+00,-9,1775,14,1228
2026-10-03 01:29:37.173+00,-9,1775,14,1228
2026-10-03 01:30:37.355+00,-9,1775,14,1228
2026-10-03 01:31:37.577+00,-9,1775,13,1228
2026-10-03 01:32:37.799+00,-9,1775,13,1228
2026-10-03 01:33:38.031+00,-9,1775,13,1228
2026-10-03 01:34:38.208+00,-9,1775,13,1228
2026-10-03 01:35:40.066+00,-9,1775,13,1228
2026-10-03 01:36:40.253+00,-9,1775,13,1228
2026-10-03 01:37:40.433+00,-9,1775,13,1228
2026-10-03 01:38:40.683+00,-9,1775,13,1228
2026-10-03 01:39:40.906+00,-9,1775,12,1228
2026-10-03 01:40:41.198+00,-9,1775,11,1228
2026-10-03 01:41:42.870+00,-9,1775,11,1228
2026-10-03 01:42:43.069+00,-9,1775,11,1228
2026-10-03 01:43:43.273+00,-9,1775,11,1228
2026-10-03 01:44:43.471+00,-9,1775,11,1228
2026-10-03 01:45:43.644+00,-9,1775,11,1228
2026-10-03 01:46:43.850+00,-9,1775,11,1228
2026-10-03 01:47:44.065+00,-9,1775,11,1228
2026-10-03 01:48:44.254+00,-9,1775,11,1228
2026-10-03 01:49:44.434+00,-9,1775,11,1228
2026-10-03 01:50:44.711+00,-9,1775,11,1228
2026-10-03 01:51:44.959+00,-9,1775,11,1228
2026-10-03 01:52:45.235+00,-9,1775,12,1228
2026-10-03 01:53:45.524+00,-9,1775,12,1228
2026-10-03 01:54:45.824+00,-9,1775,12,1228
2026-10-03 01:55:46.133+00,-9,1775,12,1228
2026-10-03 01:56:46.441+00,-9,1775,12,1228
2026-10-03 01:57:46.695+00,-9,1775,12,1228
2026-10-03 01:58:48.410+00,-9,1775,12,1228
2026-10-03 01:59:48.646+00,-9,1775,12,1228
2026-10-03 02:00:48.834+00,-9,1775,12,1228
2026-10-03 02:01:49.036+00,-9,1775,12,1228
2026-10-03 02:02:49.310+00,-9,1775,12,1228
2026-10-03 02:03:51.116+00,-9,1775,12,1228
2026-10-03 02:04:51.381+00,-9,1775,12,1228
2026-10-03 02:05:51.642+00,-9,1775,12,1228
2026-10-03 02:06:51.831+00,-9,1775,12,1228
2026-10-03 02:07:52.096+00,-9,1775,12,1228
2026-10-03 02:08:52.296+00,-9,1775,10,1228
2026-10-03 02:09:53.965+00,-9,1775,10,1228
2026-10-03 02:10:54.175+00,-9,1775,10,1228
2026-10-03 02:11:54.391+00,-9,1775,10,1228
2026-10-03 02:12:54.773+00,-9,1775,10,1228
2026-10-03 02:13:55.105+00,-9,1775,10,1228
2026-10-03 02:14:55.392+00,-9,1775,10,1228
2026-10-03 02:15:57.295+00,-9,1775,10,1228
2026-10-03 02:16:57.589+00,-9,1775,10,1228
2026-10-03 02:17:57.819+00,-9,1775,11,1228
2026-10-03 02:18:59.489+00,-9,1775,11,1228
2026-10-03 02:19:59.719+00,-9,1775,10,1228
2026-10-03 02:20:59.957+00,-9,1775,10,1228
2026-10-03 02:22:00.145+00,-9,1775,10,1228
2026-10-03 02:23:00.395+00,-9,1775,10,1228
2026-10-03 02:24:02.162+00,-9,1775,10,1228
2026-10-03 02:25:02.345+00,-9,1775,10,1228
2026-10-03 02:26:02.573+00,-9,1775,10,1228
2026-10-03 02:27:02.755+00,-9,1775,10,1228
2026-10-03 02:28:02.937+00,-9,1775,10,1228
2026-10-03 02:29:03.174+00,-9,1775,8,1228
2026-10-03 02:30:03.444+00,-9,1775,8,1228
2026-10-03 02:31:05.068+00,-9,1775,8,1228
2026-10-03 02:32:05.260+00,-9,1775,8,1228
2026-10-03 02:33:05.488+00,-9,1775,8,1228
2026-10-03 02:34:05.755+00,-9,1775,8,1228
2026-10-03 02:35:05.996+00,-9,1775,8,1228
2026-10-03 02:36:07.839+00,-9,1775,8,1228
2026-10-03 02:37:08.082+00,-9,1775,8,1228
2026-10-03 02:38:08.274+00,-9,1775,8,1228
2026-10-03 02:39:08.454+00,-9,1775,8,1228
2026-10-03 02:40:08.633+00,-9,1775,8,1228
2026-10-03 02:41:08.890+00,-9,1775,8,1228
2026-10-03 02:42:11.206+00,-9,1775,8,1228
2026-10-03 02:43:11.492+00,-9,1775,8,1228
2026-10-03 02:44:11.755+00,-9,1775,8,1228
2026-10-03 02:45:12.018+00,-9,1775,8,1228
2026-10-03 02:46:12.178+00,-9,1775,8,1228
2026-10-03 02:47:14.078+00,-9,1775,8,1228
2026-10-03 02:48:14.257+00,-9,1775,8,1228
2026-10-03 02:49:14.444+00,-9,1775,8,1228
2026-10-03 02:50:14.676+00,-9,1775,8,1228
2026-10-03 02:51:14.860+00,-9,1775,8,1228
2026-10-03 02:52:15.029+00,-9,1775,8,1228
2026-10-03 02:53:16.791+00,-9,1775,8,1228
2026-10-03 02:54:17.011+00,-9,1775,8,1228
2026-10-03 02:55:17.274+00,-9,1775,8,1228
2026-10-03 02:56:17.534+00,-9,1775,8,1228
2026-10-03 02:57:17.709+00,-9,1775,8,1228
2026-10-03 02:58:19.644+00,-9,1775,8,1228
2026-10-03 02:59:19.931+00,-9,1775,8,1228
2026-10-03 03:00:20.168+00,-9,1775,8,1228
2026-10-03 03:01:20.464+00,-9,1775,8,1228
2026-10-03 03:02:20.722+00,-9,1775,8,1228
2026-10-03 03:03:20.980+00,-9,1775,8,1228
2026-10-03 03:04:22.548+00,-9,1775,8,1228
2026-10-03 03:05:22.758+00,-9,1775,8,1228
2026-10-03 03:06:23.027+00,-9,1775,8,1228
2026-10-03 03:07:23.269+00,-9,1775,8,1228
2026-10-03 03:08:23.524+00,-9,1775,8,1228
2026-10-03 03:09:25.428+00,-9,1775,8,1228
2026-10-03 03:10:25.692+00,-9,1775,8,1228
2026-10-03 03:11:25.956+00,-9,1775,8,1228
2026-10-03 03:12:26.255+00,-9,1775,8,1228
2026-10-03 03:13:26.545+00,-9,1775,8,1228
2026-10-03 03:14:26.740+00,-9,1775,8,1228
2026-10-03 03:15:26.928+00,-9,1775,8,1228
2026-10-03 03:16:27.109+00,-9,1775,8,1228
2026-10-03 03:17:28.839+00,-9,1775,8,1228
2026-10-03 03:18:29.110+00,-9,1775,8,1228
2026-10-03 03:19:29.359+00,-9,1775,8,1228
2026-10-03 03:20:29.538+00,-9,1775,8,1228
2026-10-03 03:21:29.728+00,-9,1775,8,1228
2026-10-03 03:22:31.573+00,-9,1775,8,1228
2026-10-03 03:23:31.763+00,-9,1775,8,1228
2026-10-03 03:24:32.026+00,-9,1775,8,1228
2026-10-03 03:25:32.287+00,-9,1775,8,1228
2026-10-03 03:26:32.449+00,-9,1775,8,1228
2026-10-03 03:27:32.723+00,-9,1775,8,1228
2026-10-03 03:28:32.971+00,-9,1775,8,1228
2026-10-03 03:29:33.163+00,-9,1775,8,1228
2026-10-03 03:30:33.351+00,-9,1775,8,1228
2026-10-03 03:31:33.531+00,-9,1775,8,1228
2026-10-03 03:32:33.760+00,-9,1775,8,1228
2026-10-03 03:33:34.061+00,-9,1775,8,1228
2026-10-03 03:34:36.360+00,-9,1775,8,1228
2026-10-03 03:35:36.597+00,-9,1775,8,1228
2026-10-03 03:36:36.796+00,-9,1775,9,1228
2026-10-03 03:37:36.984+00,-9,1775,10,1228
2026-10-03 03:38:37.161+00,-9,1775,10,1228
2026-10-03 03:39:37.383+00,-9,1775,8,1228
2026-10-03 03:40:39.017+00,-9,1775,8,1228
2026-10-03 03:41:39.196+00,-9,1775,8,1228
2026-10-03 03:42:39.391+00,-9,1775,8,1228
2026-10-03 03:43:39.609+00,-9,1775,8,1228
2026-10-03 03:44:39.833+00,-9,1775,8,1228
2026-10-03 03:45:51.329+00,-9,1775,8,1228
2026-10-03 03:46:53.502+00,-9,1775,8,1228
2026-10-03 03:47:53.789+00,-9,1775,8,1228
2026-10-03 03:48:54.041+00,-9,1775,8,1228
2026-10-03 03:49:55.613+00,-9,1775,8,1228
2026-10-03 03:50:55.895+00,-9,1775,8,1228
2026-10-03 03:51:56.166+00,-9,1775,8,1228
2026-10-03 03:52:56.405+00,-9,1775,8,1228
2026-10-03 03:53:56.591+00,-9,1775,8,1228
2026-10-03 03:54:56.793+00,-9,1775,8,1228
2026-10-03 03:55:57.025+00,-9,1775,8,1228
2026-10-03 03:56:58.608+00,-9,1775,8,1228
2026-10-03 03:57:58.785+00,-9,1775,8,1228
2026-10-03 03:58:58.975+00,-9,1775,8,1228
2026-10-03 03:59:59.235+00,-9,1775,8,1228
2026-10-03 04:00:59.475+00,-9,1775,8,1228
2026-10-03 04:01:59.711+00,-9,1775,8,1228
2026-10-03 04:03:01.257+00,-9,1775,8,1228
2026-10-03 04:04:01.488+00,-9,1775,8,1228
2026-10-03 04:05:01.704+00,-9,1775,8,1228
2026-10-03 04:06:01.966+00,-9,1775,8,1228
2026-10-03 04:07:02.134+00,-9,1775,8,1228
2026-10-03 04:08:03.762+00,-9,1775,8,1228
2026-10-03 04:09:03.998+00,-9,1775,8,1228
2026-10-03 04:10:04.226+00,-9,1775,8,1228
2026-10-03 04:11:04.486+00,-9,1775,8,1228
2026-10-03 04:12:04.748+00,-9,1775,8,1228
2026-10-03 04:13:04.928+00,-9,1775,8,1228
2026-10-03 04:14:06.641+00,-9,1775,8,1228
2026-10-03 04:15:06.835+00,-9,1775,8,1228
2026-10-03 04:16:07.095+00,-9,1775,8,1228
2026-10-03 04:17:07.332+00,-9,1775,8,1228
2026-10-03 04:18:07.579+00,-9,1775,8,1228
2026-10-03 04:19:07.838+00,-9,1775,8,1228
2026-10-03 04:20:09.479+00,-9,1775,8,1228
2026-10-03 04:21:09.652+00,-9,1775,8,1228
2026-10-03 04:22:09.914+00,-9,1775,8,1228
2026-10-03 04:23:10.171+00,-9,1775,8,1228
2026-10-03 04:24:10.417+00,-9,1775,8,1228
2026-10-03 04:25:11.943+00,-9,1775,8,1228
2026-10-03 04:26:12.127+00,-9,1775,8,1228
2026-10-03 04:27:12.348+00,-9,1775,8,1228
2026-10-03 04:28:12.621+00,-9,1775,8,1228
2026-10-03 04:29:12.872+00,-9,1775,8,1228
2026-10-03 04:30:13.051+00,-9,1775,8,1228
2026-10-03 04:31:14.955+00,-9,1775,8,1228
2026-10-03 04:32:15.214+00,-9,1775,8,1228
2026-10-03 04:33:15.470+00,-9,1775,8,1228
2026-10-03 04:34:15.759+00,-9,1775,8,1228
2026-10-03 04:35:16.006+00,-9,1775,8,1228
2026-10-03 04:36:17.902+00,-9,1775,8,1228
2026-10-03 04:37:18.178+00,-9,1775,8,1228
2026-10-03 04:38:18.428+00,-9,1775,8,1228
2026-10-03 04:39:18.608+00,-9,1775,8,1228
2026-10-03 04:40:18.789+00,-9,1775,8,1228
2026-10-03 04:41:18.974+00,-9,1775,8,1228
2026-10-03 04:42:20.842+00,-9,1775,8,1228
2026-10-03 04:43:21.128+00,-9,1775,8,1228
2026-10-03 04:44:21.377+00,-9,1775,8,1228
2026-10-03 04:45:21.624+00,-9,1775,8,1228
2026-10-03 04:46:21.855+00,-9,1775,8,1228
2026-10-03 04:47:22.036+00,-9,1775,8,1228
2026-10-03 04:48:22.249+00,-9,1775,8,1228
2026-10-03 04:49:22.455+00,-9,1775,8,1228
2026-10-03 04:50:22.675+00,-9,1775,8,1228
2026-10-03 04:51:22.937+00,-9,1775,8,1228
2026-10-03 04:52:24.869+00,-9,1775,8,1228
2026-10-03 04:53:25.111+00,-9,1775,8,1228
2026-10-03 04:54:25.324+00,-9,1775,8,1228
2026-10-03 04:55:25.606+00,-9,1775,8,1228
2026-10-03 04:56:25.891+00,-9,1775,8,1228
2026-10-03 04:57:26.188+00,-9,1775,8,1228
2026-10-03 04:58:26.439+00,-9,1775,8,1228
2026-10-03 04:59:26.631+00,-9,1775,8,1228
2026-10-03 05:00:26.814+00,-9,1775,8,1228
2026-10-03 05:01:26.996+00,-9,1775,8,1228
2026-10-03 05:02:27.244+00,-9,1775,8,1228
2026-10-03 05:03:27.451+00,-9,1775,8,1228
2026-10-03 05:04:27.727+00,-9,1775,8,1228
2026-10-03 05:05:27.973+00,-9,1775,8,1228
2026-10-03 05:06:28.179+00,-9,1775,8,1228
2026-10-03 05:07:28.378+00,-9,1775,8,1228
2026-10-03 05:08:28.575+00,-9,1775,8,1228
2026-10-03 05:09:30.025+00,-9,1775,8,1228
2026-10-03 05:10:30.192+00,-9,1775,8,1228
2026-10-03 05:11:30.467+00,-9,1775,8,1228
2026-10-03 05:12:30.727+00,-9,1775,8,1228
2026-10-03 05:13:30.910+00,-9,1775,8,1228
2026-10-03 05:14:31.091+00,-9,1775,9,1228
2026-10-03 05:15:31.273+00,-9,1775,9,1228
2026-10-03 05:16:31.504+00,-9,1775,9,1228
2026-10-03 05:17:31.681+00,-9,1775,9,1228
2026-10-03 05:18:31.940+00,-9,1775,9,1228
2026-10-03 05:19:32.180+00,-9,1775,9,1228
2026-10-03 05:20:32.449+00,-9,1775,9,1228
2026-10-03 05:21:32.749+00,-9,1775,9,1228
2026-10-03 05:22:33.039+00,-9,1775,9,1228
2026-10-03 05:23:33.320+00,-9,1775,9,1228
2026-10-03 05:24:33.590+00,-9,1775,9,1228
2026-10-03 05:25:33.779+00,-9,1775,9,1228
2026-10-03 05:26:33.955+00,-9,1775,9,1228
2026-10-03 05:27:34.151+00,-9,1775,9,1228
2026-10-03 05:28:34.382+00,-9,1775,9,1228
2026-10-03 05:29:34.611+00,-9,1775,9,1228
2026-10-03 05:30:34.899+00,-9,1775,9,1228
2026-10-03 05:31:35.085+00,-9,1775,9,1228
2026-10-03 05:32:35.266+00,-9,1775,9,1228
2026-10-03 05:33:35.505+00,-9,1775,9,1228
2026-10-03 05:34:35.752+00,-9,1775,9,1228
2026-10-03 05:35:36.026+00,-9,1775,9,1228
2026-10-03 05:36:36.281+00,-9,1775,9,1228
2026-10-03 05:37:36.464+00,-9,1775,9,1228
2026-10-03 05:38:36.661+00,-9,1775,9,1228
2026-10-03 05:39:36.854+00,-9,1775,9,1228
2026-10-03 05:40:37.073+00,-9,1775,9,1228
2026-10-03 05:41:37.296+00,-9,1775,9,1228
2026-10-03 05:42:37.555+00,-9,1775,9,1228
2026-10-03 05:43:37.978+00,-9,1775,9,1228
2026-10-03 05:44:38.259+00,-9,1775,9,1228
2026-10-03 05:45:38.478+00,-9,1775,9,1228
2026-10-03 05:46:38.740+00,-9,1775,9,1228
2026-10-03 05:47:39.042+00,-9,1775,9,1228
2026-10-03 05:48:39.290+00,-9,1775,9,1228
2026-10-03 05:49:39.471+00,-9,1775,9,1228
2026-10-03 05:50:39.674+00,-9,1775,9,1228
2026-10-03 05:51:39.863+00,-9,1775,9,1228
2026-10-03 05:52:40.171+00,-9,1775,9,1228
2026-10-03 05:53:40.377+00,-9,1775,9,1228
2026-10-03 05:54:40.605+00,-9,1775,9,1228
2026-10-03 05:55:40.869+00,-7,1775,8,1228
2026-10-03 05:56:41.116+00,-7,1775,8,1228
2026-10-03 05:57:41.265+00,-7,1775,8,1228
2026-10-03 05:58:41.449+00,-7,1775,8,1228
2026-10-03 05:59:41.624+00,-7,1775,8,1228
2026-10-03 06:00:41.868+00,1,1775,8,1228
2026-10-03 06:01:42.105+00,1,1775,8,1228
2026-10-03 06:02:42.364+00,1,1775,8,1228
2026-10-03 06:03:42.621+00,1,1775,8,1228
2026-10-03 06:04:42.808+00,1,1775,8,1228
2026-10-03 06:05:42.991+00,1,1775,0,1228
2026-10-03 06:06:43.158+00,1,1775,0,1228
2026-10-03 06:07:43.335+00,1,1775,0,1228
2026-10-03 06:08:43.539+00,1,1775,0,1228
2026-10-03 06:09:43.723+00,1,1775,0,1228
2026-10-03 06:10:43.933+00,1,1775,0,1228
2026-10-03 06:11:44.202+00,1,1775,0,1228
2026-10-03 06:12:44.437+00,1,1775,0,1228
2026-10-03 06:13:44.711+00,1,1775,0,1228
2026-10-03 06:14:44.974+00,1,1775,0,1228
2026-10-03 06:15:45.154+00,1,1775,0,1228
2026-10-03 06:16:45.329+00,1,1775,0,1228
2026-10-03 06:17:45.505+00,1,1775,0,1228
2026-10-03 06:18:45.748+00,1,1775,0,1228
2026-10-03 06:19:45.965+00,1,1775,0,1228
2026-10-03 06:20:46.234+00,1,1775,0,1228
2026-10-03 06:21:46.497+00,2,1775,0,1228
2026-10-03 06:22:46.696+00,2,1775,0,1228
2026-10-03 06:23:46.876+00,2,1775,0,1228
2026-10-03 06:24:47.085+00,2,1775,0,1228
2026-10-03 06:25:47.294+00,2,1775,0,1228
2026-10-03 06:26:47.569+00,2,1775,0,1228
2026-10-03 06:27:47.812+00,2,1775,1,1228
2026-10-03 06:28:48.077+00,2,1775,1,1228
2026-10-03 06:29:48.337+00,2,1775,1,1228
2026-10-03 06:30:48.520+00,2,1775,0,1228
2026-10-03 06:31:48.704+00,2,1775,-1,1228
2026-10-03 06:32:48.876+00,2,1775,-1,1228
2026-10-03 06:33:49.143+00,2,1775,-1,1228
2026-10-03 06:34:49.410+00,3,1775,-1,1228
2026-10-03 06:35:49.595+00,3,1775,-1,1228
2026-10-03 06:36:49.778+00,3,1775,-1,1228
2026-10-03 06:37:49.963+00,3,1775,-1,1228
2026-10-03 06:38:50.186+00,3,1775,-1,1228
2026-10-03 06:39:50.483+00,3,1775,-1,1228
2026-10-03 06:40:50.745+00,3,1775,-1,1228
2026-10-03 06:41:51.031+00,3,1775,-1,1228
2026-10-03 06:42:51.298+00,4,1775,-1,1228
2026-10-03 06:43:51.476+00,4,1775,-1,1228
2026-10-03 06:44:51.659+00,4,1775,-1,1228
2026-10-03 06:45:51.857+00,4,1775,-1,1228
2026-10-03 06:46:52.103+00,4,1775,-1,1228
2026-10-03 06:47:52.361+00,4,1775,-1,1228
2026-10-03 06:48:52.606+00,4,1775,0,1228
2026-10-03 06:49:52.874+00,4,1775,0,1228
2026-10-03 06:50:53.129+00,4,1775,0,1228
2026-10-03 06:51:53.340+00,4,1775,0,1228
2026-10-03 06:52:53.520+00,4,1775,0,1228
2026-10-03 06:53:53.703+00,4,1775,0,1228
2026-10-03 06:54:53.934+00,4,1775,0,1228
2026-10-03 06:55:54.155+00,4,1775,0,1228
2026-10-03 06:56:54.426+00,4,1775,0,1228
2026-10-03 06:57:54.677+00,4,1775,0,1228
2026-10-03 06:58:54.867+00,4,1775,0,1228
2026-10-03 06:59:55.047+00,4,1775,0,1228
2026-10-03 07:00:55.233+00,4,1775,0,1228
2026-10-03 07:01:55.477+00,4,1775,0,1228
2026-10-03 07:02:55.738+00,4,1775,0,1228
2026-10-03 07:03:55.987+00,4,1775,0,1228
2026-10-03 07:04:56.253+00,4,1775,0,1228
2026-10-03 07:05:56.437+00,4,1775,0,1228
2026-10-03 07:06:56.631+00,4,1775,0,1228
2026-10-03 07:07:56.874+00,4,1775,0,1228
2026-10-03 07:08:57.140+00,4,1775,0,1228
2026-10-03 07:09:57.399+00,4,1775,0,1228
2026-10-03 07:10:57.654+00,4,1775,0,1228
2026-10-03 07:11:57.912+00,4,1775,0,1228
2026-10-03 07:12:58.096+00,4,1775,0,1228
2026-10-03 07:13:58.275+00,4,1775,0,1228
2026-10-03 07:14:58.453+00,4,1775,0,1228
2026-10-03 07:15:58.706+00,4,1775,0,1228
2026-10-03 07:16:58.979+00,4,1775,0,1228
2026-10-03 07:17:59.220+00,4,1775,0,1228
2026-10-03 07:18:59.488+00,4,1775,0,1228
2026-10-03 07:19:59.747+00,4,1775,0,1228
2026-10-03 07:21:00.047+00,4,1775,0,1228
2026-10-03 07:22:00.227+00,4,1775,0,1228
2026-10-03 07:23:00.427+00,4,1775,0,1228
2026-10-03 07:24:00.614+00,4,1775,0,1228
2026-10-03 07:25:02.387+00,4,1775,0,1228
2026-10-03 07:26:02.629+00,5,1775,0,1228
2026-10-03 07:27:02.902+00,5,1775,0,1228
2026-10-03 07:28:03.060+00,5,1775,0,1228
2026-10-03 07:29:03.252+00,5,1775,0,1228
2026-10-03 07:30:03.444+00,5,1775,0,1228
2026-10-03 07:31:03.664+00,5,1775,0,1228
2026-10-03 07:32:03.933+00,5,1775,0,1228
2026-10-03 07:33:04.178+00,5,1775,0,1228
2026-10-03 07:34:04.453+00,5,1775,0,1228
2026-10-03 07:35:04.743+00,5,1775,0,1228
2026-10-03 07:36:05.002+00,5,1775,0,1228
2026-10-03 07:37:05.175+00,5,1775,0,1228
2026-10-03 07:38:05.356+00,5,1775,0,1228
2026-10-03 07:39:05.555+00,5,1775,0,1228
2026-10-03 07:40:05.807+00,5,1775,0,1228
2026-10-03 07:41:06.141+00,6,1775,0,1228
2026-10-03 07:42:06.396+00,6,1775,0,1228
2026-10-03 07:43:06.573+00,6,1775,0,1228
2026-10-03 07:44:08.546+00,6,1775,-1,1228
2026-10-03 07:45:08.803+00,6,1775,-1,1228
2026-10-03 07:46:09.093+00,6,1775,-1,1228
2026-10-03 07:47:09.315+00,6,1775,-1,1228
2026-10-03 07:48:09.566+00,6,1775,-1,1228
2026-10-03 07:49:12.298+00,6,1775,-1,1228
2026-10-03 07:50:12.472+00,6,1775,-1,1228
2026-10-03 07:51:14.413+00,6,1775,-2,1228
2026-10-03 07:52:14.592+00,6,1775,-2,1228
2026-10-03 07:53:14.813+00,6,1775,-2,1228
2026-10-03 07:54:15.052+00,8,1775,-2,1228
2026-10-03 07:55:15.536+00,8,1775,-2,1228
2026-10-03 07:56:15.769+00,8,1775,-2,1228
2026-10-03 07:57:15.995+00,8,1775,-2,1228
2026-10-03 07:58:16.489+00,8,1775,-1,1228
2026-10-03 07:59:19.058+00,8,1775,-1,1228
2026-10-03 08:00:19.323+00,9,1775,-1,1228
2026-10-03 08:01:19.623+00,11,1775,-1,1228
2026-10-03 08:02:19.914+00,11,1775,-3,1228
2026-10-03 08:03:20.218+00,11,1775,-2,1228
2026-10-03 08:04:20.440+00,11,1775,-2,1228
2026-10-03 08:05:21.971+00,11,1775,-2,1228
2026-10-03 08:06:22.152+00,10,1775,-2,1228
2026-10-03 08:07:22.374+00,12,1775,-2,1228
2026-10-03 08:08:22.630+00,12,1775,-2,1228
2026-10-03 08:09:22.801+00,12,1775,-2,1228
2026-10-03 08:10:24.539+00,12,1775,-2,1228
2026-10-03 08:11:24.720+00,12,1775,-2,1228
2026-10-03 08:12:24.963+00,12,1775,-2,1228
2026-10-03 08:13:25.238+00,12,1775,-2,1228
2026-10-03 08:14:25.479+00,12,1775,-2,1228
2026-10-03 08:15:25.714+00,12,1775,-2,1228
2026-10-03 08:16:27.427+00,12,1775,-2,1228
2026-10-03 08:17:27.639+00,12,1775,-2,1228
2026-10-03 08:18:27.832+00,12,1775,-2,1228
2026-10-03 08:19:28.095+00,12,1775,-2,1228
2026-10-03 08:20:28.347+00,12,1775,-2,1228
2026-10-03 08:21:29.970+00,12,1775,-2,1228
2026-10-03 08:22:30.160+00,12,1775,-2,1228
2026-10-03 08:23:30.344+00,12,1775,-2,1228
2026-10-03 08:24:30.607+00,12,1775,-2,1228
2026-10-03 08:25:30.830+00,12,1775,-2,1228
2026-10-03 08:26:33.156+00,12,1775,0,1228
2026-10-03 08:27:33.330+00,12,1775,0,1228
2026-10-03 08:28:33.514+00,12,1775,0,1228
2026-10-03 08:29:33.731+00,12,1775,0,1228
2026-10-03 08:30:33.994+00,12,1775,0,1228
2026-10-03 08:31:34.166+00,12,1775,0,1228
2026-10-03 08:32:35.994+00,12,1775,0,1228
2026-10-03 08:33:36.144+00,12,1775,-1,1228
2026-10-03 08:34:36.327+00,12,1775,0,1228
2026-10-03 08:35:36.608+00,12,1775,0,1228
2026-10-03 08:36:36.839+00,12,1775,0,1228
2026-10-03 08:37:38.356+00,12,1775,0,1228
2026-10-03 08:38:38.547+00,12,1775,0,1228
2026-10-03 08:39:38.830+00,12,1775,2,1228
2026-10-03 08:40:39.078+00,12,1775,3,1228
2026-10-03 08:41:39.328+00,12,1775,3,1228
2026-10-03 08:42:40.934+00,12,1775,3,1228
2026-10-03 08:43:41.111+00,12,1775,3,1228
2026-10-03 08:44:41.329+00,12,1775,3,1228
2026-10-03 08:45:41.560+00,12,1775,3,1228
2026-10-03 08:46:41.813+00,12,1775,4,1228
2026-10-03 08:47:42.074+00,12,1775,4,1228
2026-10-03 08:48:44.005+00,12,1775,4,1228
2026-10-03 08:49:44.266+00,12,1775,4,1228
2026-10-03 08:50:44.527+00,12,1775,4,1228
2026-10-03 08:51:44.713+00,12,1775,4,1228
2026-10-03 08:52:44.900+00,12,1775,4,1228
2026-10-03 08:53:45.093+00,14,1775,4,1228
2026-10-03 08:54:46.975+00,14,1775,5,1228
2026-10-03 08:55:47.200+00,14,1775,5,1228
2026-10-03 08:56:47.371+00,14,1775,5,1228
2026-10-03 08:57:47.632+00,14,1775,5,1228
2026-10-03 08:58:47.868+00,14,1775,6,1228
2026-10-03 08:59:48.143+00,14,1775,6,1228
2026-10-03 09:00:48.313+00,14,1775,6,1228
2026-10-03 09:01:48.526+00,14,1775,6,1228
2026-10-03 09:02:48.791+00,14,1775,6,1228
2026-10-03 09:03:49.018+00,14,1775,6,1228
2026-10-03 09:04:49.283+00,15,1775,6,1228
2026-10-03 09:05:51.175+00,16,1775,6,1228
2026-10-03 09:06:51.442+00,16,1775,7,1228
2026-10-03 09:07:51.745+00,16,1775,7,1228
2026-10-03 09:08:52.022+00,16,1775,7,1228
2026-10-03 09:09:52.281+00,16,1775,8,1228
2026-10-03 09:10:52.461+00,16,1775,8,1228
2026-10-03 09:11:54.093+00,16,1775,8,1228
2026-10-03 09:12:54.379+00,16,1775,8,1228
2026-10-03 09:13:54.659+00,16,1775,8,1228
2026-10-03 09:14:54.928+00,16,1775,8,1228
2026-10-03 09:15:55.162+00,15,1775,8,1228
2026-10-03 09:16:55.439+00,15,1775,8,1228
2026-10-03 09:17:58.161+00,15,1775,9,1228
2026-10-03 09:18:58.380+00,15,1775,9,1228
2026-10-03 09:19:58.591+00,16,1775,9,1228
2026-10-03 09:20:58.827+00,16,1775,9,1228
2026-10-03 09:21:59.116+00,16,1775,9,1228
2026-10-03 09:23:00.988+00,17,1775,9,1228
2026-10-03 09:24:01.260+00,17,1775,9,1228
2026-10-03 09:25:02.651+00,17,1775,9,1228
2026-10-03 09:26:02.903+00,17,1775,9,1228
2026-10-03 09:27:03.160+00,17,1775,11,1228
2026-10-03 09:28:03.425+00,18,1775,11,1228
2026-10-03 09:29:04.999+00,18,1775,11,1228
2026-10-03 09:30:05.194+00,18,1775,11,1228
2026-10-03 09:31:05.498+00,18,1775,11,1228
2026-10-03 09:32:05.787+00,17,1775,11,1228
2026-10-03 09:33:06.058+00,18,1775,12,1228
2026-10-03 09:34:06.303+00,18,1775,13,1228
2026-10-03 09:35:08.102+00,18,1775,13,1228
2026-10-03 09:36:08.267+00,18,1775,12,1228
2026-10-03 09:37:08.447+00,20,1775,12,1228
2026-10-03 09:38:08.626+00,20,1775,12,1228
2026-10-03 09:39:08.793+00,20,1775,13,1228
2026-10-03 09:40:10.349+00,20,1775,13,1228
2026-10-03 09:41:10.516+00,20,1775,13,1228
2026-10-03 09:42:10.690+00,20,1775,13,1228
2026-10-03 09:43:10.896+00,21,1775,13,1228
2026-10-03 09:44:11.127+00,21,1775,13,1228
2026-10-03 09:45:11.279+00,22,1775,13,1228
2026-10-03 09:46:13.118+00,22,1775,12,1228
2026-10-03 09:47:13.369+00,22,1775,11,1228
2026-10-03 09:48:13.612+00,21,1775,11,1228
2026-10-03 09:49:13.878+00,21,1775,11,1228
2026-10-03 09:50:14.144+00,22,1775,11,1228
2026-10-03 09:51:14.338+00,22,1775,11,1228
2026-10-03 09:52:16.370+00,24,1775,12,1228
2026-10-03 09:53:16.620+00,24,1775,12,1228
2026-10-03 09:54:16.811+00,25,1775,13,1228
2026-10-03 09:55:16.985+00,25,1775,13,1228
2026-10-03 09:56:17.146+00,25,1775,14,1228
2026-10-03 09:57:18.888+00,25,1775,14,1228
2026-10-03 09:58:19.146+00,25,1775,14,1228
2026-10-03 09:59:19.343+00,26,1775,15,1228
2026-10-03 10:00:19.535+00,26,1775,16,1228
2026-10-03 10:01:19.741+00,27,1775,16,1228
2026-10-03 10:02:20.005+00,27,1775,16,1228
2026-10-03 10:03:21.733+00,28,1775,15,1228
2026-10-03 10:04:21.928+00,27,1775,17,1228
2026-10-03 10:05:22.123+00,28,1775,17,1228
2026-10-03 10:06:22.370+00,30,1775,19,1228
2026-10-03 10:07:24.141+00,30,1775,20,1228
2026-10-03 10:08:24.395+00,31,1775,20,1228
2026-10-03 10:09:24.692+00,31,1775,20,1228
2026-10-03 10:10:24.875+00,31,1775,20,1228
2026-10-03 10:11:25.058+00,31,1775,21,1228
2026-10-03 10:12:25.245+00,31,1775,21,1228
2026-10-03 10:13:27.435+00,32,1775,21,1228
2026-10-03 10:14:27.610+00,32,1775,21,1228
2026-10-03 10:15:27.790+00,34,1775,22,1228
2026-10-03 10:16:28.003+00,33,1775,22,1228
2026-10-03 10:17:28.488+00,32,1775,23,1228
2026-10-03 10:18:31.937+00,32,1775,23,1228
2026-10-03 10:19:32.130+00,32,1775,23,1228
2026-10-03 10:20:32.315+00,32,1775,23,1228
2026-10-03 10:21:32.545+00,33,1775,23,1228
2026-10-03 10:22:32.754+00,34,1775,23,1228
2026-10-03 10:23:33.030+00,34,1775,23,1228
2026-10-03 10:24:35.069+00,34,1775,24,1228
2026-10-03 10:25:35.297+00,34,1775,24,1228
2026-10-03 10:26:35.577+00,35,1775,24,1228
2026-10-03 10:27:35.853+00,35,1775,24,1228
2026-10-03 10:28:36.102+00,35,1775,24,1228
2026-10-03 10:29:36.401+00,35,1775,25,1228
2026-10-03 10:30:38.976+00,35,1775,25,1228
2026-10-03 10:31:39.182+00,37,1775,26,1228
2026-10-03 10:32:42.245+00,37,1775,28,1228
2026-10-03 10:33:42.455+00,36,1775,28,1228
2026-10-03 10:34:42.668+00,37,1775,29,1228
2026-10-03 10:35:43.008+00,36,1775,29,1228
2026-10-03 10:36:45.849+00,37,1775,29,1228
2026-10-03 10:37:46.049+00,37,1775,29,1228
2026-10-03 10:38:46.247+00,39,1775,29,1228
2026-10-03 10:39:46.436+00,39,1775,29,1228
2026-10-03 10:40:46.694+00,40,1775,29,1228
2026-10-03 10:41:46.903+00,42,1775,29,1228
2026-10-03 10:42:48.947+00,42,1775,30,1228
2026-10-03 10:43:49.219+00,42,1775,30,1228
2026-10-03 10:44:49.471+00,42,1775,31,1228
2026-10-03 10:45:49.773+00,43,1775,31,1228
2026-10-03 10:46:49.937+00,43,1775,32,1228
2026-10-03 10:47:51.760+00,44,1775,33,1228
2026-10-03 10:48:51.957+00,44,1775,33,1228
2026-10-03 10:49:52.222+00,44,1775,33,1228
2026-10-03 10:50:52.433+00,44,1775,34,1228
2026-10-03 10:51:52.656+00,42,1775,34,1228
2026-10-03 10:52:52.919+00,42,1775,35,1228
2026-10-03 10:53:54.550+00,43,1775,36,1228
2026-10-03 10:54:54.742+00,41,1775,36,1228
2026-10-03 10:55:54.994+00,41,1775,36,1228
2026-10-03 10:56:55.168+00,41,1775,37,1228
2026-10-03 10:57:55.349+00,43,1775,37,1228
2026-10-03 10:58:55.698+00,47,1775,38,1228
2026-10-03 10:59:57.747+00,48,1775,38,1228
2026-10-03 11:00:57.926+00,49,1775,39,1228
2026-10-03 11:01:58.113+00,50,1775,39,1228
2026-10-03 11:02:58.286+00,52,1775,43,1228
2026-10-03 11:03:58.477+00,52,1775,46,1228
2026-10-03 11:04:58.741+00,51,1775,45,1228
2026-10-03 11:05:59.034+00,52,1775,46,1228
2026-10-03 11:06:59.291+00,52,1775,45,1228
2026-10-03 11:07:59.534+00,52,1775,45,1228
2026-10-03 11:09:01.233+00,53,1775,47,1228
2026-10-03 11:10:01.429+00,53,1775,47,1228
2026-10-03 11:11:01.642+00,52,1775,47,1228
2026-10-03 11:12:01.877+00,52,1775,48,1228
2026-10-03 11:13:02.150+00,54,1775,48,1228
2026-10-03 11:14:03.643+00,55,1775,47,1228
2026-10-03 11:15:03.824+00,55,1775,47,1228
2026-10-03 11:16:04.108+00,55,1775,46,1228
2026-10-03 11:17:04.327+00,55,1775,46,1228
2026-10-03 11:18:04.598+00,60,1775,48,1228
2026-10-03 11:19:04.880+00,61,1775,47,1228
2026-10-03 11:20:06.502+00,62,1775,48,1228
2026-10-03 11:21:06.689+00,64,1775,48,1228
2026-10-03 11:22:06.872+00,64,1775,48,1228
2026-10-03 11:23:07.123+00,64,1775,47,1228
2026-10-03 11:24:07.355+00,65,1775,47,1228
2026-10-03 11:25:09.061+00,65,1775,47,1228
2026-10-03 11:26:09.240+00,65,1775,48,1228
2026-10-03 11:27:09.418+00,65,1775,48,1228
2026-10-03 11:28:09.663+00,65,1775,49,1228
2026-10-03 11:29:09.877+00,65,1775,49,1228
2026-10-03 11:30:10.138+00,69,1775,50,1228
2026-10-03 11:31:11.805+00,73,1775,50,1228
2026-10-03 11:32:11.988+00,73,1775,51,1228
2026-10-03 11:33:12.183+00,73,1775,51,1228
2026-10-03 11:34:12.432+00,74,1775,52,1228
2026-10-03 11:35:12.739+00,74,1775,53,1228
2026-10-03 11:36:14.666+00,77,1775,54,1228
2026-10-03 11:37:14.923+00,78,1775,54,1228
2026-10-03 11:38:15.167+00,77,1775,54,1228
2026-10-03 11:39:17.336+00,77,1775,54,1228
2026-10-03 11:40:17.520+00,79,1775,54,1228
2026-10-03 11:41:17.712+00,79,1775,54,1228
2026-10-03 11:42:17.934+00,80,1775,55,1228
2026-10-03 11:43:18.200+00,80,1775,55,1228
2026-10-03 11:44:18.511+00,80,1775,54,1228
2026-10-03 11:45:18.967+00,80,1775,57,1228
2026-10-03 11:46:20.942+00,83,1775,57,1228
2026-10-03 11:47:21.123+00,82,1775,56,1228
2026-10-03 11:48:21.368+00,84,1775,56,1228
2026-10-03 11:49:24.295+00,84,1775,56,1228
2026-10-03 11:50:24.482+00,85,1775,54,1228
2026-10-03 11:51:26.267+00,84,1775,53,1228
2026-10-03 11:52:26.480+00,87,1775,53,1228
2026-10-03 11:53:26.764+00,88,1775,53,1228
2026-10-03 11:54:27.010+00,89,1775,56,1228
2026-10-03 11:55:27.306+00,90,1775,57,1228
2026-10-03 11:56:27.464+00,92,1775,57,1228
2026-10-03 11:57:29.258+00,91,1775,57,1228
2026-10-03 11:58:29.440+00,92,1775,59,1228
2026-10-03 11:59:29.680+00,91,1775,59,1228
2026-10-03 12:00:29.900+00,92,1775,56,1228
2026-10-03 12:01:30.172+00,91,1775,56,1228
2026-10-03 12:02:30.419+00,90,1775,57,1228
2026-10-03 12:03:32.282+00,90,1775,56,1228
2026-10-03 12:04:32.587+00,90,1775,56,1228
2026-10-03 12:05:32.902+00,87,1775,56,1228
2026-10-03 12:06:33.128+00,88,1775,57,1228
2026-10-03 12:07:33.304+00,89,1775,57,1228
2026-10-03 12:08:35.267+00,91,1775,56,1228
2026-10-03 12:09:35.479+00,90,1775,55,1228
2026-10-03 12:10:35.686+00,89,1775,54,1228
2026-10-03 12:11:35.969+00,90,1775,54,1228
2026-10-03 12:12:36.238+00,92,1775,55,1228
2026-10-03 12:13:38.222+00,92,1775,56,1228
2026-10-03 12:14:40.109+00,95,1775,56,1228
2026-10-03 12:15:40.317+00,95,1775,54,1228
2026-10-03 12:16:40.587+00,95,1775,54,1228
2026-10-03 12:17:40.866+00,97,1775,55,1228
2026-10-03 12:18:41.174+00,97,1775,55,1228
2026-10-03 12:19:42.937+00,97,1775,54,1228
2026-10-03 12:20:43.205+00,97,1775,53,1228
2026-10-03 12:21:43.385+00,99,1775,54,1228
2026-10-03 12:22:43.564+00,98,1775,54,1228
2026-10-03 12:23:43.756+00,99,1775,54,1228
2026-10-03 12:24:44.022+00,101,1775,55,1228
2026-10-03 12:25:45.745+00,103,1775,53,1228
2026-10-03 12:26:46.236+00,104,1775,53,1228
2026-10-03 12:27:46.488+00,102,1775,53,1228
2026-10-03 12:28:46.767+00,102,1775,53,1228
2026-10-03 12:29:47.081+00,103,1775,54,1228
2026-10-03 12:30:47.329+00,106,1775,55,1228
2026-10-03 12:31:49.339+00,106,1775,55,1228
2026-10-03 12:32:51.293+00,106,1775,56,1228
2026-10-03 12:33:51.494+00,108,1775,55,1228
2026-10-03 12:34:51.713+00,108,1775,56,1228
2026-10-03 12:35:51.949+00,106,1775,57,1228
2026-10-03 12:36:52.245+00,106,1775,57,1228
2026-10-03 12:37:54.171+00,106,1775,59,1228
2026-10-03 12:38:54.408+00,106,1775,59,1228
2026-10-03 12:39:54.676+00,107,1775,61,1228
2026-10-03 12:40:54.882+00,106,1775,62,1228
2026-10-03 12:41:55.068+00,106,1775,61,1228
2026-10-03 12:42:55.358+00,108,1775,64,1228
2026-10-03 12:43:57.677+00,108,1775,64,1228
2026-10-03 12:44:59.774+00,110,1775,64,1228
2026-10-03 12:45:59.976+00,112,1775,64,1228
2026-10-03 12:47:00.223+00,114,1775,65,1228
2026-10-03 12:48:00.495+00,112,1775,67,1228
2026-10-03 12:49:00.814+00,113,1775,67,1228
2026-10-03 12:50:03.212+00,114,1775,67,1228
2026-10-03 12:51:03.504+00,116,1775,68,1228
2026-10-03 12:52:03.777+00,115,1775,68,1228
2026-10-03 12:53:04.092+00,116,1775,66,1228
2026-10-03 12:54:06.482+00,119,1775,66,1228
2026-10-03 12:55:06.759+00,121,1775,67,1228
2026-10-03 12:56:07.053+00,122,1775,67,1228
2026-10-03 12:57:07.273+00,125,1775,66,1228
2026-10-03 12:58:07.458+00,124,1775,67,1228
2026-10-03 12:59:07.730+00,124,1775,67,1228
2026-10-03 13:00:09.396+00,127,1775,65,1228
2026-10-03 13:01:09.621+00,126,1775,66,1228
2026-10-03 13:02:09.837+00,129,1775,66,1228
2026-10-03 13:03:10.030+00,129,1775,65,1228
2026-10-03 13:04:10.288+00,132,1775,65,1228
2026-10-03 13:05:11.851+00,136,1775,65,1228
2026-10-03 13:06:12.024+00,135,1775,63,1228
2026-10-03 13:07:12.190+00,137,1775,63,1228
2026-10-03 13:08:12.424+00,139,1775,62,1228
2026-10-03 13:09:12.610+00,141,1775,62,1228
2026-10-03 13:10:12.791+00,140,1775,62,1228
2026-10-03 13:11:13.017+00,138,1775,63,1228
2026-10-03 13:12:15.684+00,138,1775,63,1228
2026-10-03 13:13:15.875+00,141,1775,63,1228
2026-10-03 13:14:16.059+00,143,1775,65,1228
2026-10-03 13:15:16.369+00,144,1775,65,1228
2026-10-03 13:16:16.568+00,146,1775,65,1228
2026-10-03 13:17:18.758+00,146,1775,65,1228
2026-10-03 13:18:19.049+00,150,1775,65,1228
2026-10-03 13:19:19.372+00,152,1775,65,1228
2026-10-03 13:20:19.643+00,151,1775,65,1228
2026-10-03 13:21:19.895+00,154,1775,66,1228
2026-10-03 13:22:21.498+00,153,1775,65,1228
2026-10-03 13:23:21.683+00,150,1775,64,1228
2026-10-03 13:24:21.952+00,150,1775,65,1228
2026-10-03 13:25:22.198+00,150,1775,69,1228
2026-10-03 13:26:22.536+00,151,1775,68,1228
2026-10-03 13:27:24.527+00,151,1775,68,1228
2026-10-03 13:28:24.734+00,149,1775,63,1228
2026-10-03 13:29:24.946+00,151,1775,62,1228
2026-10-03 13:30:25.251+00,153,1775,63,1228
2026-10-03 13:31:25.515+00,149,1775,65,1228
2026-10-03 13:32:25.700+00,149,1775,65,1228
2026-10-03 13:33:27.810+00,148,1775,65,1228
2026-10-03 13:34:27.990+00,153,1775,65,1228
2026-10-03 13:35:28.169+00,152,1775,65,1228
2026-10-03 13:36:28.410+00,153,1775,65,1228
2026-10-03 13:37:28.697+00,153,1775,66,1228
2026-10-03 13:38:30.493+00,153,1775,66,1228
2026-10-03 13:39:30.767+00,157,1775,66,1228
2026-10-03 13:40:31.017+00,159,1775,65,1228
2026-10-03 13:41:31.195+00,158,1775,66,1228
2026-10-03 13:42:31.419+00,158,1775,68,1228
2026-10-03 13:43:31.687+00,158,1775,70,1228
2026-10-03 13:44:33.258+00,158,1775,70,1228
2026-10-03 13:45:33.454+00,158,1775,70,1228
2026-10-03 13:46:33.726+00,159,1775,69,1228
2026-10-03 13:47:33.981+00,160,1775,71,1228
2026-10-03 13:48:34.228+00,159,1775,72,1228
2026-10-03 13:49:36.152+00,160,1775,72,1228
2026-10-03 13:50:36.406+00,160,1775,72,1228
2026-10-03 13:51:36.792+00,159,1775,72,1228
2026-10-03 13:52:37.057+00,160,1775,72,1228
2026-10-03 13:53:37.291+00,162,1775,72,1228
2026-10-03 13:54:37.571+00,165,1775,74,1228
2026-10-03 13:55:37.847+00,161,1775,75,1228
2026-10-03 13:56:38.099+00,161,1775,77,1228
2026-10-03 13:57:39.741+00,161,1775,75,1228
2026-10-03 13:58:39.917+00,160,1775,76,1228
2026-10-03 13:59:40.162+00,162,1775,76,1228
2026-10-03 14:00:40.409+00,163,1775,75,1228
2026-10-03 14:01:40.685+00,164,1775,74,1228
2026-10-03 14:02:40.977+00,164,1775,76,1228
2026-10-03 14:03:42.958+00,165,1775,78,1228
2026-10-03 14:04:43.265+00,168,1775,77,1228
2026-10-03 14:05:43.573+00,168,1775,79,1228
2026-10-03 14:06:43.836+00,170,1775,79,1228
2026-10-03 14:07:44.116+00,169,1775,79,1228
2026-10-03 14:08:44.418+00,169,1775,79,1228
2026-10-03 14:09:46.582+00,169,1775,83,1228
2026-10-03 14:10:47.050+00,164,1775,85,1228
2026-10-03 14:11:47.473+00,166,1775,87,1228
2026-10-03 14:12:47.696+00,165,1775,89,1228
2026-10-03 14:13:47.892+00,165,1775,92,1228
2026-10-03 14:14:48.214+00,169,1775,93,1228
2026-10-03 14:15:48.408+00,168,1775,93,1228
2026-10-03 14:16:48.597+00,176,1775,94,1228
2026-10-03 14:17:48.800+00,178,1775,94,1228
2026-10-03 14:18:50.418+00,178,1775,94,1228
2026-10-03 14:19:50.610+00,176,1775,98,1228
2026-10-03 14:20:50.811+00,179,1775,97,1228
2026-10-03 14:21:51.022+00,180,1775,98,1228
2026-10-03 14:22:51.199+00,181,1775,98,1228
2026-10-03 14:23:51.413+00,180,1775,98,1228
2026-10-03 14:24:53.226+00,179,1775,98,1228
2026-10-03 14:25:53.411+00,176,1775,99,1228
2026-10-03 14:26:53.615+00,179,1775,102,1228
2026-10-03 14:27:53.814+00,180,1775,105,1228
2026-10-03 14:28:54.013+00,181,1775,106,1228
2026-10-03 14:29:54.212+00,180,1775,106,1228
2026-10-03 14:30:55.750+00,179,1775,106,1228
2026-10-03 14:31:55.941+00,178,1775,105,1228
2026-10-03 14:32:56.154+00,181,1775,107,1228
2026-10-03 14:33:56.423+00,180,1775,109,1228
2026-10-03 14:34:56.704+00,180,1775,110,1228
2026-10-03 14:35:56.890+00,179,1775,110,1228
2026-10-03 14:36:58.780+00,177,1775,110,1228
2026-10-03 14:37:58.970+00,176,1775,112,1228
2026-10-03 14:38:59.166+00,176,1775,112,1228
2026-10-03 14:39:59.350+00,175,1775,114,1228
2026-10-03 14:40:59.530+00,174,1775,112,1228
2026-10-03 14:41:59.722+00,174,1775,111,1228
2026-10-03 14:43:01.526+00,174,1775,111,1228
2026-10-03 14:44:01.720+00,174,1775,112,1228
2026-10-03 14:45:01.924+00,175,1775,110,1228
2026-10-03 14:46:02.087+00,176,1775,113,1228
2026-10-03 14:47:02.268+00,175,1775,112,1228
2026-10-03 14:48:02.460+00,175,1775,112,1228
2026-10-03 14:49:05.249+00,177,1775,113,1228
2026-10-03 14:50:05.447+00,175,1775,113,1228
2026-10-03 14:51:05.653+00,175,1775,114,1228
2026-10-03 14:52:05.876+00,174,1775,114,1228
2026-10-03 14:53:07.684+00,174,1775,114,1228
2026-10-03 14:54:11.745+00,176,1775,115,1228
2026-10-03 14:55:11.941+00,180,1775,116,1228
2026-10-03 14:56:12.121+00,182,1775,116,1228
2026-10-03 14:57:12.313+00,182,1775,116,1228
2026-10-03 14:58:12.496+00,183,1775,116,1228
2026-10-03 14:59:12.698+00,186,1775,115,1228
2026-10-03 15:00:14.408+00,185,1775,113,1228
2026-10-03 15:01:14.564+00,183,1775,113,1228
2026-10-03 15:02:14.731+00,183,1775,113,1228
2026-10-03 15:03:14.959+00,179,1775,112,1228
2026-10-03 15:04:15.283+00,178,1775,113,1228
2026-10-03 15:05:17.029+00,178,1775,112,1228
2026-10-03 15:06:17.228+00,176,1775,112,1228
2026-10-03 15:07:17.423+00,176,1775,111,1228
2026-10-03 15:08:17.601+00,179,1775,113,1228
2026-10-03 15:09:17.779+00,180,1775,113,1228
2026-10-03 15:10:17.971+00,180,1775,116,1228
2026-10-03 15:11:19.418+00,178,1775,117,1228
2026-10-03 15:12:19.597+00,177,1775,113,1228
2026-10-03 15:13:19.791+00,178,1775,113,1228
2026-10-03 15:14:19.977+00,178,1775,114,1228
2026-10-03 15:15:20.163+00,176,1775,114,1228
2026-10-03 15:16:20.363+00,177,1775,113,1228
2026-10-03 15:17:21.865+00,179,1775,112,1228
2026-10-03 15:18:22.061+00,180,1775,113,1228
2026-10-03 15:19:22.257+00,183,1775,114,1228
2026-10-03 15:20:22.435+00,184,1775,114,1228
2026-10-03 15:21:22.618+00,183,1775,113,1228
2026-10-03 15:22:22.801+00,182,1775,113,1228
2026-10-03 15:23:24.536+00,183,1775,114,1228
2026-10-03 15:24:24.747+00,182,1775,114,1228
2026-10-03 15:25:25.163+00,182,1775,114,1228
2026-10-03 15:26:25.332+00,181,1775,115,1228
2026-10-03 15:27:25.545+00,181,1775,115,1228
2026-10-03 15:28:25.770+00,178,1775,115,1228
2026-10-03 15:29:27.499+00,179,1775,111,1228
2026-10-03 15:30:27.697+00,178,1775,110,1228
2026-10-03 15:31:27.864+00,177,1775,110,1228
2026-10-03 15:32:28.057+00,180,1775,111,1228
2026-10-03 15:33:28.235+00,180,1775,113,1228
2026-10-03 15:34:28.415+00,178,1775,113,1228
2026-10-03 15:35:29.876+00,179,1775,113,1228
2026-10-03 15:36:30.047+00,180,1775,114,1228
2026-10-03 15:37:30.206+00,180,1775,116,1228
2026-10-03 15:38:30.362+00,180,1775,116,1228
2026-10-03 15:39:30.546+00,183,1775,115,1228
2026-10-03 15:40:32.070+00,181,1775,115,1228
2026-10-03 15:41:32.263+00,181,1775,117,1228
2026-10-03 15:42:32.440+00,182,1775,117,1228
2026-10-03 15:43:32.583+00,185,1775,116,1228
2026-10-03 15:44:32.765+00,184,1775,114,1228
2026-10-03 15:45:32.978+00,184,1775,114,1228
2026-10-03 15:46:35.775+00,184,1775,113,1228
2026-10-03 15:47:35.966+00,183,1775,115,1228
2026-10-03 15:48:36.201+00,185,1775,116,1228
2026-10-03 15:49:36.421+00,183,1775,116,1228
2026-10-03 15:50:36.630+00,186,1775,116,1228
2026-10-03 15:51:38.359+00,186,1775,116,1228
2026-10-03 15:52:38.655+00,186,1775,116,1228
2026-10-03 15:53:38.838+00,185,1775,116,1228
2026-10-03 15:54:39.019+00,181,1775,114,1228
2026-10-03 15:55:39.228+00,181,1775,113,1228
2026-10-03 15:56:39.444+00,180,1775,113,1228
2026-10-03 15:57:43.500+00,179,1775,113,1228
2026-10-03 15:58:43.696+00,177,1775,111,1228
2026-10-03 15:59:43.870+00,177,1775,110,1228
2026-10-03 16:00:44.054+00,176,1775,111,1228
2026-10-03 16:01:44.242+00,178,1775,110,1228
2026-10-03 16:02:44.475+00,177,1775,113,1228
2026-10-03 16:03:46.669+00,176,1775,114,1228
2026-10-03 16:04:46.852+00,175,1775,116,1228
2026-10-03 16:05:47.074+00,174,1775,114,1228
2026-10-03 16:06:47.259+00,170,1775,112,1228
2026-10-03 16:07:47.457+00,167,1775,112,1228
2026-10-03 16:08:49.018+00,169,1775,111,1228
2026-10-03 16:09:50.768+00,171,1775,111,1228
2026-10-03 16:10:50.944+00,173,1775,111,1228
2026-10-03 16:11:51.128+00,174,1775,112,1228
2026-10-03 16:12:51.319+00,174,1775,115,1228
2026-10-03 16:13:51.493+00,177,1775,116,1228
2026-10-03 16:14:53.433+00,178,1775,119,1228
2026-10-03 16:15:53.609+00,180,1775,118,1228
2026-10-03 16:16:53.788+00,176,1775,121,1228
2026-10-03 16:17:53.986+00,172,1775,119,1228
2026-10-03 16:18:54.160+00,172,1775,119,1228
2026-10-03 16:19:54.342+00,172,1775,120,1228
2026-10-03 16:20:55.965+00,171,1775,119,1228
2026-10-03 16:21:56.609+00,170,1775,116,1228
2026-10-03 16:22:57.134+00,165,1775,116,1228
2026-10-03 16:23:57.331+00,164,1775,114,1228
2026-10-03 16:24:57.508+00,167,1775,117,1228
2026-10-03 16:25:57.685+00,166,1775,118,1228
2026-10-03 16:26:59.279+00,164,1775,116,1228
2026-10-03 16:27:59.455+00,162,1775,117,1228
2026-10-03 16:28:59.647+00,164,1775,116,1228
2026-10-03 16:29:59.849+00,162,1775,118,1228
2026-10-03 16:31:00.064+00,161,1775,118,1228
2026-10-03 16:32:00.287+00,163,1775,118,1228
2026-10-03 16:33:01.972+00,164,1775,116,1228
2026-10-03 16:34:02.155+00,164,1775,115,1228
2026-10-03 16:35:02.343+00,161,1775,115,1228
2026-10-03 16:36:02.512+00,160,1775,118,1228
2026-10-03 16:37:02.720+00,161,1775,117,1228
2026-10-03 16:38:04.334+00,161,1775,117,1228
2026-10-03 16:39:04.567+00,161,1775,118,1228
2026-10-03 16:40:04.747+00,163,1775,118,1228
2026-10-03 16:41:04.989+00,161,1775,117,1228
2026-10-03 16:42:05.174+00,163,1775,117,1228
2026-10-03 16:43:05.381+00,162,1775,117,1228
2026-10-03 16:44:06.984+00,162,1775,117,1228
2026-10-03 16:45:07.209+00,163,1775,116,1228
2026-10-03 16:46:07.390+00,162,1775,116,1228
2026-10-03 16:47:07.594+00,163,1775,117,1228
2026-10-03 16:48:07.778+00,161,1775,113,1228
2026-10-03 16:49:09.268+00,160,1775,113,1228
2026-10-03 16:50:10.802+00,160,1775,113,1228
2026-10-03 16:51:11.006+00,157,1775,114,1228
2026-10-03 16:52:11.178+00,158,1775,114,1228
2026-10-03 16:53:11.366+00,157,1775,114,1228
2026-10-03 16:54:11.580+00,157,1775,114,1228
2026-10-03 16:55:13.040+00,156,1775,114,1228
2026-10-03 16:56:13.213+00,156,1775,114,1228
2026-10-03 16:57:13.395+00,156,1775,114,1228
2026-10-03 16:58:13.584+00,155,1775,113,1228
2026-10-03 16:59:13.779+00,155,1775,113,1228
2026-10-03 17:00:13.966+00,157,1775,112,1228
2026-10-03 17:01:15.444+00,156,1775,111,1228
2026-10-03 17:02:15.647+00,154,1775,109,1228
2026-10-03 17:03:15.828+00,153,1775,109,1228
2026-10-03 17:04:16.005+00,153,1775,106,1228
2026-10-03 17:05:16.189+00,151,1775,106,1228
2026-10-03 17:06:16.377+00,153,1775,109,1228
2026-10-03 17:07:17.946+00,150,1775,110,1228
2026-10-03 17:08:18.171+00,152,1775,108,1228
2026-10-03 17:09:18.399+00,153,1775,107,1228
2026-10-03 17:10:18.601+00,154,1775,110,1228
2026-10-03 17:11:18.790+00,153,1775,109,1228
2026-10-03 17:12:18.975+00,151,1775,108,1228
2026-10-03 17:13:20.436+00,153,1775,107,1228
2026-10-03 17:14:20.659+00,151,1775,106,1228
2026-10-03 17:15:20.840+00,151,1775,106,1228
2026-10-03 17:16:21.008+00,151,1775,107,1228
2026-10-03 17:17:21.205+00,148,1775,109,1228
2026-10-03 17:18:22.728+00,150,1775,108,1228
2026-10-03 17:19:22.925+00,148,1775,109,1228
2026-10-03 17:20:23.111+00,148,1775,108,1228
2026-10-03 17:21:23.331+00,148,1775,108,1228
2026-10-03 17:22:23.517+00,149,1775,112,1228
2026-10-03 17:23:23.722+00,148,1775,111,1228
2026-10-03 17:24:23.918+00,149,1775,109,1228
2026-10-03 17:25:24.120+00,149,1775,108,1228
2026-10-03 17:26:24.310+00,148,1775,107,1228
2026-10-03 17:27:24.486+00,148,1775,108,1228
2026-10-03 17:28:24.651+00,148,1775,108,1228
2026-10-03 17:29:24.876+00,148,1775,108,1228
2026-10-03 17:30:27.059+00,148,1775,109,1228
2026-10-03 17:31:27.262+00,149,1775,108,1228
2026-10-03 17:32:27.449+00,148,1775,108,1228
2026-10-03 17:33:27.603+00,148,1775,107,1228
2026-10-03 17:34:27.859+00,147,1775,104,1228
2026-10-03 17:35:28.068+00,142,1775,105,1228
2026-10-03 17:36:29.753+00,141,1775,106,1228
2026-10-03 17:37:29.935+00,138,1775,105,1228
2026-10-03 17:38:30.122+00,136,1775,103,1228
2026-10-03 17:39:30.290+00,132,1775,104,1228
2026-10-03 17:40:30.471+00,131,1775,104,1228
2026-10-03 17:41:32.046+00,129,1775,104,1228
2026-10-03 17:42:32.249+00,129,1775,104,1228
2026-10-03 17:43:32.608+00,129,1775,104,1228
2026-10-03 17:44:32.813+00,127,1775,102,1228
2026-10-03 17:45:33.037+00,127,1775,103,1228
2026-10-03 17:46:33.299+00,129,1775,100,1228
2026-10-03 17:47:33.700+00,128,1775,100,1228
2026-10-03 17:48:34.029+00,127,1775,100,1228
2026-10-03 17:49:34.267+00,128,1775,101,1228
2026-10-03 17:50:34.541+00,128,1775,101,1228
2026-10-03 17:51:34.710+00,126,1775,107,1228
2026-10-03 17:52:34.912+00,124,1775,106,1228
2026-10-03 17:53:37.173+00,124,1775,108,1228
2026-10-03 17:54:37.389+00,123,1775,108,1228
2026-10-03 17:55:37.580+00,121,1775,110,1228
2026-10-03 17:56:37.900+00,120,1775,108,1228
2026-10-03 17:57:38.100+00,118,1775,107,1228
2026-10-03 17:58:38.380+00,117,1775,107,1228
2026-10-03 17:59:40.203+00,117,1775,106,1228
2026-10-03 18:00:40.415+00,115,1775,107,1228
2026-10-03 18:01:40.610+00,114,1775,106,1228
2026-10-03 18:02:40.911+00,113,1775,107,1228
2026-10-03 18:03:41.138+00,112,1775,101,1228
2026-10-03 18:04:41.325+00,114,1775,100,1228
2026-10-03 18:05:43.735+00,108,1775,100,1228
2026-10-03 18:06:43.933+00,107,1775,98,1228
2026-10-03 18:07:44.121+00,107,1775,96,1228
2026-10-03 18:08:44.351+00,105,1775,97,1228
2026-10-03 18:09:44.542+00,105,1775,96,1228
2026-10-03 18:10:44.792+00,105,1775,93,1228
2026-10-03 18:11:46.721+00,104,1775,92,1228
2026-10-03 18:12:46.908+00,104,1775,91,1228
2026-10-03 18:13:47.112+00,105,1775,92,1228
2026-10-03 18:14:47.312+00,104,1775,90,1228
2026-10-03 18:15:47.509+00,105,1775,89,1228
2026-10-03 18:16:47.786+00,105,1775,90,1228
2026-10-03 18:17:49.457+00,102,1775,90,1228
2026-10-03 18:18:49.689+00,100,1775,95,1228
2026-10-03 18:19:49.888+00,95,1775,94,1228
2026-10-03 18:20:50.191+00,97,1775,92,1228
2026-10-03 18:21:50.419+00,98,1775,91,1228
2026-10-03 18:22:52.379+00,97,1775,92,1228
2026-10-03 18:23:52.577+00,96,1775,90,1228
2026-10-03 18:24:52.795+00,95,1775,89,1228
2026-10-03 18:25:53.021+00,89,1775,86,1228
2026-10-03 18:26:53.351+00,90,1775,86,1228
2026-10-03 18:27:53.552+00,90,1775,86,1228
2026-10-03 18:28:53.943+00,90,1775,85,1228
2026-10-03 18:29:54.152+00,89,1775,84,1228
2026-10-03 18:30:54.395+00,88,1775,83,1228
2026-10-03 18:31:54.921+00,88,1775,78,1228
2026-10-03 18:32:55.197+00,85,1775,78,1228
2026-10-03 18:33:57.409+00,82,1775,78,1228
2026-10-03 18:34:57.610+00,81,1775,78,1228
2026-10-03 18:35:57.803+00,80,1775,78,1228
2026-10-03 18:36:58.016+00,80,1775,78,1228
2026-10-03 18:37:59.604+00,80,1775,77,1228
2026-10-03 18:38:59.881+00,79,1775,77,1228
2026-10-03 18:40:00.097+00,79,1775,75,1228
2026-10-03 18:41:00.306+00,77,1775,73,1228
2026-10-03 18:42:00.488+00,76,1775,74,1228
2026-10-03 18:43:01.884+00,76,1775,73,1228
2026-10-03 18:44:03.515+00,76,1775,72,1228
2026-10-03 18:45:03.742+00,76,1775,69,1228
2026-10-03 18:46:03.935+00,77,1775,67,1228
2026-10-03 18:47:04.100+00,73,1775,67,1228
2026-10-03 18:48:04.337+00,73,1775,67,1228
2026-10-03 18:49:06.532+00,70,1775,66,1228
2026-10-03 18:50:06.803+00,72,1775,66,1228
2026-10-03 18:51:07.027+00,71,1775,62,1228
2026-10-03 18:52:07.323+00,70,1775,62,1228
2026-10-03 18:53:07.523+00,70,1775,62,1228
2026-10-03 18:54:07.809+00,70,1775,62,1228
2026-10-03 18:55:08.037+00,68,1775,63,1228
2026-10-03 18:56:09.917+00,70,1775,61,1228
2026-10-03 18:57:10.156+00,69,1775,60,1228
2026-10-03 18:58:10.430+00,68,1775,60,1228
2026-10-03 18:59:10.668+00,68,1775,62,1228
2026-10-03 19:00:10.939+00,68,1775,62,1228
2026-10-03 19:01:11.142+00,68,1775,63,1228
2026-10-03 19:02:12.918+00,67,1775,63,1228
2026-10-03 19:03:13.118+00,66,1775,64,1228
2026-10-03 19:04:13.401+00,65,1775,66,1228
2026-10-03 19:05:13.626+00,64,1775,65,1228
2026-10-03 19:06:13.919+00,65,1775,65,1228
2026-10-03 19:07:14.131+00,65,1775,66,1228
2026-10-03 19:08:14.363+00,63,1775,66,1228
2026-10-03 19:09:16.543+00,65,1775,66,1228
2026-10-03 19:10:16.826+00,67,1775,66,1228
2026-10-03 19:11:17.033+00,69,1775,65,1228
2026-10-03 19:12:17.305+00,66,1775,63,1228
2026-10-03 19:13:17.544+00,67,1775,64,1228
2026-10-03 19:14:17.728+00,67,1775,63,1228
2026-10-03 19:15:19.440+00,67,1775,63,1228
2026-10-03 19:16:19.738+00,68,1775,63,1228
2026-10-03 19:17:19.960+00,67,1775,61,1228
2026-10-03 19:18:20.188+00,67,1775,62,1228
2026-10-03 19:19:20.418+00,68,1775,62,1228
2026-10-03 19:20:22.173+00,70,1775,62,1228
2026-10-03 19:21:22.377+00,69,1775,59,1228
2026-10-03 19:22:22.648+00,67,1775,58,1228
2026-10-03 19:23:22.879+00,67,1775,58,1228
2026-10-03 19:24:23.076+00,65,1775,56,1228
2026-10-03 19:25:23.257+00,65,1775,56,1228
2026-10-03 19:26:24.802+00,58,1775,56,1228
2026-10-03 19:27:25.028+00,58,1775,56,1228
2026-10-03 19:28:25.302+00,56,1775,55,1228
2026-10-03 19:29:25.612+00,57,1775,54,1228
2026-10-03 19:30:25.821+00,56,1775,54,1228
2026-10-03 19:31:26.028+00,57,1775,56,1228
2026-10-03 19:32:27.735+00,57,1775,57,1228
2026-10-03 19:33:27.985+00,57,1775,56,1228
2026-10-03 19:34:28.281+00,56,1775,57,1228
2026-10-03 19:35:28.591+00,48,1775,57,1228
2026-10-03 19:36:28.846+00,45,1775,58,1228
2026-10-03 19:37:29.075+00,46,1775,58,1228
2026-10-03 19:38:31.017+00,45,1775,58,1228
2026-10-03 19:39:31.212+00,43,1775,59,1228
2026-10-03 19:40:31.543+00,43,1775,59,1228
2026-10-03 19:41:31.786+00,43,1775,57,1228
2026-10-03 19:42:32.114+00,41,1775,56,1228
2026-10-03 19:43:33.872+00,42,1775,56,1228
2026-10-03 19:44:34.130+00,42,1775,56,1228
2026-10-03 19:45:34.329+00,40,1775,57,1228
2026-10-03 19:46:34.602+00,38,1775,58,1228
2026-10-03 19:47:34.838+00,38,1775,59,1228
2026-10-03 19:48:35.205+00,37,1775,58,1228
2026-10-03 19:49:36.770+00,37,1775,58,1228
2026-10-03 19:50:38.475+00,37,1775,54,1228
2026-10-03 19:51:38.679+00,36,1775,54,1228
2026-10-03 19:52:38.852+00,36,1775,54,1228
2026-10-03 19:53:39.033+00,36,1775,54,1228
2026-10-03 19:54:39.246+00,36,1775,54,1228
2026-10-03 19:55:39.430+00,36,1775,53,1228
2026-10-03 19:56:40.894+00,35,1775,52,1228
2026-10-03 19:57:41.077+00,34,1775,52,1228
2026-10-03 19:58:41.377+00,34,1775,52,1228
2026-10-03 19:59:41.653+00,34,1775,53,1228
2026-10-03 20:00:41.899+00,33,1775,54,1228
2026-10-03 20:01:43.600+00,33,1775,54,1228
2026-10-03 20:02:44.006+00,34,1775,54,1228
2026-10-03 20:03:44.193+00,34,1775,53,1228
2026-10-03 20:04:44.473+00,34,1775,53,1228
2026-10-03 20:05:44.794+00,33,1775,52,1228
2026-10-03 20:06:44.992+00,32,1775,51,1228
2026-10-03 20:07:46.696+00,34,1775,51,1228
2026-10-03 20:08:46.907+00,33,1775,51,1228
2026-10-03 20:09:47.365+00,33,1775,50,1228
2026-10-03 20:10:47.552+00,33,1775,50,1228
2026-10-03 20:11:47.725+00,33,1775,50,1228
2026-10-03 20:12:47.964+00,33,1775,50,1228
2026-10-03 20:13:48.157+00,33,1775,49,1228
2026-10-03 20:14:48.353+00,33,1775,49,1228
2026-10-03 20:15:48.627+00,33,1775,49,1228
2026-10-03 20:16:48.802+00,33,1775,49,1228
2026-10-03 20:17:49.041+00,32,1775,49,1228
2026-10-03 20:18:49.293+00,33,1775,49,1228
2026-10-03 20:19:49.489+00,33,1775,49,1228
2026-10-03 20:20:51.405+00,33,1775,48,1228
2026-10-03 20:21:51.589+00,32,1775,48,1228
2026-10-03 20:22:51.785+00,33,1775,48,1228
2026-10-03 20:23:51.995+00,33,1775,49,1228
2026-10-03 20:24:52.181+00,33,1775,49,1228
2026-10-03 20:25:55.503+00,34,1775,48,1228
2026-10-03 20:26:55.730+00,34,1775,48,1228
2026-10-03 20:27:55.912+00,33,1775,48,1228
2026-10-03 20:28:56.136+00,34,1775,49,1228
2026-10-03 20:29:56.318+00,34,1775,47,1228
2026-10-03 20:30:58.385+00,33,1775,47,1228
2026-10-03 20:31:58.783+00,33,1775,47,1228
2026-10-03 20:32:58.979+00,32,1775,47,1228
2026-10-03 20:33:59.262+00,32,1775,47,1228
2026-10-03 20:34:59.446+00,30,1775,47,1228
2026-10-03 20:35:59.632+00,26,1775,47,1228
2026-10-03 20:37:01.192+00,27,1775,49,1228
2026-10-03 20:38:01.436+00,26,1775,49,1228
2026-10-03 20:39:01.638+00,26,1775,49,1228
2026-10-03 20:40:01.826+00,26,1775,49,1228
2026-10-03 20:41:02.020+00,26,1775,48,1228
2026-10-03 20:42:02.206+00,24,1775,47,1228
2026-10-03 20:43:03.967+00,24,1775,47,1228
2026-10-03 20:44:04.143+00,24,1775,45,1228
2026-10-03 20:45:04.352+00,24,1775,45,1228
2026-10-03 20:46:04.525+00,24,1775,44,1228
2026-10-03 20:47:04.699+00,23,1775,43,1228
2026-10-03 20:48:06.326+00,22,1775,42,1228
2026-10-03 20:49:06.520+00,22,1775,42,1228
2026-10-03 20:50:06.693+00,21,1775,42,1228
2026-10-03 20:51:06.905+00,21,1775,41,1228
2026-10-03 20:52:08.498+00,21,1775,41,1228
2026-10-03 20:53:08.688+00,21,1775,41,1228
2026-10-03 20:54:08.996+00,21,1775,40,1228
2026-10-03 20:55:09.193+00,21,1775,40,1228
2026-10-03 20:56:09.376+00,22,1775,40,1228
2026-10-03 20:57:09.595+00,23,1775,40,1228
2026-10-03 20:58:11.244+00,23,1775,40,1228
2026-10-03 20:59:11.420+00,23,1775,40,1228
2026-10-03 21:00:11.603+00,23,1775,40,1228
2026-10-03 21:01:11.887+00,24,1775,41,1228
2026-10-03 21:02:12.091+00,24,1775,40,1228
2026-10-03 21:03:12.295+00,24,1775,40,1228
2026-10-03 21:04:14.548+00,24,1775,41,1228
2026-10-03 21:05:14.908+00,24,1775,41,1228
2026-10-03 21:06:15.245+00,24,1775,40,1228
2026-10-03 21:07:15.612+00,23,1775,40,1228
2026-10-03 21:08:15.946+00,23,1775,40,1228
2026-10-03 21:09:16.288+00,23,1775,39,1228
2026-10-03 21:10:18.363+00,22,1775,39,1228
2026-10-03 21:11:18.704+00,22,1775,37,1228
2026-10-03 21:12:19.080+00,20,1775,37,1228
2026-10-03 21:13:19.421+00,20,1775,37,1228
2026-10-03 21:14:19.774+00,20,1775,37,1228
2026-10-03 21:15:20.253+00,20,1775,37,1228
2026-10-03 21:16:22.316+00,21,1775,37,1228
2026-10-03 21:17:22.822+00,21,1775,37,1228
2026-10-03 21:18:23.036+00,21,1775,37,1228
2026-10-03 21:19:23.244+00,20,1775,37,1228
2026-10-03 21:20:23.447+00,18,1775,36,1228
2026-10-03 21:21:23.737+00,17,1775,35,1228
2026-10-03 21:22:26.402+00,17,1775,35,1228
2026-10-03 21:23:26.607+00,17,1775,35,1228
2026-10-03 21:24:26.832+00,17,1775,35,1228
2026-10-03 21:25:27.193+00,17,1775,35,1228
2026-10-03 21:26:27.426+00,17,1775,35,1228
2026-10-03 21:27:29.778+00,17,1775,35,1228
2026-10-03 21:28:29.992+00,17,1775,35,1228
2026-10-03 21:29:30.205+00,17,1775,35,1228
2026-10-03 21:30:30.391+00,17,1775,35,1228
2026-10-03 21:31:30.602+00,17,1775,35,1228
2026-10-03 21:32:30.804+00,17,1775,35,1228
2026-10-03 21:33:32.571+00,17,1775,35,1228
2026-10-03 21:34:32.749+00,17,1775,34,1228
2026-10-03 21:35:32.963+00,17,1775,34,1228
2026-10-03 21:36:33.169+00,17,1775,35,1228
2026-10-03 21:37:33.374+00,16,1775,35,1228
2026-10-03 21:38:33.587+00,16,1775,35,1228
2026-10-03 21:39:35.326+00,18,1775,36,1228
2026-10-03 21:40:35.524+00,18,1775,35,1228
2026-10-03 21:41:35.729+00,18,1775,34,1228
2026-10-03 21:42:35.910+00,19,1775,34,1228
2026-10-03 21:43:36.111+00,19,1775,34,1228
2026-10-03 21:44:39.196+00,19,1775,33,1228
2026-10-03 21:45:39.547+00,19,1775,32,1228
2026-10-03 21:46:39.805+00,18,1775,32,1228
2026-10-03 21:47:40.020+00,17,1775,31,1228
2026-10-03 21:48:40.260+00,17,1775,31,1228
2026-10-03 21:49:40.486+00,17,1775,31,1228
2026-10-03 21:50:42.770+00,15,1775,31,1228
2026-10-03 21:51:43.113+00,10,1775,31,1228
2026-10-03 21:52:43.307+00,10,1775,32,1228
2026-10-03 21:53:43.525+00,10,1775,33,1228
2026-10-03 21:54:43.777+00,9,1775,33,1228
2026-10-03 21:55:43.983+00,8,1775,33,1228
2026-10-03 21:56:46.560+00,7,1775,32,1228
2026-10-03 21:57:46.748+00,7,1775,32,1228
2026-10-03 21:58:46.958+00,7,1775,33,1228
2026-10-03 21:59:47.219+00,7,1775,30,1228
2026-10-03 22:00:47.422+00,7,1775,27,1228
2026-10-03 22:01:47.599+00,7,1775,27,1228
2026-10-03 22:02:47.870+00,7,1775,27,1228
2026-10-03 22:03:48.289+00,7,1775,26,1228
2026-10-03 22:04:48.562+00,7,1775,24,1228
2026-10-03 22:05:48.748+00,7,1775,24,1228
2026-10-03 22:06:48.936+00,7,1775,24,1228
2026-10-03 22:07:49.243+00,7,1775,24,1228
2026-10-03 22:08:51.171+00,7,1775,23,1228
2026-10-03 22:09:51.441+00,7,1775,23,1228
2026-10-03 22:10:51.674+00,7,1775,23,1228
2026-10-03 22:11:51.892+00,7,1775,23,1228
2026-10-03 22:12:52.091+00,7,1775,23,1228
2026-10-03 22:13:52.330+00,7,1775,23,1228
2026-10-03 22:14:54.305+00,7,1775,23,1228
2026-10-03 22:15:54.576+00,7,1775,22,1228
2026-10-03 22:16:54.768+00,7,1775,21,1228
2026-10-03 22:17:55.060+00,7,1775,21,1228
2026-10-03 22:18:55.315+00,7,1775,21,1228
2026-10-03 22:19:55.517+00,7,1775,23,1228
2026-10-03 22:20:57.777+00,7,1775,23,1228
2026-10-03 22:21:57.973+00,7,1775,24,1228
2026-10-03 22:22:58.169+00,7,1775,25,1228
2026-10-03 22:23:58.385+00,7,1775,25,1228
2026-10-03 22:24:58.604+00,7,1775,25,1228
2026-10-03 22:26:00.304+00,7,1775,25,1228
2026-10-03 22:27:01.794+00,7,1775,25,1228
2026-10-03 22:28:02.002+00,7,1775,25,1228
2026-10-03 22:29:02.191+00,7,1775,25,1228
2026-10-03 22:30:02.393+00,7,1775,24,1228
2026-10-03 22:31:02.625+00,7,1775,24,1228
2026-10-03 22:32:04.459+00,7,1775,24,1228
2026-10-03 22:33:04.657+00,7,1775,24,1228
2026-10-03 22:34:05.008+00,7,1775,24,1228
2026-10-03 22:35:05.205+00,7,1775,24,1228
2026-10-03 22:36:05.399+00,7,1775,24,1228
2026-10-03 22:37:05.609+00,7,1775,24,1228
2026-10-03 22:38:07.618+00,7,1775,24,1228
2026-10-03 22:39:08.349+00,7,1775,24,1228
2026-10-03 22:40:08.592+00,7,1775,24,1228
2026-10-03 22:41:08.805+00,7,1775,24,1228
2026-10-03 22:42:09.054+00,7,1775,24,1228
2026-10-03 22:43:09.273+00,7,1775,24,1228
2026-10-03 22:44:09.455+00,7,1775,24,1228
2026-10-03 22:45:09.640+00,7,1775,24,1228
2026-10-03 22:46:09.858+00,7,1775,24,1228
2026-10-03 22:47:11.656+00,7,1775,24,1228
2026-10-03 22:48:11.858+00,7,1775,24,1228
2026-10-03 22:49:12.078+00,7,1775,24,1228
2026-10-03 22:50:12.262+00,7,1775,24,1228
2026-10-03 22:51:12.491+00,7,1775,23,1228
2026-10-03 22:52:12.705+00,7,1775,22,1228
2026-10-03 22:53:14.532+00,7,1775,22,1228
2026-10-03 22:54:14.735+00,7,1775,22,1228
2026-10-03 22:55:14.938+00,7,1775,23,1228
2026-10-03 22:56:15.116+00,7,1775,23,1228
2026-10-03 22:57:15.303+00,7,1775,23,1228
2026-10-03 22:58:15.523+00,7,1775,23,1228
2026-10-03 22:59:17.934+00,7,1775,23,1228
2026-10-03 23:00:18.134+00,7,1775,23,1228
2026-10-03 23:01:18.343+00,7,1775,23,1228
2026-10-03 23:02:18.554+00,7,1775,23,1228
2026-10-03 23:03:18.768+00,7,1775,23,1228
2026-10-03 23:04:18.963+00,7,1775,23,1228
2026-10-03 23:05:20.705+00,7,1775,23,1228
2026-10-03 23:06:20.898+00,7,1775,23,1228
2026-10-03 23:07:21.085+00,7,1775,24,1228
2026-10-03 23:08:21.305+00,7,1775,24,1228
2026-10-03 23:09:21.540+00,7,1775,23,1228
2026-10-03 23:10:21.731+00,7,1775,20,1228
2026-10-03 23:11:23.573+00,7,1775,20,1228
2026-10-03 23:12:23.826+00,7,1775,20,1228
2026-10-03 23:13:24.063+00,7,1775,22,1228
2026-10-03 23:14:24.269+00,7,1775,22,1228
2026-10-03 23:15:24.454+00,7,1775,20,1228
2026-10-03 23:16:24.673+00,7,1775,21,1228
2026-10-03 23:17:27.345+00,7,1775,21,1228
2026-10-03 23:18:27.700+00,7,1775,20,1228
2026-10-03 23:19:27.949+00,7,1775,19,1228
2026-10-03 23:20:28.196+00,7,1775,20,1228
2026-10-03 23:21:28.390+00,7,1775,20,1228
2026-10-03 23:22:28.598+00,7,1775,20,1228
2026-10-03 23:23:30.299+00,7,1775,20,1228
2026-10-03 23:24:30.513+00,7,1775,20,1228
2026-10-03 23:25:30.719+00,7,1775,17,1228
2026-10-03 23:26:30.913+00,7,1775,17,1228
2026-10-03 23:27:31.119+00,7,1775,17,1228
2026-10-03 23:28:31.321+00,7,1775,18,1228
2026-10-03 23:29:33.109+00,7,1775,18,1228
2026-10-03 23:30:33.287+00,7,1775,18,1228
2026-10-03 23:31:33.487+00,7,1775,18,1228
2026-10-03 23:32:33.724+00,7,1775,18,1228
2026-10-03 23:33:33.946+00,7,1775,18,1228
2026-10-03 23:34:35.897+00,7,1775,18,1228
2026-10-03 23:35:37.459+00,7,1775,18,1228
2026-10-03 23:36:37.677+00,7,1775,18,1228
2026-10-03 23:37:37.857+00,7,1775,18,1228
2026-10-03 23:38:38.059+00,7,1775,18,1228
2026-10-03 23:39:38.279+00,7,1775,18,1228
2026-10-03 23:40:40.080+00,7,1775,18,1228
2026-10-03 23:41:41.671+00,7,1775,17,1228
2026-10-03 23:42:41.879+00,7,1775,15,1228
2026-10-03 23:43:42.088+00,7,1775,15,1228
2026-10-03 23:44:42.278+00,7,1775,15,1228
2026-10-03 23:45:42.475+00,7,1775,16,1228
2026-10-03 23:46:45.116+00,7,1775,16,1228
2026-10-03 23:47:45.312+00,7,1775,16,1228
2026-10-03 23:48:45.493+00,7,1775,16,1228
2026-10-03 23:49:45.704+00,7,1775,16,1228
2026-10-03 23:50:45.901+00,7,1775,16,1228
2026-10-03 23:51:46.105+00,7,1775,16,1228
2026-10-03 23:52:46.336+00,7,1775,16,1228
2026-10-03 23:53:46.526+00,7,1775,16,1228
2026-10-03 23:54:46.715+00,7,1775,16,1228
2026-10-03 23:55:46.972+00,7,1775,16,1228
2026-10-03 23:56:47.194+00,7,1775,16,1228
2026-10-03 23:57:47.371+00,7,1775,15,1228
2026-10-03 23:58:49.142+00,7,1775,15,1228
2026-10-03 23:59:49.324+00,7,1775,15,1228
2026-10-04 00:00:49.497+00,7,1775,15,1228
2026-10-04 00:01:49.699+00,7,1775,15,1228
2026-10-04 00:02:49.956+00,7,1775,15,1228
2026-10-04 00:03:50.206+00,7,1775,15,1228
2026-10-04 00:04:51.943+00,7,1775,15,1228
2026-10-04 00:05:52.165+00,7,1775,15,1228
2026-10-04 00:06:52.345+00,7,1775,15,1228
2026-10-04 00:07:52.492+00,7,1775,15,1228
2026-10-04 00:08:52.673+00,7,1775,15,1228
2026-10-04 00:09:52.856+00,7,1775,14,1228
2026-10-04 00:10:54.515+00,7,1775,14,1228
2026-10-04 00:11:54.727+00,7,1775,14,1228
2026-10-04 00:12:54.933+00,7,1775,15,1228
2026-10-04 00:13:55.126+00,7,1775,15,1228
2026-10-04 00:14:55.331+00,7,1775,15,1228
2026-10-04 00:15:57.066+00,7,1775,16,1228
2026-10-04 00:16:57.269+00,7,1775,15,1228
2026-10-04 00:17:57.463+00,7,1775,15,1228
2026-10-04 00:18:57.618+00,7,1775,14,1228
2026-10-04 00:19:57.811+00,7,1775,14,1228
2026-10-04 00:20:58.025+00,7,1775,14,1228
2026-10-04 00:21:59.739+00,7,1775,14,1228
2026-10-04 00:22:59.946+00,7,1775,14,1228
2026-10-04 00:24:00.136+00,7,1775,14,1228
2026-10-04 00:25:00.318+00,7,1775,14,1228
2026-10-04 00:26:00.499+00,7,1775,14,1228
2026-10-04 00:27:00.717+00,7,1775,14,1228
2026-10-04 00:28:02.492+00,7,1775,14,1228
2026-10-04 00:29:02.695+00,7,1775,14,1228
2026-10-04 00:30:02.891+00,7,1775,14,1228
2026-10-04 00:31:03.082+00,7,1775,14,1228
2026-10-04 00:32:03.272+00,7,1775,14,1228
2026-10-04 00:33:03.480+00,7,1775,14,1228
2026-10-04 00:34:05.232+00,7,1775,14,1228
2026-10-04 00:35:05.435+00,7,1775,14,1228
2026-10-04 00:36:05.629+00,7,1775,14,1228
2026-10-04 00:37:05.809+00,7,1775,14,1228
2026-10-04 00:38:05.983+00,7,1775,14,1228
2026-10-04 00:39:07.589+00,7,1775,14,1228
2026-10-04 00:40:09.173+00,7,1775,14,1228
2026-10-04 00:41:09.368+00,7,1775,14,1228
2026-10-04 00:42:09.581+00,7,1775,14,1228
2026-10-04 00:43:09.796+00,7,1775,14,1228
2026-10-04 00:44:10.051+00,7,1775,14,1228
2026-10-04 00:45:11.642+00,7,1775,13,1228
2026-10-04 00:46:11.861+00,7,1775,13,1228
2026-10-04 00:47:12.054+00,7,1775,13,1228
2026-10-04 00:48:12.238+00,7,1775,13,1228
2026-10-04 00:49:12.450+00,7,1775,13,1228
2026-10-04 00:50:12.654+00,7,1775,12,1228
2026-10-04 00:51:14.479+00,7,1775,12,1228
2026-10-04 00:52:14.696+00,7,1775,12,1228
2026-10-04 00:53:14.899+00,7,1775,12,1228
2026-10-04 00:54:15.102+00,7,1775,12,1228
2026-10-04 00:55:15.276+00,7,1775,12,1228
2026-10-04 00:56:15.483+00,7,1775,12,1228
2026-10-04 00:57:17.309+00,7,1775,12,1228
2026-10-04 00:58:17.514+00,7,1775,12,1228
2026-10-04 00:59:17.723+00,7,1775,12,1228
2026-10-04 01:00:17.916+00,7,1775,12,1228
2026-10-04 01:01:18.124+00,7,1775,12,1228
2026-10-04 01:02:18.295+00,7,1775,12,1228
2026-10-04 01:03:20.049+00,7,1775,12,1228
2026-10-04 01:04:20.275+00,7,1775,12,1228
2026-10-04 01:05:20.470+00,7,1775,12,1228
2026-10-04 01:06:20.656+00,7,1775,12,1228
2026-10-04 01:07:20.846+00,7,1775,12,1228
2026-10-04 01:08:22.584+00,7,1775,12,1228
2026-10-04 01:09:22.797+00,7,1775,12,1228
2026-10-04 01:10:22.993+00,7,1775,12,1228
2026-10-04 01:11:23.167+00,7,1775,12,1228
2026-10-04 01:12:23.352+00,7,1775,11,1228
2026-10-04 01:13:23.539+00,7,1775,11,1228
2026-10-04 01:14:25.626+00,7,1775,9,1228
2026-10-04 01:15:25.802+00,7,1775,9,1228
2026-10-04 01:16:25.961+00,7,1775,9,1228
2026-10-04 01:17:26.143+00,7,1775,9,1228
2026-10-04 01:18:26.335+00,7,1775,9,1228
2026-10-04 01:19:26.524+00,7,1775,9,1228
2026-10-04 01:20:28.024+00,7,1775,9,1228
2026-10-04 01:21:29.524+00,7,1775,9,1228
2026-10-04 01:22:29.730+00,7,1775,9,1228
2026-10-04 01:23:29.912+00,7,1775,9,1228
2026-10-04 01:24:30.124+00,7,1775,9,1228
2026-10-04 01:25:30.324+00,7,1775,9,1228
2026-10-04 01:26:32.013+00,7,1775,9,1228
2026-10-04 01:27:32.206+00,7,1775,9,1228
2026-10-04 01:28:32.384+00,7,1775,9,1228
2026-10-04 01:29:32.566+00,7,1775,9,1228
2026-10-04 01:30:32.751+00,7,1775,9,1228
2026-10-04 01:31:34.180+00,7,1775,8,1228
2026-10-04 01:32:36.030+00,7,1775,8,1228
2026-10-04 01:33:36.224+00,7,1775,8,1228
2026-10-04 01:34:36.427+00,7,1775,8,1228
2026-10-04 01:35:36.624+00,7,1775,8,1228
2026-10-04 01:36:36.810+00,7,1775,8,1228
2026-10-04 01:37:40.564+00,7,1775,8,1228
2026-10-04 01:38:40.772+00,7,1775,8,1228
2026-10-04 01:39:40.968+00,7,1775,7,1228
2026-10-04 01:40:41.297+00,7,1775,7,1228
2026-10-04 01:41:41.483+00,7,1775,8,1228
2026-10-04 01:42:41.693+00,7,1775,8,1228
2026-10-04 01:43:43.295+00,7,1775,8,1228
2026-10-04 01:44:43.490+00,7,1775,8,1228
2026-10-04 01:45:43.649+00,7,1775,8,1228
2026-10-04 01:46:43.845+00,7,1775,8,1228
2026-10-04 01:47:44.047+00,7,1775,8,1228
2026-10-04 01:48:45.822+00,7,1775,8,1228
2026-10-04 01:49:46.020+00,7,1775,8,1228
2026-10-04 01:50:46.201+00,7,1775,7,1228
2026-10-04 01:51:46.383+00,7,1775,7,1228
2026-10-04 01:52:46.578+00,7,1775,7,1228
2026-10-04 01:53:46.782+00,7,1775,7,1228
2026-10-04 01:54:48.601+00,7,1775,7,1228
2026-10-04 01:55:48.788+00,7,1775,7,1228
2026-10-04 01:56:48.970+00,7,1775,7,1228
2026-10-04 01:57:49.165+00,7,1775,6,1228
2026-10-04 01:58:49.361+00,7,1775,6,1228
2026-10-04 01:59:51.001+00,7,1775,6,1228
2026-10-04 02:00:51.191+00,7,1775,6,1228
2026-10-04 02:01:51.407+00,7,1775,6,1228
2026-10-04 02:02:51.572+00,7,1775,6,1228
2026-10-04 02:03:51.776+00,7,1775,6,1228
2026-10-04 02:04:51.984+00,7,1775,6,1228
2026-10-04 02:05:53.667+00,7,1775,6,1228
2026-10-04 02:06:53.854+00,7,1775,6,1228
2026-10-04 02:07:54.043+00,7,1775,6,1228
2026-10-04 02:08:54.237+00,7,1775,6,1228
2026-10-04 02:09:54.429+00,7,1775,6,1228
2026-10-04 02:10:56.352+00,7,1775,6,1228
2026-10-04 02:11:56.541+00,7,1775,6,1228
2026-10-04 02:12:56.713+00,7,1775,6,1228
2026-10-04 02:13:56.907+00,7,1775,6,1228
2026-10-04 02:14:57.075+00,7,1775,6,1228
2026-10-04 02:15:57.250+00,7,1775,6,1228
2026-10-04 02:16:59.071+00,7,1775,6,1228
2026-10-04 02:17:59.287+00,7,1775,6,1228
2026-10-04 02:18:59.524+00,7,1775,6,1228
2026-10-04 02:19:59.726+00,7,1775,6,1228
2026-10-04 02:20:59.921+00,7,1775,6,1228
2026-10-04 02:22:00.107+00,7,1775,6,1228
2026-10-04 02:23:01.786+00,7,1775,6,1228
2026-10-04 02:24:01.995+00,7,1775,6,1228
2026-10-04 02:25:02.184+00,7,1775,6,1228
2026-10-04 02:26:02.378+00,7,1775,6,1228
2026-10-04 02:27:02.563+00,7,1775,6,1228
2026-10-04 02:28:02.741+00,7,1775,6,1228
2026-10-04 02:29:04.658+00,7,1775,6,1228
2026-10-04 02:30:04.858+00,7,1775,6,1228
2026-10-04 02:31:05.028+00,7,1775,6,1228
2026-10-04 02:32:05.211+00,7,1775,6,1228
2026-10-04 02:33:05.390+00,7,1775,6,1228
2026-10-04 02:34:07.552+00,7,1775,6,1228
2026-10-04 02:35:09.255+00,7,1775,6,1228
2026-10-04 02:36:09.445+00,7,1775,6,1228
2026-10-04 02:37:09.662+00,7,1775,6,1228
2026-10-04 02:38:09.849+00,7,1775,6,1228
2026-10-04 02:39:10.058+00,7,1775,6,1228
2026-10-04 02:40:11.690+00,7,1775,6,1228
2026-10-04 02:41:11.856+00,7,1775,6,1228
2026-10-04 02:42:12.028+00,7,1775,6,1228
2026-10-04 02:43:12.205+00,7,1775,6,1228
2026-10-04 02:44:12.402+00,7,1775,6,1228
2026-10-04 02:45:12.568+00,7,1775,6,1228
2026-10-04 02:46:14.218+00,7,1775,6,1228
2026-10-04 02:47:14.400+00,7,1775,6,1228
2026-10-04 02:48:14.582+00,7,1775,6,1228
2026-10-04 02:49:14.777+00,7,1775,6,1228
2026-10-04 02:50:14.956+00,7,1775,6,1228
2026-10-04 02:51:15.159+00,7,1775,6,1228
2026-10-04 02:52:16.834+00,7,1775,6,1228
2026-10-04 02:53:17.040+00,7,1775,6,1228
2026-10-04 02:54:17.234+00,7,1775,6,1228
2026-10-04 02:55:17.420+00,7,1775,6,1228
2026-10-04 02:56:17.607+00,7,1775,6,1228
2026-10-04 02:57:19.816+00,7,1775,6,1228
2026-10-04 02:58:20.009+00,7,1775,5,1228
2026-10-04 02:59:20.180+00,7,1775,5,1228
2026-10-04 03:00:20.349+00,7,1775,5,1228
2026-10-04 03:01:20.530+00,7,1775,5,1228
2026-10-04 03:02:20.715+00,7,1775,5,1228
2026-10-04 03:03:20.910+00,7,1775,5,1228
2026-10-04 03:04:22.436+00,7,1775,5,1228
2026-10-04 03:05:22.638+00,7,1775,5,1228
2026-10-04 03:06:22.837+00,7,1775,5,1228
2026-10-04 03:07:23.024+00,7,1775,5,1228
2026-10-04 03:08:23.217+00,7,1775,5,1228
2026-10-04 03:09:23.406+00,7,1775,5,1228
2026-10-04 03:10:25.007+00,7,1775,5,1228
2026-10-04 03:11:25.211+00,7,1775,5,1228
2026-10-04 03:12:25.376+00,7,1775,5,1228
2026-10-04 03:13:25.544+00,7,1775,5,1228
2026-10-04 03:14:25.741+00,7,1775,5,1228
2026-10-04 03:15:27.196+00,7,1775,5,1228
2026-10-04 03:16:27.381+00,7,1775,5,1228
2026-10-04 03:17:27.585+00,7,1775,5,1228
2026-10-04 03:18:27.787+00,7,1775,5,1228
2026-10-04 03:19:27.978+00,7,1775,5,1228
2026-10-04 03:20:28.155+00,7,1775,5,1228
2026-10-04 03:21:29.624+00,7,1775,5,1228
2026-10-04 03:22:29.814+00,7,1775,5,1228
2026-10-04 03:23:30.023+00,7,1775,5,1228
2026-10-04 03:24:30.218+00,7,1775,5,1228
2026-10-04 03:25:30.406+00,7,1775,5,1228
2026-10-04 03:26:30.582+00,7,1775,5,1228
2026-10-04 03:27:32.166+00,7,1775,5,1228
2026-10-04 03:28:32.360+00,7,1775,5,1228
2026-10-04 03:29:32.552+00,7,1775,6,1228
2026-10-04 03:30:32.742+00,7,1775,6,1228
2026-10-04 03:31:32.951+00,7,1775,6,1228
2026-10-04 03:32:34.572+00,7,1775,6,1228
2026-10-04 03:33:34.788+00,7,1775,6,1228
2026-10-04 03:34:34.981+00,7,1775,6,1228
2026-10-04 03:35:35.199+00,7,1775,6,1228
2026-10-04 03:36:35.402+00,7,1775,6,1228
2026-10-04 03:37:35.612+00,7,1775,6,1228
2026-10-04 03:38:37.156+00,7,1775,6,1228
2026-10-04 03:39:37.356+00,7,1775,6,1228
2026-10-04 03:40:37.548+00,7,1775,6,1228
2026-10-04 03:41:37.739+00,7,1775,6,1228
2026-10-04 03:42:37.923+00,7,1775,6,1228
2026-10-04 03:43:38.108+00,7,1775,6,1228
2026-10-04 03:44:39.705+00,7,1775,6,1228
2026-10-04 03:45:39.897+00,7,1775,6,1228
2026-10-04 03:46:40.076+00,7,1775,6,1228
2026-10-04 03:47:40.259+00,7,1775,6,1228
2026-10-04 03:48:40.502+00,7,1775,6,1228
2026-10-04 03:49:42.340+00,7,1775,6,1228
2026-10-04 03:50:42.529+00,7,1775,6,1228
2026-10-04 03:51:42.712+00,7,1775,6,1228
2026-10-04 03:52:42.890+00,7,1775,6,1228
2026-10-04 03:53:43.117+00,7,1775,6,1228
2026-10-04 03:54:44.671+00,7,1775,6,1228
2026-10-04 03:55:46.177+00,7,1775,6,1228
2026-10-04 03:56:46.359+00,7,1775,6,1228
2026-10-04 03:57:46.551+00,7,1775,6,1228
2026-10-04 03:58:46.742+00,7,1775,6,1228
2026-10-04 03:59:46.925+00,7,1775,6,1228
2026-10-04 04:00:48.401+00,7,1775,6,1228
2026-10-04 04:01:48.580+00,7,1775,6,1228
2026-10-04 04:02:48.759+00,7,1775,6,1228
2026-10-04 04:03:48.958+00,7,1775,6,1228
2026-10-04 04:04:49.186+00,7,1775,6,1228
2026-10-04 04:05:49.378+00,7,1775,7,1228
2026-10-04 04:06:50.970+00,7,1775,7,1228
2026-10-04 04:07:51.161+00,7,1775,7,1228
2026-10-04 04:08:51.346+00,7,1775,7,1228
2026-10-04 04:09:51.533+00,7,1775,6,1228
2026-10-04 04:10:51.714+00,7,1775,6,1228
2026-10-04 04:11:51.893+00,7,1775,6,1228
2026-10-04 04:12:53.766+00,7,1775,6,1228
2026-10-04 04:13:53.957+00,7,1775,6,1228
2026-10-04 04:14:54.135+00,7,1775,8,1228
2026-10-04 04:15:54.328+00,7,1775,8,1228
2026-10-04 04:16:54.480+00,7,1775,8,1228
2026-10-04 04:17:55.991+00,7,1775,8,1228
2026-10-04 04:18:57.429+00,7,1775,6,1228
2026-10-04 04:19:57.638+00,7,1775,6,1228
2026-10-04 04:20:57.832+00,7,1775,6,1228
2026-10-04 04:21:58.021+00,7,1775,6,1228
2026-10-04 04:22:58.206+00,7,1775,6,1228
2026-10-04 04:23:59.883+00,7,1775,6,1228
2026-10-04 04:25:00.092+00,7,1775,6,1228
2026-10-04 04:26:00.280+00,7,1775,6,1228
2026-10-04 04:27:00.471+00,7,1775,6,1228
2026-10-04 04:28:00.669+00,7,1775,6,1228
2026-10-04 04:29:00.904+00,7,1775,6,1228
2026-10-04 04:30:02.405+00,7,1775,6,1228
2026-10-04 04:31:02.625+00,7,1775,6,1228
2026-10-04 04:32:02.825+00,7,1775,6,1228
2026-10-04 04:33:03.026+00,7,1775,6,1228
2026-10-04 04:34:03.215+00,7,1775,6,1228
2026-10-04 04:35:03.423+00,7,1775,6,1228
2026-10-04 04:36:05.184+00,7,1775,6,1228
2026-10-04 04:37:05.390+00,7,1775,6,1228
2026-10-04 04:38:05.565+00,7,1775,6,1228
2026-10-04 04:39:05.780+00,7,1775,6,1228
2026-10-04 04:40:05.967+00,7,1775,6,1228
2026-10-04 04:41:09.560+00,7,1775,6,1228
2026-10-04 04:42:11.328+00,7,1775,6,1228
2026-10-04 04:43:11.532+00,7,1775,5,1228
2026-10-04 04:44:11.785+00,7,1775,5,1228
2026-10-04 04:45:12.007+00,7,1775,5,1228
2026-10-04 04:46:12.208+00,7,1775,6,1228
2026-10-04 04:47:13.807+00,7,1775,6,1228
2026-10-04 04:48:15.539+00,7,1775,6,1228
2026-10-04 04:49:15.800+00,7,1775,7,1228
2026-10-04 04:50:15.999+00,7,1775,7,1228
2026-10-04 04:51:16.194+00,7,1775,7,1228
2026-10-04 04:52:16.388+00,7,1775,7,1228
2026-10-04 04:53:16.630+00,7,1775,7,1228
2026-10-04 04:54:18.513+00,7,1775,7,1228
2026-10-04 04:55:18.754+00,7,1775,7,1228
2026-10-04 04:56:18.977+00,7,1775,7,1228
2026-10-04 04:57:19.182+00,7,1775,7,1228
2026-10-04 04:58:19.410+00,7,1775,7,1228
2026-10-04 04:59:19.623+00,7,1775,7,1228
2026-10-04 05:00:21.566+00,7,1775,7,1228
2026-10-04 05:01:21.782+00,7,1775,7,1228
2026-10-04 05:02:21.994+00,7,1775,7,1228
2026-10-04 05:03:22.281+00,7,1775,7,1228
2026-10-04 05:04:22.479+00,7,1775,7,1228
2026-10-04 05:05:22.680+00,7,1775,7,1228
2026-10-04 05:06:24.346+00,7,1775,7,1228
2026-10-04 05:07:24.545+00,7,1775,7,1228
2026-10-04 05:08:24.763+00,7,1775,7,1228
2026-10-04 05:09:25.014+00,7,1775,7,1228
2026-10-04 05:10:25.215+00,7,1775,7,1228
2026-10-04 05:11:25.420+00,7,1775,7,1228
2026-10-04 05:12:27.130+00,7,1775,7,1228
2026-10-04 05:13:27.275+00,7,1775,7,1228
2026-10-04 05:14:27.459+00,7,1775,7,1228
2026-10-04 05:15:27.654+00,7,1775,7,1228
2026-10-04 05:16:27.823+00,7,1775,7,1228
2026-10-04 05:17:29.523+00,7,1775,7,1228
2026-10-04 05:18:29.759+00,7,1775,7,1228
2026-10-04 05:19:29.963+00,7,1775,6,1228
2026-10-04 05:20:30.142+00,7,1775,6,1228
2026-10-04 05:21:30.324+00,7,1775,6,1228
2026-10-04 05:22:30.494+00,7,1775,6,1228
2026-10-04 05:23:32.492+00,7,1775,6,1228
2026-10-04 05:24:32.745+00,7,1775,6,1228
2026-10-04 05:25:32.933+00,7,1775,6,1228
2026-10-04 05:26:33.126+00,7,1775,6,1228
2026-10-04 05:27:33.313+00,7,1775,6,1228
2026-10-04 05:28:33.525+00,7,1775,6,1228
2026-10-04 05:29:35.261+00,7,1775,7,1228
2026-10-04 05:30:35.472+00,7,1775,7,1228
2026-10-04 05:31:35.659+00,7,1775,8,1228
2026-10-04 05:32:35.860+00,7,1775,8,1228
2026-10-04 05:33:36.065+00,7,1775,8,1228
2026-10-04 05:34:36.268+00,7,1775,7,1228
2026-10-04 05:35:37.790+00,7,1775,7,1228
2026-10-04 05:36:38.016+00,7,1775,7,1228
2026-10-04 05:37:38.197+00,7,1775,8,1228
2026-10-04 05:38:38.418+00,7,1775,8,1228
2026-10-04 05:39:38.595+00,7,1775,8,1228
2026-10-04 05:40:38.764+00,7,1775,8,1228
2026-10-04 05:41:40.392+00,7,1775,8,1228
2026-10-04 05:42:40.579+00,7,1775,8,1228
2026-10-04 05:43:40.775+00,7,1775,8,1228
2026-10-04 05:44:40.980+00,7,1775,8,1228
2026-10-04 05:45:41.162+00,7,1775,8,1228
2026-10-04 05:46:41.331+00,7,1775,8,1228
2026-10-04 05:47:42.975+00,7,1775,8,1228
2026-10-04 05:48:43.174+00,7,1775,8,1228
2026-10-04 05:49:43.358+00,7,1775,8,1228
2026-10-04 05:50:43.561+00,7,1775,8,1228
2026-10-04 05:51:43.751+00,7,1775,7,1228
2026-10-04 05:52:43.942+00,7,1775,7,1228
2026-10-04 05:53:45.604+00,7,1775,7,1228
2026-10-04 05:54:45.797+00,7,1775,7,1228
2026-10-04 05:55:46.002+00,7,1775,7,1228
2026-10-04 05:56:46.181+00,7,1775,7,1228
2026-10-04 05:57:46.369+00,7,1775,7,1228
2026-10-04 05:58:46.551+00,7,1775,7,1228
2026-10-04 05:59:48.232+00,7,1775,7,1228
2026-10-04 06:00:48.450+00,0,1775,7,1228
2026-10-04 06:01:48.642+00,0,1775,7,1228
2026-10-04 06:02:48.828+00,0,1775,7,1228
2026-10-04 06:03:49.011+00,0,1775,7,1228
2026-10-04 06:04:49.205+00,0,1775,9,1228
2026-10-04 06:05:50.902+00,0,1775,2,1228
2026-10-04 06:06:51.081+00,0,1775,2,1228
2026-10-04 06:07:51.272+00,0,1775,2,1228
2026-10-04 06:08:51.464+00,0,1775,2,1228
2026-10-04 06:09:51.635+00,0,1775,2,1228
2026-10-04 06:10:53.230+00,0,1775,3,1228
2026-10-04 06:11:53.429+00,0,1775,3,1228
2026-10-04 06:12:53.609+00,0,1775,3,1228
2026-10-04 06:13:53.797+00,2,1775,3,1228
2026-10-04 06:14:53.982+00,2,1775,3,1228
2026-10-04 06:15:54.149+00,3,1775,3,1228
2026-10-04 06:16:55.743+00,3,1775,3,1228
2026-10-04 06:17:55.966+00,3,1775,3,1228
2026-10-04 06:18:56.171+00,3,1775,2,1228
2026-10-04 06:19:56.390+00,3,1775,2,1228
2026-10-04 06:20:56.587+00,3,1775,2,1228
2026-10-04 06:21:56.786+00,3,1775,1,1228
2026-10-04 06:22:58.543+00,3,1775,1,1228
2026-10-04 06:24:00.650+00,3,1775,1,1228
2026-10-04 06:25:00.841+00,3,1775,1,1228
2026-10-04 06:26:01.018+00,3,1775,1,1228
2026-10-04 06:27:01.210+00,4,1775,1,1228
2026-10-04 06:28:01.389+00,4,1775,1,1228
2026-10-04 06:29:03.753+00,4,1775,1,1228
2026-10-04 06:30:03.961+00,4,1775,1,1228
2026-10-04 06:31:04.158+00,4,1775,1,1228
2026-10-04 06:32:04.359+00,4,1775,1,1228
2026-10-04 06:33:04.530+00,4,1775,1,1228
2026-10-04 06:34:06.755+00,4,1775,1,1228
2026-10-04 06:35:08.260+00,4,1775,1,1228
2026-10-04 06:36:08.480+00,4,1775,1,1228
2026-10-04 06:37:08.683+00,4,1775,2,1228
2026-10-04 06:38:08.870+00,4,1775,2,1228
2026-10-04 06:39:09.067+00,4,1775,2,1228
2026-10-04 06:40:09.239+00,4,1775,2,1228
2026-10-04 06:41:11.331+00,4,1775,2,1228
2026-10-04 06:42:11.499+00,4,1775,2,1228
2026-10-04 06:43:11.680+00,4,1775,2,1228
2026-10-04 06:44:11.852+00,4,1775,2,1228
2026-10-04 06:45:12.008+00,4,1775,2,1228
2026-10-04 06:46:13.501+00,4,1775,2,1228
2026-10-04 06:47:13.681+00,4,1775,2,1228
2026-10-04 06:48:13.869+00,4,1775,2,1228
2026-10-04 06:49:14.224+00,4,1775,2,1228
2026-10-04 06:50:14.414+00,4,1775,2,1228
2026-10-04 06:51:14.599+00,4,1775,2,1228
2026-10-04 06:52:16.097+00,4,1775,2,1228
2026-10-04 06:53:16.287+00,4,1775,2,1228
2026-10-04 06:54:16.434+00,4,1775,2,1228
2026-10-04 06:55:16.602+00,4,1775,2,1228
2026-10-04 06:56:16.799+00,4,1775,2,1228
2026-10-04 06:57:18.449+00,4,1775,2,1228
2026-10-04 06:58:18.653+00,4,1775,2,1228
2026-10-04 06:59:18.843+00,4,1775,2,1228
2026-10-04 07:00:19.030+00,4,1775,2,1228
2026-10-04 07:01:19.203+00,4,1775,2,1228
2026-10-04 07:02:19.375+00,4,1775,2,1228
2026-10-04 07:03:20.872+00,4,1775,2,1228
2026-10-04 07:04:21.069+00,4,1775,2,1228
2026-10-04 07:05:21.241+00,4,1775,2,1228
2026-10-04 07:06:21.420+00,4,1775,2,1228
2026-10-04 07:07:21.593+00,4,1775,2,1228
2026-10-04 07:08:21.802+00,4,1775,2,1228
2026-10-04 07:09:23.384+00,4,1775,2,1228
2026-10-04 07:10:23.557+00,4,1775,2,1228
2026-10-04 07:11:23.735+00,4,1775,2,1228
2026-10-04 07:12:23.927+00,4,1775,1,1228
2026-10-04 07:13:24.090+00,4,1775,1,1228
2026-10-04 07:14:25.501+00,4,1775,1,1228
2026-10-04 07:15:26.947+00,4,1775,1,1228
2026-10-04 07:16:27.131+00,4,1775,1,1228
2026-10-04 07:17:27.310+00,4,1775,1,1228
2026-10-04 07:18:27.551+00,4,1775,1,1228
2026-10-04 07:19:27.746+00,4,1775,1,1228
2026-10-04 07:20:27.932+00,5,1775,1,1228
2026-10-04 07:21:29.507+00,5,1775,1,1228
2026-10-04 07:22:29.729+00,5,1775,1,1228
2026-10-04 07:23:29.908+00,5,1775,1,1228
2026-10-04 07:24:30.086+00,5,1775,1,1228
2026-10-04 07:25:30.258+00,5,1775,1,1228
2026-10-04 07:26:31.797+00,5,1775,1,1228
2026-10-04 07:27:31.974+00,5,1775,1,1228
2026-10-04 07:28:32.176+00,5,1775,1,1228
2026-10-04 07:29:32.361+00,5,1775,1,1228
2026-10-04 07:30:32.550+00,5,1775,1,1228
2026-10-04 07:31:32.720+00,5,1775,1,1228
2026-10-04 07:32:34.272+00,5,1775,1,1228
2026-10-04 07:33:34.465+00,5,1775,1,1228
2026-10-04 07:34:34.651+00,5,1775,1,1228
2026-10-04 07:35:34.844+00,5,1775,1,1228
2026-10-04 07:36:35.051+00,6,1775,1,1228
2026-10-04 07:37:35.247+00,6,1775,1,1228
2026-10-04 07:38:36.979+00,6,1775,1,1228
2026-10-04 07:39:37.197+00,6,1775,1,1228
2026-10-04 07:40:37.383+00,6,1775,1,1228
2026-10-04 07:41:37.572+00,6,1775,1,1228
2026-10-04 07:42:37.758+00,6,1775,0,1228
2026-10-04 07:43:38.066+00,6,1775,0,1228
2026-10-04 07:44:39.990+00,6,1775,0,1228
2026-10-04 07:45:40.271+00,6,1775,0,1228
2026-10-04 07:46:40.472+00,6,1775,0,1228
2026-10-04 07:47:40.657+00,6,1775,0,1228
2026-10-04 07:48:40.940+00,6,1775,0,1228
2026-10-04 07:49:41.284+00,6,1775,0,1228
2026-10-04 07:50:43.402+00,6,1775,-1,1228
2026-10-04 07:51:43.599+00,6,1775,-1,1228
2026-10-04 07:52:43.790+00,6,1775,-1,1228
2026-10-04 07:53:43.984+00,6,1775,-1,1228
2026-10-04 07:54:44.173+00,7,1775,-1,1228
2026-10-04 07:55:44.386+00,8,1775,-1,1228
2026-10-04 07:56:46.076+00,8,1775,-1,1228
2026-10-04 07:57:46.287+00,8,1775,-1,1228
2026-10-04 07:58:46.477+00,8,1775,0,1228
2026-10-04 07:59:46.989+00,8,1775,0,1228
2026-10-04 08:00:47.188+00,8,1775,0,1228
2026-10-04 08:01:47.356+00,10,1775,0,1228
2026-10-04 08:02:48.321+00,10,1775,-1,1228
2026-10-04 08:03:48.497+00,10,1775,-1,1228
2026-10-04 08:04:48.722+00,10,1775,-1,1228
2026-10-04 08:05:48.912+00,10,1775,-1,1228
2026-10-04 08:06:49.081+00,10,1775,-1,1228
2026-10-04 08:07:50.663+00,10,1775,-1,1228
2026-10-04 08:08:50.848+00,10,1775,-1,1228
2026-10-04 08:09:51.024+00,10,1775,-1,1228
2026-10-04 08:10:51.210+00,10,1775,-1,1228
2026-10-04 08:11:51.379+00,10,1775,-1,1228
2026-10-04 08:12:53.244+00,10,1775,-1,1228
2026-10-04 08:13:55.384+00,10,1775,-1,1228
2026-10-04 08:14:55.657+00,10,1775,-1,1228
2026-10-04 08:15:55.866+00,10,1775,-1,1228
2026-10-04 08:16:56.085+00,10,1775,-1,1228
2026-10-04 08:17:56.287+00,10,1775,-1,1228
2026-10-04 08:18:57.942+00,11,1775,-1,1228
2026-10-04 08:19:58.164+00,11,1775,-1,1228
2026-10-04 08:20:58.380+00,10,1775,-1,1228
2026-10-04 08:21:58.584+00,10,1775,-1,1228
2026-10-04 08:22:58.777+00,10,1775,-1,1228
2026-10-04 08:24:00.404+00,10,1775,-1,1228
2026-10-04 08:25:00.575+00,10,1775,-1,1228
2026-10-04 08:26:00.751+00,11,1775,-1,1228
2026-10-04 08:27:00.936+00,11,1775,-1,1228
2026-10-04 08:28:01.113+00,11,1775,0,1228
2026-10-04 08:29:01.298+00,11,1775,0,1228
2026-10-04 08:30:01.468+00,11,1775,0,1228
2026-10-04 08:31:03.083+00,11,1775,0,1228
2026-10-04 08:32:03.279+00,11,1775,0,1228
2026-10-04 08:33:03.466+00,11,1775,0,1228
2026-10-04 08:34:03.664+00,11,1775,0,1228
2026-10-04 08:35:03.891+00,11,1775,0,1228
2026-10-04 08:36:05.773+00,11,1775,0,1228
2026-10-04 08:37:05.988+00,11,1775,0,1228
2026-10-04 08:38:06.146+00,11,1775,1,1228
2026-10-04 08:39:06.334+00,11,1775,2,1228
2026-10-04 08:40:06.543+00,12,1775,2,1228
2026-10-04 08:41:06.726+00,12,1775,1,1228
2026-10-04 08:42:08.351+00,11,1775,1,1228
2026-10-04 08:43:08.530+00,11,1775,1,1228
2026-10-04 08:44:08.800+00,11,1775,2,1228
2026-10-04 08:45:09.003+00,11,1775,2,1228
2026-10-04 08:46:09.228+00,11,1775,2,1228
2026-10-04 08:47:10.805+00,12,1775,2,1228
2026-10-04 08:48:10.990+00,11,1775,2,1228
2026-10-04 08:49:11.167+00,12,1775,2,1228
2026-10-04 08:50:11.354+00,12,1775,2,1228
2026-10-04 08:51:11.541+00,12,1775,2,1228
2026-10-04 08:52:11.719+00,12,1775,2,1228
2026-10-04 08:53:13.470+00,12,1775,2,1228
2026-10-04 08:54:13.636+00,12,1775,3,1228
2026-10-04 08:55:13.812+00,13,1775,4,1228
2026-10-04 08:56:14.007+00,13,1775,4,1228
2026-10-04 08:57:14.194+00,13,1775,4,1228
2026-10-04 08:58:15.829+00,13,1775,4,1228
2026-10-04 08:59:17.479+00,13,1775,4,1228
2026-10-04 09:00:17.666+00,14,1775,4,1228
2026-10-04 09:01:17.849+00,14,1775,4,1228
2026-10-04 09:02:18.037+00,14,1775,4,1228
2026-10-04 09:03:18.244+00,14,1775,4,1228
2026-10-04 09:04:20.066+00,14,1775,4,1228
2026-10-04 09:05:20.269+00,17,1775,4,1228
2026-10-04 09:06:20.464+00,17,1775,4,1228
2026-10-04 09:07:20.661+00,17,1775,4,1228
2026-10-04 09:08:20.861+00,17,1775,4,1228
2026-10-04 09:09:21.062+00,17,1775,4,1228
2026-10-04 09:10:22.571+00,17,1775,4,1228
2026-10-04 09:11:22.754+00,17,1775,4,1228
2026-10-04 09:12:22.944+00,17,1775,4,1228
2026-10-04 09:13:23.147+00,18,1775,4,1228
2026-10-04 09:14:23.355+00,18,1775,4,1228
2026-10-04 09:15:23.528+00,18,1775,4,1228
2026-10-04 09:16:25.102+00,18,1775,4,1228
2026-10-04 09:17:25.332+00,18,1775,4,1228
2026-10-04 09:18:25.548+00,18,1775,4,1228
2026-10-04 09:19:25.768+00,19,1775,4,1228
2026-10-04 09:20:25.998+00,19,1775,4,1228
2026-10-04 09:21:27.620+00,21,1775,5,1228
2026-10-04 09:22:29.547+00,21,1775,5,1228
2026-10-04 09:23:29.737+00,21,1775,4,1228
2026-10-04 09:24:29.917+00,22,1775,5,1228
2026-10-04 09:25:30.097+00,22,1775,5,1228
2026-10-04 09:26:30.295+00,22,1775,5,1228
2026-10-04 09:27:31.865+00,22,1775,5,1228
2026-10-04 09:28:33.213+00,22,1775,5,1228
2026-10-04 09:29:33.423+00,23,1775,6,1228
2026-10-04 09:30:33.621+00,24,1775,6,1228
2026-10-04 09:31:33.806+00,24,1775,6,1228
2026-10-04 09:32:33.999+00,23,1775,6,1228
2026-10-04 09:33:35.574+00,23,1775,6,1228
2026-10-04 09:34:35.777+00,24,1775,7,1228
2026-10-04 09:35:35.977+00,24,1775,7,1228
2026-10-04 09:36:36.157+00,24,1775,7,1228
2026-10-04 09:37:36.350+00,24,1775,7,1228
2026-10-04 09:38:36.537+00,24,1775,7,1228
2026-10-04 09:39:38.314+00,24,1775,8,1228
2026-10-04 09:40:38.496+00,24,1775,8,1228
2026-10-04 09:41:38.677+00,25,1775,7,1228
2026-10-04 09:42:38.854+00,25,1775,7,1228
2026-10-04 09:43:39.089+00,25,1775,7,1228
2026-10-04 09:44:40.942+00,26,1775,6,1228
2026-10-04 09:45:41.123+00,26,1775,6,1228
2026-10-04 09:46:41.376+00,26,1775,6,1228
2026-10-04 09:47:41.580+00,26,1775,6,1228
2026-10-04 09:48:41.779+00,26,1775,6,1228
2026-10-04 09:49:41.983+00,26,1775,6,1228
2026-10-04 09:50:43.952+00,25,1775,6,1228
2026-10-04 09:51:44.248+00,25,1775,6,1228
2026-10-04 09:52:44.468+00,25,1775,6,1228
2026-10-04 09:53:44.680+00,25,1775,6,1228
2026-10-04 09:54:44.881+00,26,1775,6,1228
2026-10-04 09:55:45.087+00,26,1775,6,1228
2026-10-04 09:56:46.656+00,28,1775,6,1228
2026-10-04 09:57:46.847+00,28,1775,6,1228
2026-10-04 09:58:47.068+00,28,1775,6,1228
2026-10-04 09:59:47.264+00,28,1775,6,1228
2026-10-04 10:00:47.470+00,29,1775,6,1228
2026-10-04 10:01:49.619+00,29,1775,5,1228
2026-10-04 10:02:51.229+00,29,1775,6,1228
2026-10-04 10:03:51.427+00,29,1775,6,1228
2026-10-04 10:04:51.643+00,29,1775,6,1228
2026-10-04 10:05:51.862+00,29,1775,7,1228
2026-10-04 10:06:52.067+00,29,1775,7,1228
2026-10-04 10:07:53.715+00,29,1775,7,1228
2026-10-04 10:08:53.943+00,30,1775,7,1228
2026-10-04 10:09:54.157+00,31,1775,7,1228
2026-10-04 10:10:54.384+00,31,1775,7,1228
2026-10-04 10:11:54.599+00,31,1775,7,1228
2026-10-04 10:12:59.020+00,32,1775,7,1228
2026-10-04 10:14:01.987+00,34,1775,6,1228
2026-10-04 10:15:03.435+00,34,1775,6,1228
2026-10-04 10:16:03.651+00,34,1775,7,1228
2026-10-04 10:17:03.845+00,34,1775,7,1228
2026-10-04 10:18:04.086+00,37,1775,7,1228
2026-10-04 10:19:05.856+00,39,1775,8,1228
2026-10-04 10:20:06.064+00,39,1775,8,1228
2026-10-04 10:21:06.273+00,39,1775,8,1228
2026-10-04 10:22:06.487+00,37,1775,8,1228
2026-10-04 10:23:06.689+00,37,1775,8,1228
2026-10-04 10:24:06.899+00,37,1775,8,1228
2026-10-04 10:25:08.674+00,37,1775,8,1228
2026-10-04 10:26:08.871+00,38,1775,8,1228
2026-10-04 10:27:09.057+00,38,1775,8,1228
2026-10-04 10:28:09.270+00,38,1775,8,1228
2026-10-04 10:29:09.496+00,38,1775,8,1228
2026-10-04 10:30:09.714+00,38,1775,8,1228
2026-10-04 10:31:11.515+00,38,1775,8,1228
2026-10-04 10:32:11.710+00,38,1775,8,1228
2026-10-04 10:33:11.908+00,38,1775,8,1228
2026-10-04 10:34:12.105+00,38,1775,8,1228
2026-10-04 10:35:12.307+00,38,1775,8,1228
2026-10-04 10:36:12.499+00,38,1775,8,1228
2026-10-04 10:37:15.452+00,39,1775,8,1228
2026-10-04 10:38:15.668+00,42,1775,8,1228
2026-10-04 10:39:15.893+00,42,1775,9,1228
2026-10-04 10:40:16.109+00,42,1775,10,1228
2026-10-04 10:41:16.315+00,45,1775,10,1228
2026-10-04 10:42:17.919+00,46,1775,10,1228
2026-10-04 10:43:18.127+00,47,1775,10,1228
2026-10-04 10:44:18.318+00,49,1775,10,1228
2026-10-04 10:45:18.522+00,50,1775,10,1228
2026-10-04 10:46:18.730+00,50,1775,10,1228
2026-10-04 10:47:18.947+00,50,1775,11,1228
2026-10-04 10:48:21.124+00,50,1775,12,1228
2026-10-04 10:49:21.379+00,51,1775,12,1228
2026-10-04 10:50:21.592+00,51,1775,12,1228
2026-10-04 10:51:21.816+00,53,1775,12,1228
2026-10-04 10:52:22.020+00,52,1775,12,1228
2026-10-04 10:53:22.225+00,52,1775,11,1228
2026-10-04 10:54:23.854+00,53,1775,11,1228
2026-10-04 10:55:24.046+00,53,1775,11,1228
2026-10-04 10:56:24.252+00,53,1775,11,1228
2026-10-04 10:57:24.430+00,53,1775,11,1228
2026-10-04 10:58:24.650+00,54,1775,12,1228
2026-10-04 10:59:24.859+00,56,1775,12,1228
2026-10-04 11:00:26.591+00,56,1775,12,1228
2026-10-04 11:01:26.816+00,56,1775,13,1228
2026-10-04 11:02:27.026+00,61,1775,13,1228
2026-10-04 11:03:27.254+00,61,1775,13,1228
2026-10-04 11:04:27.474+00,61,1775,14,1228
2026-10-04 11:05:29.246+00,63,1775,13,1228
2026-10-04 11:06:29.458+00,62,1775,13,1228
2026-10-04 11:07:29.667+00,65,1775,13,1228
2026-10-04 11:08:29.932+00,65,1775,13,1228
2026-10-04 11:09:30.149+00,66,1775,13,1228
2026-10-04 11:10:30.347+00,67,1775,13,1228
2026-10-04 11:11:32.085+00,65,1775,13,1228
2026-10-04 11:12:32.298+00,67,1775,13,1228
2026-10-04 11:13:32.498+00,67,1775,13,1228
2026-10-04 11:14:32.681+00,67,1775,13,1228
2026-10-04 11:15:32.858+00,67,1775,13,1228
2026-10-04 11:16:33.050+00,67,1775,13,1228
2026-10-04 11:17:35.066+00,68,1775,13,1228
2026-10-04 11:18:35.282+00,67,1775,13,1228
2026-10-04 11:19:35.471+00,66,1775,13,1228
2026-10-04 11:20:35.649+00,66,1775,15,1228
2026-10-04 11:21:35.815+00,67,1775,16,1228
2026-10-04 11:22:37.337+00,68,1775,15,1228
2026-10-04 11:23:37.540+00,67,1775,15,1228
2026-10-04 11:24:37.743+00,68,1775,17,1228
2026-10-04 11:25:37.933+00,70,1775,17,1228
2026-10-04 11:26:38.118+00,70,1775,22,1228
2026-10-04 11:27:38.307+00,71,1775,24,1228
2026-10-04 11:28:40.002+00,71,1775,25,1228
2026-10-04 11:29:40.259+00,71,1775,25,1228
2026-10-04 11:30:40.465+00,72,1775,26,1228
2026-10-04 11:31:40.666+00,71,1775,27,1228
2026-10-04 11:32:40.854+00,72,1775,27,1228
2026-10-04 11:33:42.337+00,72,1775,27,1228
2026-10-04 11:34:44.012+00,72,1775,27,1228
2026-10-04 11:35:44.196+00,72,1775,27,1228
2026-10-04 11:36:44.375+00,74,1775,28,1228
2026-10-04 11:37:44.573+00,73,1775,27,1228
2026-10-04 11:38:44.796+00,72,1775,27,1228
2026-10-04 11:39:45.007+00,74,1775,27,1228
2026-10-04 11:40:45.208+00,74,1775,27,1228
2026-10-04 11:41:45.399+00,74,1775,27,1228
2026-10-04 11:42:45.592+00,72,1775,27,1228
2026-10-04 11:43:45.787+00,73,1775,27,1228
2026-10-04 11:44:46.005+00,73,1775,26,1228
2026-10-04 11:45:47.966+00,73,1775,26,1228
2026-10-04 11:46:48.158+00,73,1775,26,1228
2026-10-04 11:47:48.343+00,73,1775,26,1228
2026-10-04 11:48:48.520+00,74,1775,27,1228
2026-10-04 11:49:48.679+00,74,1775,28,1228
2026-10-04 11:50:48.870+00,76,1775,30,1228
2026-10-04 11:51:50.610+00,76,1775,29,1228
2026-10-04 11:52:50.823+00,78,1775,29,1228
2026-10-04 11:53:51.021+00,77,1775,29,1228
2026-10-04 11:54:51.216+00,78,1775,30,1228
2026-10-04 11:55:51.385+00,77,1775,30,1228
2026-10-04 11:56:51.558+00,77,1775,31,1228
2026-10-04 11:57:53.318+00,76,1775,31,1228
2026-10-04 11:58:53.507+00,78,1775,31,1228
2026-10-04 11:59:53.682+00,79,1775,30,1228
2026-10-04 12:00:53.846+00,79,1775,30,1228
2026-10-04 12:01:54.015+00,79,1775,30,1228
2026-10-04 12:02:55.864+00,80,1775,31,1228
2026-10-04 12:03:56.049+00,79,1775,31,1228
2026-10-04 12:04:56.232+00,81,1775,33,1228
2026-10-04 12:05:56.414+00,81,1775,33,1228
2026-10-04 12:06:56.598+00,83,1775,33,1228
2026-10-04 12:07:56.780+00,83,1775,33,1228
2026-10-04 12:08:58.415+00,84,1775,35,1228
2026-10-04 12:09:58.612+00,83,1775,35,1228
2026-10-04 12:10:58.790+00,84,1775,35,1228
2026-10-04 12:11:58.952+00,85,1775,34,1228
2026-10-04 12:12:59.129+00,85,1775,34,1228
2026-10-04 12:13:59.299+00,87,1775,34,1228
2026-10-04 12:15:00.996+00,90,1775,34,1228
2026-10-04 12:16:01.150+00,90,1775,35,1228
2026-10-04 12:17:01.331+00,90,1775,36,1228
2026-10-04 12:18:01.511+00,92,1775,36,1228
2026-10-04 12:19:01.728+00,97,1775,34,1228
2026-10-04 12:20:03.663+00,96,1775,35,1228
2026-10-04 12:21:05.542+00,96,1775,37,1228
2026-10-04 12:22:05.713+00,98,1775,35,1228
2026-10-04 12:23:05.860+00,98,1775,35,1228
2026-10-04 12:24:06.017+00,98,1775,35,1228
2026-10-04 12:25:06.189+00,100,1775,35,1228
2026-10-04 12:26:07.729+00,101,1775,35,1228
2026-10-04 12:27:07.933+00,100,1775,35,1228
2026-10-04 12:28:08.110+00,102,1775,35,1228
2026-10-04 12:29:08.277+00,103,1775,35,1228
2026-10-04 12:30:08.446+00,105,1775,37,1228
2026-10-04 12:31:08.618+00,105,1775,39,1228
2026-10-04 12:32:10.790+00,105,1775,42,1228
2026-10-04 12:33:10.983+00,105,1775,42,1228
2026-10-04 12:34:11.163+00,106,1775,44,1228
2026-10-04 12:35:11.338+00,106,1775,44,1228
2026-10-04 12:36:11.557+00,110,1775,43,1228
2026-10-04 12:37:13.045+00,110,1775,42,1228
2026-10-04 12:38:13.240+00,111,1775,43,1228
2026-10-04 12:39:13.439+00,114,1775,45,1228
2026-10-04 12:40:13.625+00,116,1775,46,1228
2026-10-04 12:41:13.794+00,117,1775,46,1228
2026-10-04 12:42:13.954+00,116,1775,46,1228
2026-10-04 12:43:14.156+00,118,1775,46,1228
2026-10-04 12:44:16.163+00,120,1775,47,1228
2026-10-04 12:45:16.370+00,122,1775,48,1228
2026-10-04 12:46:16.563+00,123,1775,48,1228
2026-10-04 12:47:16.779+00,120,1775,49,1228
2026-10-04 12:48:16.973+00,118,1775,50,1228
2026-10-04 12:49:19.847+00,119,1775,52,1228
2026-10-04 12:50:24.597+00,119,1775,52,1228
2026-10-04 12:51:24.860+00,122,1775,51,1228
2026-10-04 12:52:25.050+00,123,1775,53,1228
2026-10-04 12:53:25.756+00,123,1775,56,1228
2026-10-04 12:54:27.637+00,123,1775,57,1228
2026-10-04 12:55:27.823+00,123,1775,57,1228
2026-10-04 12:56:28.035+00,124,1775,58,1228
2026-10-04 12:57:28.232+00,123,1775,58,1228
2026-10-04 12:58:28.444+00,127,1775,57,1228
2026-10-04 12:59:30.070+00,128,1775,56,1228
2026-10-04 13:00:31.902+00,129,1775,55,1228
2026-10-04 13:01:32.106+00,129,1775,59,1228
2026-10-04 13:02:32.298+00,133,1775,59,1228
2026-10-04 13:03:32.475+00,130,1775,59,1228
2026-10-04 13:04:32.668+00,128,1775,59,1228
2026-10-04 13:05:32.850+00,129,1775,63,1228
2026-10-04 13:06:34.675+00,129,1775,63,1228
2026-10-04 13:07:34.888+00,129,1775,63,1228
2026-10-04 13:08:35.096+00,130,1775,63,1228
2026-10-04 13:09:35.284+00,129,1775,62,1228
2026-10-04 13:10:35.509+00,127,1775,63,1228
2026-10-04 13:11:35.730+00,126,1775,63,1228
2026-10-04 13:12:37.406+00,126,1775,62,1228
2026-10-04 13:13:37.629+00,125,1775,61,1228
2026-10-04 13:14:37.819+00,127,1775,61,1228
2026-10-04 13:15:38.063+00,126,1775,61,1228
2026-10-04 13:16:40.084+00,128,1775,64,1228
2026-10-04 13:17:40.266+00,129,1775,64,1228
2026-10-04 13:18:40.461+00,130,1775,67,1228
2026-10-04 13:19:40.649+00,133,1775,67,1228
2026-10-04 13:20:40.840+00,134,1775,69,1228
2026-10-04 13:21:41.034+00,136,1775,69,1228
2026-10-04 13:22:42.595+00,136,1775,69,1228
2026-10-04 13:23:42.822+00,137,1775,69,1228
2026-10-04 13:24:43.002+00,138,1775,71,1228
2026-10-04 13:25:43.175+00,139,1775,73,1228
2026-10-04 13:26:43.382+00,140,1775,73,1228
2026-10-04 13:27:43.554+00,140,1775,74,1228
2026-10-04 13:28:45.293+00,140,1775,78,1228
2026-10-04 13:29:45.470+00,142,1775,78,1228
2026-10-04 13:30:45.661+00,147,1775,78,1228
2026-10-04 13:31:45.958+00,145,1775,78,1228
2026-10-04 13:32:46.180+00,150,1775,79,1228
2026-10-04 13:33:47.795+00,152,1775,80,1228
2026-10-04 13:34:49.915+00,150,1775,80,1228
2026-10-04 13:35:50.085+00,151,1775,80,1228
2026-10-04 13:36:50.253+00,151,1775,82,1228
2026-10-04 13:37:50.427+00,152,1775,82,1228
2026-10-04 13:38:50.609+00,155,1775,80,1228
2026-10-04 13:39:52.335+00,153,1775,80,1228
2026-10-04 13:40:52.522+00,153,1775,79,1228
2026-10-04 13:41:52.704+00,156,1775,81,1228
2026-10-04 13:42:52.898+00,155,1775,82,1228
2026-10-04 13:43:53.072+00,156,1775,82,1228
2026-10-04 13:44:53.268+00,157,1775,79,1228
2026-10-04 13:45:55.410+00,158,1775,80,1228
2026-10-04 13:46:55.636+00,159,1775,83,1228
2026-10-04 13:47:55.835+00,157,1775,82,1228
2026-10-04 13:48:56.083+00,158,1775,83,1228
2026-10-04 13:49:56.295+00,161,1775,83,1228